evaluation_mode,policy,threshold,calibration_method,persistence_requirement_windows,stability_threshold,cluster_cooldown_seconds,authorization_windows_per_hour_mean,authorization_windows_per_hour_std,authorization_clusters_per_hour_mean,authorization_clusters_per_hour_std,false_authorization_clusters_per_hour_mean,false_authorization_clusters_per_hour_std,event_level_coverage_mean,event_level_coverage_std,median_lead_time_seconds_mean,median_lead_time_seconds_std,mean_s_t_authorized_mean,mean_s_t_authorized_std
within_subject_chronological,Fixed threshold,0.5,raw,1,,0.0,95.98716239895992,19.184768651539557,44.114041603075016,8.83924976333171,40.36870046916512,10.507238791146468,1.0,0.0,259.5,49.85980344927164,0.6653292003599918,0.047593151199477
within_subject_chronological,Threshold + temporal persistence,0.5,raw,2,,0.0,45.114490418857045,16.754627199168134,18.05635803515912,5.386597834864063,15.666446215589849,5.425052882770483,1.0,0.0,155.3,149.3718514312519,0.7709575712857888,0.064178947153275
within_subject_chronological,Threshold + attribution-stability gate,0.5,raw,1,0.4,0.0,89.86829856989429,17.960992660411225,41.495089593578655,6.795618544760692,37.8658911310836,8.518726817158052,1.0,0.0,245.3,79.02815953823043,0.6935339318297248,0.0431342697577229
within_subject_chronological,Threshold + calibration-aware gate,0.5,raw + isotonic,1,,0.0,15.917828839522922,10.41688668212765,4.82219716239896,2.4117711308248557,3.532575886043751,1.9627858171435568,1.0,0.0,72.1,105.26775384703522,0.7719006170739606,0.0852915284082529
within_subject_chronological,Full governed policy,0.5,isotonic,2,0.4,0.0,10.380915719857557,9.277629035198665,1.6698106381776046,0.9153755329247296,0.951047990503646,0.7951046445223063,0.9333333333333332,0.149071198499986,26.1,92.50297292519846,0.846340695331046,0.0732324596514771
held_out_subject,Fixed threshold,0.5,raw,1,,0.0,270.05090195443285,118.00691574496376,88.38225303563718,30.051504793877623,84.44387097662545,29.56610019330604,1.0,0.0,235.8,60.70172979413354,0.5775537245109468,0.0474239769260048
held_out_subject,Threshold + temporal persistence,0.5,raw,2,,0.0,160.8183219315646,101.8976496769426,49.13525242190837,16.77141909138897,46.01417943703767,16.68740584252482,1.0,0.0,184.0,113.47466677633383,0.6575676678278801,0.0488151513949007
held_out_subject,Threshold + attribution-stability gate,0.5,raw,1,0.4,0.0,229.32708434879964,104.79319945488903,79.1809264567975,26.54885151411193,75.22900173454697,26.258581181938048,1.0,0.0,234.6,61.31313073070075,0.642045760767749,0.0406680161518565
held_out_subject,Threshold + calibration-aware gate,0.5,raw + isotonic,1,,0.0,10.006239667750297,13.768864839295029,3.3073566313087484,4.666429468463995,2.697707947660958,4.604539961660347,0.76,0.293187966454064,7.7,57.52999217799356,0.7394995812473016,0.1013888347550823
held_out_subject,Full governed policy,0.5,isotonic,2,0.4,0.0,5.803779153152816,7.758035377272877,1.7232353903249389,2.0952283950182222,1.1724673612602805,2.048835401432555,0.76,0.293187966454064,-17.4,10.80740486888504,0.8341269841269842,0.083043456344476
