model,feature,n_folds,importance_mean,importance_std,rank
lightgbm,rel_bp_alpha,10,245.5,40.07562295904526,1
lightgbm,line_length,10,245.1,83.43786776864434,2
lightgbm,rel_bp_theta,10,228.0,41.00406483915142,3
lightgbm,hjorth_complexity,10,209.2,21.68870673876154,4
lightgbm,bp_gamma,10,208.1,44.6453929438538,5
lightgbm,zero_crossing_rate,10,196.6,41.18306016366978,6
lightgbm,kurtosis,10,172.0,37.19318934070233,7
lightgbm,hjorth_mobility,10,168.3,38.29722937469208,8
lightgbm,rel_bp_beta,10,165.7,35.87958255671942,9
lightgbm,rel_bp_delta,10,142.1,33.1275313498204,10
lightgbm,bp_alpha,10,140.5,20.598004218316348,11
lightgbm,rel_bp_gamma,10,136.3,32.055680723807235,12
lightgbm,bp_beta,10,131.6,16.297239029970694,13
lightgbm,skewness,10,128.0,39.947187357532165,14
lightgbm,spectral_entropy,10,122.6,22.993718949119803,15
logistic_regression,rms_amplitude,10,2.651994884580765,1.06371637955057,1
logistic_regression,hjorth_activity,10,2.080579475810044,0.8323582931274457,2
logistic_regression,variance,10,2.080579475810044,0.8323582931274457,3
logistic_regression,line_length,10,1.7396139065964547,1.859720206643744,4
logistic_regression,rel_bp_delta,10,1.5241621477247809,0.8262673733986544,5
logistic_regression,bp_delta,10,1.5101703589668392,0.9516386936486441,6
logistic_regression,bp_gamma,10,1.4430554851132238,0.9572752792230379,7
logistic_regression,spectral_entropy,10,1.306774943798652,1.3355066913471116,8
logistic_regression,rel_bp_gamma,10,1.2976748980236104,1.2748828559668053,9
logistic_regression,bp_theta,10,1.2624835526313172,0.5103624697901534,10
logistic_regression,zero_crossing_rate,10,1.0879982058883815,1.2159217096738815,11
logistic_regression,hjorth_mobility,10,1.075525106638319,1.1279881296714687,12
logistic_regression,bp_beta,10,1.043654316465525,0.7138818741323277,13
logistic_regression,rel_bp_alpha,10,0.7296442043007605,0.45842498130437587,14
logistic_regression,bp_alpha,10,0.7168578111579813,0.7034182408903371,15
random_forest,rel_bp_alpha,10,0.07672031394146346,0.030126654483066125,1
random_forest,line_length,10,0.06596194305726678,0.015157957116886372,2
random_forest,bp_alpha,10,0.06127825443624293,0.014391003661111854,3
random_forest,bp_gamma,10,0.061131141932812695,0.014253930341286105,4
random_forest,zero_crossing_rate,10,0.060187446749153786,0.017921900565392928,5
random_forest,rel_bp_theta,10,0.05952100751685015,0.02190752833704284,6
random_forest,hjorth_mobility,10,0.05298271361640576,0.011394732259854969,7
random_forest,rel_bp_gamma,10,0.05276412687069206,0.01587065096359758,8
random_forest,bp_theta,10,0.051927937531563315,0.012420795049004889,9
random_forest,hjorth_complexity,10,0.051772999937570605,0.008551258715213008,10
random_forest,rel_bp_beta,10,0.05113512163670862,0.014462391534149702,11
random_forest,bp_beta,10,0.04877555678152594,0.008695075124733637,12
random_forest,spectral_entropy,10,0.04516130547875398,0.008968891629402967,13
random_forest,rel_bp_delta,10,0.04424699617111967,0.010127116037420813,14
random_forest,bp_delta,10,0.04195045881746044,0.011697562892041031,15
