evaluation_mode,fold_id,fold_subject_id,test_hours,model,policy,authorized_windows,authorization_windows_per_hour,false_authorization_windows_per_hour,window_level_sensitivity,mean_s_t_triggered,median_s_t_triggered,triggered_windows_with_s_t,test_positive_windows,test_windows
within_subject_chronological,within_chb01,chb01,6.552222222222222,lightgbm,Fixed threshold,752,114.77022214685432,80.12548753603527,0.5703517587939698,0.6212457464121912,0.6666666666666666,751,398,11785
within_subject_chronological,within_chb01,chb01,6.552222222222222,lightgbm,Temporal persistence,383,58.45345090724097,32.81329489570968,0.4221105527638191,0.6825189605868458,0.6666666666666666,383,398,11785
within_subject_chronological,within_chb01,chb01,6.552222222222222,lightgbm,Attribution-stability gating,361,55.09581142954044,30.829235204341188,0.3994974874371859,0.7088774567998946,0.6666666666666666,361,398,11785
within_subject_chronological,within_chb02,chb02,4.0,lightgbm,Fixed threshold,563,140.75,138.0,0.0709677419354838,0.5033127519806029,0.4285714285714285,563,155,7196
within_subject_chronological,within_chb02,chb02,4.0,lightgbm,Temporal persistence,154,38.5,37.75,0.0193548387096774,0.5919398062255204,0.6666666666666666,154,155,7196
within_subject_chronological,within_chb02,chb02,4.0,lightgbm,Attribution-stability gating,141,35.25,34.5,0.0193548387096774,0.6244511989192839,0.6666666666666666,141,155,7196
within_subject_chronological,within_chb03,chb03,5.0,lightgbm,Fixed threshold,840,168.0,161.4,0.0617977528089887,0.6851126624666554,0.6666666666666666,839,534,8995
within_subject_chronological,within_chb03,chb03,5.0,lightgbm,Temporal persistence,522,104.4,101.2,0.0299625468164794,0.7626117496807151,0.6666666666666666,522,534,8995
within_subject_chronological,within_chb03,chb03,5.0,lightgbm,Attribution-stability gating,519,103.8,100.6,0.0299625468164794,0.7655748233782915,0.6666666666666666,519,534,8995
within_subject_chronological,within_chb05,chb05,6.0,lightgbm,Fixed threshold,1125,187.5,152.83333333333334,0.3371150729335494,0.5483074902558889,0.4285714285714285,1124,617,10794
within_subject_chronological,within_chb05,chb05,6.0,lightgbm,Temporal persistence,536,89.33333333333333,61.0,0.2755267423014587,0.663823738450604,0.6666666666666666,536,617,10794
within_subject_chronological,within_chb05,chb05,6.0,lightgbm,Attribution-stability gating,485,80.83333333333333,53.333333333333336,0.2674230145867098,0.7081983308787433,0.6666666666666666,485,617,10794
within_subject_chronological,within_chb08,chb08,6.0,lightgbm,Fixed threshold,646,107.66666666666669,87.33333333333333,0.4326241134751773,0.6620042753943683,0.6666666666666666,646,282,10794
within_subject_chronological,within_chb08,chb08,6.0,lightgbm,Temporal persistence,315,52.5,34.0,0.3936170212765957,0.7540438397581255,0.6666666666666666,315,282,10794
within_subject_chronological,within_chb08,chb08,6.0,lightgbm,Attribution-stability gating,315,52.5,34.0,0.3936170212765957,0.7540438397581255,0.6666666666666666,315,282,10794
held_out_subject,loso_chb01,chb01,18.552222222222223,lightgbm,Fixed threshold,4775,257.3815655506977,242.7741510450979,0.2123824451410658,0.5605428877318278,0.6666666666666666,4774,1276,33373
held_out_subject,loso_chb01,chb01,18.552222222222223,lightgbm,Temporal persistence,2264,122.03389830508472,111.63083188596754,0.1512539184952978,0.6426468113747266,0.6666666666666666,2264,1276,33373
held_out_subject,loso_chb01,chb01,18.552222222222223,lightgbm,Attribution-stability gating,2134,115.0266514942804,105.21650595915432,0.1426332288401254,0.6669567545856205,0.6666666666666666,2134,1276,33373
held_out_subject,loso_chb02,chb02,8.266388888888889,lightgbm,Fixed threshold,3295,398.602103565308,374.77065761618337,0.4358407079646018,0.716373444743208,0.6666666666666666,3294,452,14870
held_out_subject,loso_chb02,chb02,8.266388888888889,lightgbm,Temporal persistence,2335,282.46916899089354,263.3556235088545,0.3495575221238938,0.7885540940144795,0.6666666666666666,2335,452,14870
held_out_subject,loso_chb02,chb02,8.266388888888889,lightgbm,Attribution-stability gating,2270,274.60600154575087,255.4924560637118,0.3495575221238938,0.8046360394378016,1.0,2270,452,14870
held_out_subject,loso_chb03,chb03,13.0,lightgbm,Fixed threshold,1755,135.0,119.07692307692308,0.1648089171974522,0.5273662551440329,0.4285714285714285,1755,1256,23387
held_out_subject,loso_chb03,chb03,13.0,lightgbm,Temporal persistence,835,64.23076923076923,52.92307692307692,0.1170382165605095,0.6165383518676932,0.6666666666666666,835,1256,23387
held_out_subject,loso_chb03,chb03,13.0,lightgbm,Attribution-stability gating,777,59.76923076923077,49.84615384615385,0.1027070063694267,0.6449715021143594,0.6666666666666666,777,1256,23387
held_out_subject,loso_chb05,chb05,14.002777777777778,lightgbm,Fixed threshold,5578,398.3495338226542,360.928387224757,0.5082444228903976,0.6345404002859593,0.6666666666666666,5573,1031,25191
held_out_subject,loso_chb05,chb05,14.002777777777778,lightgbm,Temporal persistence,4226,301.797262447927,269.58936718904977,0.4374393792434529,0.683835515591313,0.6666666666666666,4226,1031,25191
held_out_subject,loso_chb05,chb05,14.002777777777778,lightgbm,Attribution-stability gating,4023,287.300138861337,255.94921642531244,0.4258001939864209,0.7062722677935206,0.6666666666666666,4023,1031,25191
held_out_subject,loso_chb08,chb08,14.0,lightgbm,Fixed threshold,2833,202.3571428571429,174.64285714285714,0.3201320132013201,0.5402023921621378,0.4285714285714285,2832,1212,25186
held_out_subject,loso_chb08,chb08,14.0,lightgbm,Temporal persistence,1359,97.07142857142856,75.71428571428571,0.2466996699669967,0.5967623252391464,0.6666666666666666,1359,1212,25186
held_out_subject,loso_chb08,chb08,14.0,lightgbm,Attribution-stability gating,1219,87.07142857142857,66.85714285714286,0.2334983498349835,0.6379546076018595,0.6666666666666666,1219,1212,25186
