evaluation_mode,fold_id,fold_subject_id,test_hours,model,model_label,policy,threshold,calibration_method,persistence_requirement_windows,stability_threshold,cluster_cooldown_seconds,authorized_windows,authorization_rate,authorization_windows_per_hour,false_authorization_windows,false_authorization_windows_per_hour,positive_authorization_rate,window_level_sensitivity,mean_s_t_authorized,authorization_clusters,false_authorization_clusters,median_authorization_cluster_duration_seconds,authorization_clusters_per_hour,false_authorization_clusters_per_hour,seizure_events,events_with_authorization,pre_onset_authorizations,event_level_coverage,median_lead_time_seconds,median_latency_seconds
within_subject_chronological,within_chb01,chb01,6.552222222222222,logistic_regression,Logistic regression,Fixed threshold,0.5,raw,1,,0.0,2238,0.18990241832838353,341.5635068678989,1884,287.5360352721723,0.1581769436997319,0.8894472361809045,0.7362114271510245,489,475,6.0,74.63116839070713,72.49448872307953,2,2,2,1.0,299.5,-299.5
within_subject_chronological,within_chb01,chb01,6.552222222222222,logistic_regression,Logistic regression,Threshold + temporal persistence,0.5,raw,2,,0.0,1600,0.1357658039881205,244.19196201458368,1267,193.36950992029844,0.208125,0.8366834170854272,0.7656225198412697,364,343,6.0,55.553671358317786,52.34865185687638,2,2,2,1.0,299.5,-299.5
within_subject_chronological,within_chb01,chb01,6.552222222222222,logistic_regression,Logistic regression,Threshold + attribution-stability gate,0.5,raw,1,0.4,0.0,2132,0.18090793381417056,325.38578938443277,1785,272.42665762251994,0.1627579737335835,0.871859296482412,0.7608996694362548,473,456,6.0,72.1892487705613,69.59470917415635,2,2,2,1.0,299.5,-299.5
within_subject_chronological,within_chb01,chb01,6.552222222222222,logistic_regression,Logistic regression,Threshold + calibration-aware gate,0.5,raw + isotonic,1,,0.0,144,0.012218922358930843,21.97727658131253,64,9.767678480583347,0.5555555555555556,0.20100502512562815,0.8605599647266314,21,16,4.0,3.2050195014414107,2.441919620145837,2,2,0,1.0,-6.5,6.5
within_subject_chronological,within_chb01,chb01,6.552222222222222,logistic_regression,Logistic regression,Full governed policy,0.5,isotonic,2,0.4,0.0,123,0.010436996181586763,18.77225707987112,48,7.32575886043751,0.6097560975609756,0.1884422110552764,0.8877274487030584,6,3,39.0,0.9157198575546888,0.4578599287773444,2,2,0,1.0,-13.5,13.5
within_subject_chronological,within_chb01,chb01,6.552222222222222,random_forest,Random forest,Fixed threshold,0.5,raw,1,,0.0,93,0.007891387356809504,14.193657792097676,16,2.441919620145837,0.8279569892473119,0.1934673366834171,1.0,25,12,4.0,3.81549940647787,1.8314397151093775,2,2,2,1.0,168.5,-168.5
within_subject_chronological,within_chb01,chb01,6.552222222222222,random_forest,Random forest,Threshold + temporal persistence,0.5,raw,2,,0.0,64,0.00543063215952482,9.767678480583347,3,0.4578599287773444,0.953125,0.15326633165829145,1.0,9,2,6.0,1.3735797863320331,0.3052399525182296,2,2,1,1.0,104.5,-104.5
within_subject_chronological,within_chb01,chb01,6.552222222222222,random_forest,Random forest,Threshold + attribution-stability gate,0.5,raw,1,0.4,0.0,93,0.007891387356809504,14.193657792097676,16,2.441919620145837,0.8279569892473119,0.1934673366834171,1.0,25,12,4.0,3.81549940647787,1.8314397151093775,2,2,2,1.0,168.5,-168.5
within_subject_chronological,within_chb01,chb01,6.552222222222222,random_forest,Random forest,Threshold + calibration-aware gate,0.5,raw + isotonic,1,,0.0,74,0.006279168434450573,11.293878243174495,8,1.2209598100729184,0.8918918918918919,0.1658291457286432,1.0,19,6,4.0,2.8997795489231812,0.9157198575546888,2,2,1,1.0,105.5,-105.5
within_subject_chronological,within_chb01,chb01,6.552222222222222,random_forest,Random forest,Full governed policy,0.5,isotonic,2,0.4,0.0,53,0.004497242257106492,8.088858741733084,2,0.3052399525182296,0.9622641509433962,0.12814070351758794,1.0,8,2,6.0,1.2209598100729184,0.3052399525182296,2,2,1,1.0,100.5,-100.5
within_subject_chronological,within_chb01,chb01,6.552222222222222,lightgbm,LightGBM,Fixed threshold,0.5,raw,1,,0.0,618,0.05243954179041154,94.31914532813295,392,59.827030693573,0.3656957928802589,0.5678391959798995,0.6533598312366546,224,182,6.0,34.18687468204172,27.776835679158893,2,2,2,1.0,298.5,-298.5
within_subject_chronological,within_chb01,chb01,6.552222222222222,lightgbm,LightGBM,Threshold + temporal persistence,0.5,raw,2,,0.0,333,0.028256257955027578,50.822452094285225,167,25.48753603527217,0.4984984984984985,0.41708542713567837,0.6927999427999428,133,95,4.0,20.29845684246227,14.498897744615906,2,2,2,1.0,294.5,-294.5
within_subject_chronological,within_chb01,chb01,6.552222222222222,lightgbm,LightGBM,Threshold + attribution-stability gate,0.5,raw,1,0.4,0.0,582,0.04938481120067883,88.82482618280481,365,55.7062913345769,0.37285223367697595,0.5452261306532663,0.6782850597283587,226,183,4.0,34.49211463455995,27.929455655418007,2,2,2,1.0,298.5,-298.5
within_subject_chronological,within_chb01,chb01,6.552222222222222,lightgbm,LightGBM,Threshold + calibration-aware gate,0.5,raw + isotonic,1,,0.0,104,0.008824777259227833,15.87247753094794,28,4.273359335255215,0.7307692307692307,0.19095477386934673,0.6904761904761904,36,24,4.0,5.494319145328133,3.662879430218755,2,2,2,1.0,181.5,-181.5
within_subject_chronological,within_chb01,chb01,6.552222222222222,lightgbm,LightGBM,Full governed policy,0.5,isotonic,2,0.4,0.0,59,0.0050063640220619435,9.004578599287774,2,0.3052399525182296,0.9661016949152542,0.14321608040201006,0.7812752219531881,6,2,13.0,0.9157198575546888,0.3052399525182296,2,2,0,1.0,-18.5,18.5
within_subject_chronological,within_chb02,chb02,4.0,logistic_regression,Logistic regression,Fixed threshold,0.5,raw,1,,0.0,4484,0.623123957754308,1121.0,4418,1104.5,0.014719000892060661,0.4258064516129032,0.721102221938902,565,556,12.0,141.25,139.0,1,1,1,1.0,299.0,-299.0
within_subject_chronological,within_chb02,chb02,4.0,logistic_regression,Logistic regression,Threshold + temporal persistence,0.5,raw,2,,0.0,3578,0.4972206781545303,894.5,3521,880.25,0.01593068753493572,0.36774193548387096,0.7353025987738118,721,713,8.0,180.25,178.25,1,1,1,1.0,299.0,-299.0
within_subject_chronological,within_chb02,chb02,4.0,logistic_regression,Logistic regression,Threshold + attribution-stability gate,0.5,raw,1,0.4,0.0,4293,0.5965814341300723,1073.25,4228,1057.0,0.015140927090612625,0.41935483870967744,0.7425155014253547,594,585,12.0,148.5,146.25,1,1,1,1.0,299.0,-299.0
within_subject_chronological,within_chb02,chb02,4.0,logistic_regression,Logistic regression,Threshold + calibration-aware gate,0.5,raw + isotonic,1,,0.0,3,0.0004168982768204558,0.75,2,0.5,0.3333333333333333,0.0064516129032258064,0.5873015873015873,3,2,4.0,0.75,0.5,1,1,0,1.0,-3.0,3.0
within_subject_chronological,within_chb02,chb02,4.0,logistic_regression,Logistic regression,Full governed policy,0.5,isotonic,2,0.4,0.0,0,0.0,0.0,0,0.0,,0.0,,0,0,,0.0,0.0,1,0,0,0.0,,
within_subject_chronological,within_chb02,chb02,4.0,random_forest,Random forest,Fixed threshold,0.5,raw,1,,0.0,9,0.0012506948304613673,2.25,5,1.25,0.4444444444444444,0.025806451612903226,1.0,6,5,4.0,1.5,1.25,1,1,0,1.0,-1.0,1.0
within_subject_chronological,within_chb02,chb02,4.0,random_forest,Random forest,Threshold + temporal persistence,0.5,raw,2,,0.0,3,0.0004168982768204558,0.75,0,0.0,1.0,0.01935483870967742,1.0,1,0,8.0,0.25,0.0,1,1,0,1.0,-3.0,3.0
within_subject_chronological,within_chb02,chb02,4.0,random_forest,Random forest,Threshold + attribution-stability gate,0.5,raw,1,0.4,0.0,9,0.0012506948304613673,2.25,5,1.25,0.4444444444444444,0.025806451612903226,1.0,6,5,4.0,1.5,1.25,1,1,0,1.0,-1.0,1.0
within_subject_chronological,within_chb02,chb02,4.0,random_forest,Random forest,Threshold + calibration-aware gate,0.5,raw + isotonic,1,,0.0,9,0.0012506948304613673,2.25,5,1.25,0.4444444444444444,0.025806451612903226,1.0,6,5,4.0,1.5,1.25,1,1,0,1.0,-1.0,1.0
within_subject_chronological,within_chb02,chb02,4.0,random_forest,Random forest,Full governed policy,0.5,isotonic,2,0.4,0.0,3,0.0004168982768204558,0.75,0,0.0,1.0,0.01935483870967742,1.0,1,0,8.0,0.25,0.0,1,1,0,1.0,-3.0,3.0
within_subject_chronological,within_chb02,chb02,4.0,lightgbm,LightGBM,Fixed threshold,0.5,raw,1,,0.0,353,0.0490550305725403,88.25,343,85.75,0.028328611898016998,0.06451612903225806,0.6126849228832232,227,222,4.0,56.75,55.5,1,1,1,1.0,237.0,-237.0
within_subject_chronological,within_chb02,chb02,4.0,lightgbm,LightGBM,Threshold + temporal persistence,0.5,raw,2,,0.0,105,0.014591439688715954,26.25,101,25.25,0.0380952380952381,0.025806451612903226,0.7746031746031745,67,66,4.0,16.75,16.5,1,1,0,1.0,-1.0,1.0
within_subject_chronological,within_chb02,chb02,4.0,lightgbm,LightGBM,Threshold + attribution-stability gate,0.5,raw,1,0.4,0.0,319,0.0443301834352418,79.75,310,77.5,0.02821316614420063,0.05806451612903226,0.6530825496342737,207,202,4.0,51.75,50.5,1,1,1,1.0,237.0,-237.0
within_subject_chronological,within_chb02,chb02,4.0,lightgbm,LightGBM,Threshold + calibration-aware gate,0.5,raw + isotonic,1,,0.0,7,0.0009727626459143969,1.75,3,0.75,0.5714285714285714,0.025806451612903226,0.7619047619047619,3,2,6.0,0.75,0.5,1,1,0,1.0,-1.0,1.0
within_subject_chronological,within_chb02,chb02,4.0,lightgbm,LightGBM,Full governed policy,0.5,isotonic,2,0.4,0.0,4,0.0005558643690939411,1.0,1,0.25,0.75,0.01935483870967742,0.8333333333333333,2,1,6.0,0.5,0.25,1,1,0,1.0,-3.0,3.0
within_subject_chronological,within_chb03,chb03,5.0,logistic_regression,Logistic regression,Fixed threshold,0.5,raw,1,,0.0,4180,0.46470261256253476,836.0,3992,798.4,0.044976076555023926,0.352059925093633,0.7238152198678515,560,533,6.0,112.0,106.6,3,3,3,1.0,300.0,-300.0
within_subject_chronological,within_chb03,chb03,5.0,logistic_regression,Logistic regression,Threshold + temporal persistence,0.5,raw,2,,0.0,3420,0.3802112284602557,684.0,3263,652.6,0.04590643274853801,0.2940074906367041,0.7469553513413163,524,504,6.0,104.8,100.8,3,3,3,1.0,298.0,-298.0
within_subject_chronological,within_chb03,chb03,5.0,logistic_regression,Logistic regression,Threshold + attribution-stability gate,0.5,raw,1,0.4,0.0,3918,0.43557531962201224,783.6,3742,748.4,0.04492087799897907,0.3295880149812734,0.7572862733659058,576,551,6.0,115.2,110.2,3,3,3,1.0,300.0,-300.0
within_subject_chronological,within_chb03,chb03,5.0,logistic_regression,Logistic regression,Threshold + calibration-aware gate,0.5,raw + isotonic,1,,0.0,43,0.004780433574207894,8.6,36,7.2,0.16279069767441862,0.013108614232209739,0.7516611295681063,34,28,4.0,6.8,5.6,3,3,0,1.0,-33.0,33.0
within_subject_chronological,within_chb03,chb03,5.0,logistic_regression,Logistic regression,Full governed policy,0.5,isotonic,2,0.4,0.0,9,0.0010005558643690939,1.8,8,1.6,0.1111111111111111,0.0018726591760299626,0.8518518518518519,9,8,4.0,1.8,1.6,3,1,0,0.3333333333333333,-44.0,44.0
within_subject_chronological,within_chb03,chb03,5.0,random_forest,Random forest,Fixed threshold,0.5,raw,1,,0.0,89,0.00989438576987215,17.8,84,16.8,0.056179775280898875,0.009363295880149813,1.0,47,43,4.0,9.4,8.6,3,2,0,0.6666666666666666,-23.0,23.0
within_subject_chronological,within_chb03,chb03,5.0,random_forest,Random forest,Threshold + temporal persistence,0.5,raw,2,,0.0,40,0.0044469149527515284,8.0,39,7.8,0.025,0.0018726591760299626,1.0,16,15,6.0,3.2,3.0,3,1,0,0.3333333333333333,-46.0,46.0
within_subject_chronological,within_chb03,chb03,5.0,random_forest,Random forest,Threshold + attribution-stability gate,0.5,raw,1,0.4,0.0,89,0.00989438576987215,17.8,84,16.8,0.056179775280898875,0.009363295880149813,1.0,47,43,4.0,9.4,8.6,3,2,0,0.6666666666666666,-23.0,23.0
within_subject_chronological,within_chb03,chb03,5.0,random_forest,Random forest,Threshold + calibration-aware gate,0.5,raw + isotonic,1,,0.0,81,0.009005002779321845,16.2,76,15.2,0.06172839506172839,0.009363295880149813,1.0,42,38,4.0,8.4,7.6,3,2,0,0.6666666666666666,-23.0,23.0
within_subject_chronological,within_chb03,chb03,5.0,random_forest,Random forest,Full governed policy,0.5,isotonic,2,0.4,0.0,37,0.004113396331295164,7.4,36,7.2,0.02702702702702703,0.0018726591760299626,1.0,15,14,6.0,3.0,2.8,3,1,0,0.3333333333333333,-46.0,46.0
within_subject_chronological,within_chb03,chb03,5.0,lightgbm,LightGBM,Fixed threshold,0.5,raw,1,,0.0,626,0.06959421901056143,125.2,600,120.0,0.04153354632587859,0.04868913857677903,0.6683401795222882,244,227,4.0,48.8,45.4,3,3,3,1.0,182.0,-182.0
within_subject_chronological,within_chb03,chb03,5.0,lightgbm,LightGBM,Threshold + temporal persistence,0.5,raw,2,,0.0,330,0.03668704836020011,66.0,321,64.2,0.02727272727272727,0.016853932584269662,0.761940836940837,127,120,6.0,25.4,24.0,3,3,1,1.0,-3.0,3.0
within_subject_chronological,within_chb03,chb03,5.0,lightgbm,LightGBM,Threshold + attribution-stability gate,0.5,raw,1,0.4,0.0,583,0.06481378543635354,116.6,561,112.2,0.03773584905660377,0.04119850187265917,0.6999101527403414,222,207,4.0,44.4,41.4,3,3,2,1.0,111.0,-111.0
within_subject_chronological,within_chb03,chb03,5.0,lightgbm,LightGBM,Threshold + calibration-aware gate,0.5,raw + isotonic,1,,0.0,59,0.006559199555308505,11.8,51,10.2,0.13559322033898305,0.0149812734082397,0.7368845843422114,36,30,4.0,7.2,6.0,3,3,0,1.0,-2.0,2.0
within_subject_chronological,within_chb03,chb03,5.0,lightgbm,LightGBM,Full governed policy,0.5,isotonic,2,0.4,0.0,17,0.0018899388549193997,3.4,15,3.0,0.11764705882352941,0.003745318352059925,0.8235294117647057,13,11,4.0,2.6,2.2,3,2,0,0.6666666666666666,-24.0,24.0
within_subject_chronological,within_chb05,chb05,6.0,logistic_regression,Logistic regression,Fixed threshold,0.5,raw,1,,0.0,2860,0.2649620159347786,476.6666666666667,2507,417.8333333333333,0.12342657342657343,0.5721231766612642,0.727006612368627,541,494,8.0,90.16666666666667,82.33333333333333,3,3,3,1.0,299.0,-299.0
within_subject_chronological,within_chb05,chb05,6.0,logistic_regression,Logistic regression,Threshold + temporal persistence,0.5,raw,2,,0.0,2148,0.1989994441356309,358.0,1856,309.3333333333333,0.13594040968342644,0.473257698541329,0.7531332210103159,493,454,6.0,82.16666666666667,75.66666666666667,3,3,3,1.0,293.0,-293.0
within_subject_chronological,within_chb05,chb05,6.0,logistic_regression,Logistic regression,Threshold + attribution-stability gate,0.5,raw,1,0.4,0.0,2761,0.25579025384472853,460.1666666666667,2422,403.6666666666667,0.12278160086925027,0.5494327390599676,0.7446922267639401,538,492,8.0,89.66666666666667,82.0,3,3,3,1.0,299.0,-299.0
within_subject_chronological,within_chb05,chb05,6.0,logistic_regression,Logistic regression,Threshold + calibration-aware gate,0.5,raw + isotonic,1,,0.0,119,0.011024643320363165,19.833333333333332,1,0.16666666666666666,0.9915966386554622,0.1912479740680713,0.8923569427771109,4,1,75.0,0.6666666666666666,0.16666666666666666,3,3,0,1.0,-26.0,26.0
within_subject_chronological,within_chb05,chb05,6.0,logistic_regression,Logistic regression,Full governed policy,0.5,isotonic,2,0.4,0.0,115,0.010654067074300538,19.166666666666668,0,0.0,1.0,0.18638573743922204,0.8973084886128364,3,0,76.0,0.5,0.0,3,3,0,1.0,-28.0,28.0
within_subject_chronological,within_chb05,chb05,6.0,random_forest,Random forest,Fixed threshold,0.5,raw,1,,0.0,152,0.014081897350379841,25.333333333333332,41,6.833333333333333,0.7302631578947368,0.17990275526742303,1.0,44,31,4.0,7.333333333333333,5.166666666666667,3,3,2,1.0,88.0,-88.0
within_subject_chronological,within_chb05,chb05,6.0,random_forest,Random forest,Threshold + temporal persistence,0.5,raw,2,,0.0,103,0.009542338336112656,17.166666666666668,9,1.5,0.912621359223301,0.15235008103727715,1.0,21,8,4.0,3.5,1.3333333333333333,3,3,1,1.0,-17.0,17.0
within_subject_chronological,within_chb05,chb05,6.0,random_forest,Random forest,Threshold + attribution-stability gate,0.5,raw,1,0.4,0.0,152,0.014081897350379841,25.333333333333332,41,6.833333333333333,0.7302631578947368,0.17990275526742303,1.0,44,31,4.0,7.333333333333333,5.166666666666667,3,3,2,1.0,88.0,-88.0
within_subject_chronological,within_chb05,chb05,6.0,random_forest,Random forest,Threshold + calibration-aware gate,0.5,raw + isotonic,1,,0.0,152,0.014081897350379841,25.333333333333332,41,6.833333333333333,0.7302631578947368,0.17990275526742303,1.0,44,31,4.0,7.333333333333333,5.166666666666667,3,3,2,1.0,88.0,-88.0
within_subject_chronological,within_chb05,chb05,6.0,random_forest,Random forest,Full governed policy,0.5,isotonic,2,0.4,0.0,128,0.011858439874004076,21.333333333333332,18,3.0,0.859375,0.17828200972447325,1.0,26,15,4.0,4.333333333333333,2.5,3,3,1,1.0,-13.0,13.0
within_subject_chronological,within_chb05,chb05,6.0,lightgbm,LightGBM,Fixed threshold,0.5,raw,1,,0.0,597,0.055308504724847135,99.5,387,64.5,0.35175879396984927,0.34035656401944897,0.7421698439286378,252,221,4.0,42.0,36.833333333333336,3,3,3,1.0,295.0,-295.0
within_subject_chronological,within_chb05,chb05,6.0,lightgbm,LightGBM,Threshold + temporal persistence,0.5,raw,2,,0.0,317,0.02936816750046322,52.833333333333336,141,23.5,0.555205047318612,0.2852512155591572,0.8709628961994892,103,86,4.0,17.166666666666668,14.333333333333334,3,3,3,1.0,293.0,-293.0
within_subject_chronological,within_chb05,chb05,6.0,lightgbm,LightGBM,Threshold + attribution-stability gate,0.5,raw,1,0.4,0.0,572,0.052992403186955715,95.33333333333333,365,60.833333333333336,0.3618881118881119,0.3354943273905997,0.7646520146520147,238,208,4.0,39.666666666666664,34.666666666666664,3,3,3,1.0,295.0,-295.0
within_subject_chronological,within_chb05,chb05,6.0,lightgbm,LightGBM,Threshold + calibration-aware gate,0.5,raw + isotonic,1,,0.0,180,0.016675931072818232,30.0,29,4.833333333333333,0.8388888888888889,0.24473257698541329,0.9162037037037036,33,22,4.0,5.5,3.6666666666666665,3,3,2,1.0,193.0,-193.0
within_subject_chronological,within_chb05,chb05,6.0,lightgbm,LightGBM,Full governed policy,0.5,isotonic,2,0.4,0.0,145,0.013433388919770244,24.166666666666668,6,1.0,0.9586206896551724,0.2252836304700162,0.9724137931034482,12,5,4.0,2.0,0.8333333333333334,3,3,2,1.0,191.0,-191.0
within_subject_chronological,within_chb08,chb08,6.0,logistic_regression,Logistic regression,Fixed threshold,0.5,raw,1,,0.0,2361,0.21873262923846581,393.5,2139,356.5,0.0940279542566709,0.7872340425531915,0.7120998116760829,563,550,6.0,93.83333333333333,91.66666666666667,1,1,1,1.0,287.0,-287.0
within_subject_chronological,within_chb08,chb08,6.0,logistic_regression,Logistic regression,Threshold + temporal persistence,0.5,raw,2,,0.0,1600,0.14823049842505095,266.6666666666667,1402,233.66666666666666,0.12375,0.7021276595744681,0.7468998015873016,499,480,6.0,83.16666666666667,80.0,1,1,1,1.0,285.0,-285.0
within_subject_chronological,within_chb08,chb08,6.0,logistic_regression,Logistic regression,Threshold + attribution-stability gate,0.5,raw,1,0.4,0.0,2269,0.2102093755790254,378.1666666666667,2050,341.6666666666667,0.09651828999559277,0.776595744680851,0.7315998237108858,566,552,6.0,94.33333333333333,92.0,1,1,1,1.0,287.0,-287.0
within_subject_chronological,within_chb08,chb08,6.0,logistic_regression,Logistic regression,Threshold + calibration-aware gate,0.5,raw + isotonic,1,,0.0,77,0.007133592736705577,12.833333333333334,15,2.5,0.8051948051948052,0.2198581560283688,0.7815398886827457,16,11,4.0,2.6666666666666665,1.8333333333333333,1,1,0,1.0,-13.0,13.0
within_subject_chronological,within_chb08,chb08,6.0,logistic_regression,Logistic regression,Full governed policy,0.5,isotonic,2,0.4,0.0,60,0.005558643690939411,10.0,4,0.6666666666666666,0.9333333333333333,0.19858156028368795,0.8246031746031744,8,3,9.0,1.3333333333333333,0.5,1,1,0,1.0,-15.0,15.0
within_subject_chronological,within_chb08,chb08,6.0,random_forest,Random forest,Fixed threshold,0.5,raw,1,,0.0,134,0.012414304243098017,22.333333333333332,36,6.0,0.7313432835820896,0.3475177304964539,1.0,28,21,6.0,4.666666666666667,3.5,1,1,0,1.0,-13.0,13.0
within_subject_chronological,within_chb08,chb08,6.0,random_forest,Random forest,Threshold + temporal persistence,0.5,raw,2,,0.0,101,0.009357050213081341,16.833333333333332,12,2.0,0.8811881188118812,0.31560283687943264,1.0,20,11,4.0,3.3333333333333335,1.8333333333333333,1,1,0,1.0,-15.0,15.0
within_subject_chronological,within_chb08,chb08,6.0,random_forest,Random forest,Threshold + attribution-stability gate,0.5,raw,1,0.4,0.0,134,0.012414304243098017,22.333333333333332,36,6.0,0.7313432835820896,0.3475177304964539,1.0,28,21,6.0,4.666666666666667,3.5,1,1,0,1.0,-13.0,13.0
within_subject_chronological,within_chb08,chb08,6.0,random_forest,Random forest,Threshold + calibration-aware gate,0.5,raw + isotonic,1,,0.0,120,0.011117287381878822,20.0,24,4.0,0.8,0.3404255319148936,1.0,23,16,6.0,3.8333333333333335,2.6666666666666665,1,1,0,1.0,-13.0,13.0
within_subject_chronological,within_chb08,chb08,6.0,random_forest,Random forest,Full governed policy,0.5,isotonic,2,0.4,0.0,91,0.008430609597924773,15.166666666666666,5,0.8333333333333334,0.945054945054945,0.3049645390070922,1.0,15,5,4.0,2.5,0.8333333333333334,1,1,0,1.0,-15.0,15.0
within_subject_chronological,within_chb08,chb08,6.0,lightgbm,LightGBM,Fixed threshold,0.5,raw,1,,0.0,436,0.04039281082082639,72.66666666666667,309,51.5,0.29128440366972475,0.450354609929078,0.6500912242291552,233,218,4.0,38.833333333333336,36.333333333333336,1,1,1,1.0,285.0,-285.0
within_subject_chronological,within_chb08,chb08,6.0,lightgbm,LightGBM,Threshold + temporal persistence,0.5,raw,2,,0.0,178,0.01649064294978692,29.666666666666668,71,11.833333333333334,0.601123595505618,0.37943262411347517,0.7544810058855002,64,54,4.0,10.666666666666666,9.0,1,1,1,1.0,193.0,-193.0
within_subject_chronological,within_chb08,chb08,6.0,lightgbm,LightGBM,Threshold + attribution-stability gate,0.5,raw,1,0.4,0.0,413,0.03826199740596628,68.83333333333333,291,48.5,0.29539951573849876,0.4326241134751773,0.6717398823936355,223,209,4.0,37.166666666666664,34.833333333333336,1,1,1,1.0,285.0,-285.0
within_subject_chronological,within_chb08,chb08,6.0,lightgbm,LightGBM,Threshold + calibration-aware gate,0.5,raw + isotonic,1,,0.0,121,0.011209931443394478,20.166666666666668,31,5.166666666666667,0.743801652892562,0.3191489361702128,0.7540338449429358,31,23,4.0,5.166666666666667,3.8333333333333335,1,1,0,1.0,-11.0,11.0
within_subject_chronological,within_chb08,chb08,6.0,lightgbm,LightGBM,Full governed policy,0.5,isotonic,2,0.4,0.0,86,0.007967389290346488,14.333333333333334,8,1.3333333333333333,0.9069767441860465,0.2765957446808511,0.8211517165005541,14,7,4.0,2.3333333333333335,1.1666666666666667,1,1,0,1.0,-15.0,15.0
held_out_subject,loso_chb01,chb01,18.552222222222223,logistic_regression,Logistic regression,Fixed threshold,0.5,raw,1,,0.0,8407,0.2519102268300722,453.1532610648619,8144,438.9770617476193,0.031283454264303553,0.2061128526645768,0.6377370893615092,1860,1820,7.0,100.25753129304665,98.1014553512607,7,7,5,1.0,149.0,-149.0
held_out_subject,loso_chb01,chb01,18.552222222222223,logistic_regression,Logistic regression,Threshold + temporal persistence,0.5,raw,2,,0.0,5686,0.17037725107122526,306.4861951248727,5470,294.84338503922856,0.03798804080196975,0.16927899686520376,0.6106644557224931,1575,1557,6.0,84.89549020782177,83.92525603401808,7,7,5,1.0,93.0,-93.0
held_out_subject,loso_chb01,chb01,18.552222222222223,logistic_regression,Logistic regression,Threshold + attribution-stability gate,0.5,raw,1,0.4,0.0,7032,0.2107092559853774,379.0381505659699,6786,365.7782835239863,0.03498293515358362,0.19278996865203762,0.7203599869982121,2028,1991,6.0,109.31305024854764,107.31868000239564,7,7,5,1.0,148.0,-148.0
held_out_subject,loso_chb01,chb01,18.552222222222223,logistic_regression,Logistic regression,Threshold + calibration-aware gate,0.5,raw + isotonic,1,,0.0,62,0.0018577892308153298,3.3419177097682216,1,0.05390189854464874,0.9838709677419355,0.04780564263322884,0.9800307219662059,12,1,8.0,0.6468227825357848,0.05390189854464874,7,6,0,0.8571428571428571,-24.0,24.0
held_out_subject,loso_chb01,chb01,18.552222222222223,logistic_regression,Logistic regression,Full governed policy,0.5,isotonic,2,0.4,0.0,45,0.0013483954094627394,2.425585434509193,0,0.0,1.0,0.03526645768025078,1.0,11,0,6.0,0.5929208839911361,0.0,7,4,0,0.5714285714285714,-27.5,27.5
held_out_subject,loso_chb01,chb01,18.552222222222223,random_forest,Random forest,Fixed threshold,0.5,raw,1,,0.0,37,0.001108680670002697,1.9943702461520032,8,0.4312151883571899,0.7837837837837838,0.022727272727272728,1.0,16,8,4.0,0.8624303767143798,0.4312151883571899,7,5,0,0.7142857142857143,-38.0,38.0
held_out_subject,loso_chb01,chb01,18.552222222222223,random_forest,Random forest,Threshold + temporal persistence,0.5,raw,2,,0.0,21,0.0006292511910826117,1.1319398694376235,0,0.0,1.0,0.016457680250783698,1.0,5,0,8.0,0.2695094927232437,0.0,7,4,0,0.5714285714285714,-34.5,34.5
held_out_subject,loso_chb01,chb01,18.552222222222223,random_forest,Random forest,Threshold + attribution-stability gate,0.5,raw,1,0.4,0.0,37,0.001108680670002697,1.9943702461520032,8,0.4312151883571899,0.7837837837837838,0.022727272727272728,1.0,16,8,4.0,0.8624303767143798,0.4312151883571899,7,5,0,0.7142857142857143,-38.0,38.0
held_out_subject,loso_chb01,chb01,18.552222222222223,random_forest,Random forest,Threshold + calibration-aware gate,0.5,raw + isotonic,1,,0.0,11,0.00032960776675755853,0.5929208839911361,0,0.0,1.0,0.008620689655172414,1.0,5,0,6.0,0.2695094927232437,0.0,7,5,0,0.7142857142857143,-38.0,38.0
held_out_subject,loso_chb01,chb01,18.552222222222223,random_forest,Random forest,Full governed policy,0.5,isotonic,2,0.4,0.0,5,0.00014982171216252658,0.2695094927232437,0,0.0,1.0,0.003918495297805642,1.0,4,0,4.0,0.21560759417859496,0.0,7,4,0,0.5714285714285714,-37.5,37.5
held_out_subject,loso_chb01,chb01,18.552222222222223,lightgbm,LightGBM,Fixed threshold,0.5,raw,1,,0.0,5308,0.15905072963173822,286.1112774749955,5009,269.9946098101455,0.05633006782215524,0.23432601880877743,0.537906658172345,2376,2295,4.0,128.0709109420854,123.70485715996885,7,7,7,1.0,246.0,-246.0
held_out_subject,loso_chb01,chb01,18.552222222222223,lightgbm,LightGBM,Threshold + temporal persistence,0.5,raw,2,,0.0,2373,0.07110538459233512,127.90920524645145,2176,117.29053123315565,0.08301727770754319,0.15438871473354232,0.631681482819283,1133,1091,4.0,61.07085105108702,58.80697131221177,7,7,6,1.0,193.0,-193.0
held_out_subject,loso_chb01,chb01,18.552222222222223,lightgbm,LightGBM,Threshold + attribution-stability gate,0.5,raw,1,0.4,0.0,4217,0.12635963203787492,227.30430616278372,3942,212.48128406300532,0.0652122361868627,0.21551724137931033,0.618483010942105,2071,1997,4.0,111.63083188596754,107.64209139366352,7,7,6,1.0,246.0,-246.0
held_out_subject,loso_chb01,chb01,18.552222222222223,lightgbm,LightGBM,Threshold + calibration-aware gate,0.5,raw + isotonic,1,,0.0,35,0.0010487519851376862,1.8865664490627059,0,0.0,1.0,0.0274294670846395,0.8312925170068027,12,0,6.0,0.6468227825357848,0.0,7,5,0,0.7142857142857143,-28.0,28.0
held_out_subject,loso_chb01,chb01,18.552222222222223,lightgbm,LightGBM,Full governed policy,0.5,isotonic,2,0.4,0.0,21,0.0006292511910826117,1.1319398694376235,0,0.0,1.0,0.016457680250783698,0.8253968253968254,10,0,6.0,0.5390189854464874,0.0,7,5,0,0.7142857142857143,-30.0,30.0
held_out_subject,loso_chb02,chb02,8.266388888888889,logistic_regression,Logistic regression,Fixed threshold,0.5,raw,1,,0.0,6703,0.450773369199731,810.8740213044794,6516,788.2522934238382,0.02789795613904222,0.413716814159292,0.6725165837479271,1108,1070,8.0,134.03676198797004,129.4398333277328,3,3,3,1.0,295.0,-295.0
held_out_subject,loso_chb02,chb02,8.266388888888889,logistic_regression,Logistic regression,Threshold + temporal persistence,0.5,raw,2,,0.0,5124,0.34458641560188297,619.8595382909372,4985,603.0444571390168,0.027127244340359093,0.3075221238938053,0.6955975924067259,1096,1067,6.0,132.58510030578984,129.07691790718775,3,3,3,1.0,293.0,-293.0
held_out_subject,loso_chb02,chb02,8.266388888888889,logistic_regression,Logistic regression,Threshold + attribution-stability gate,0.5,raw,1,0.4,0.0,5802,0.3901815736381977,701.8784233341174,5634,681.5551597835948,0.028955532574974147,0.37168141592920356,0.745719866712628,1237,1199,6.0,149.64212507140698,145.04519641116974,3,3,3,1.0,295.0,-295.0
held_out_subject,loso_chb02,chb02,8.266388888888889,logistic_regression,Logistic regression,Threshold + calibration-aware gate,0.5,raw + isotonic,1,,0.0,158,0.01062542030934768,19.113545482039047,131,15.847306697133641,0.17088607594936708,0.059734513274336286,0.7422644163150492,73,65,4.0,8.830941899929433,7.863167445142646,3,2,0,0.6666666666666666,-11.0,11.0
held_out_subject,loso_chb02,chb02,8.266388888888889,logistic_regression,Logistic regression,Full governed policy,0.5,isotonic,2,0.4,0.0,79,0.00531271015467384,9.556772741019524,61,7.379280217749252,0.22784810126582278,0.03982300884955752,0.8257986738999396,37,31,4.0,4.475956853388891,3.7501260122988005,3,2,0,0.6666666666666666,-13.0,13.0
held_out_subject,loso_chb02,chb02,8.266388888888889,random_forest,Random forest,Fixed threshold,0.5,raw,1,,0.0,70,0.004707464694014795,8.468026479384388,18,2.177492523270271,0.7428571428571429,0.11504424778761062,1.0,17,13,4.0,2.056520716421923,1.5726334890285292,3,2,0,0.6666666666666666,-15.0,15.0
held_out_subject,loso_chb02,chb02,8.266388888888889,random_forest,Random forest,Threshold + temporal persistence,0.5,raw,2,,0.0,49,0.0032952252858103564,5.927618535569072,5,0.604859034241742,0.8979591836734694,0.09734513274336283,1.0,9,4,6.0,1.0887462616351355,0.4838872273933936,3,2,0,0.6666666666666666,-24.0,24.0
held_out_subject,loso_chb02,chb02,8.266388888888889,random_forest,Random forest,Threshold + attribution-stability gate,0.5,raw,1,0.4,0.0,70,0.004707464694014795,8.468026479384388,18,2.177492523270271,0.7428571428571429,0.11504424778761062,1.0,17,13,4.0,2.056520716421923,1.5726334890285292,3,2,0,0.6666666666666666,-15.0,15.0
held_out_subject,loso_chb02,chb02,8.266388888888889,random_forest,Random forest,Threshold + calibration-aware gate,0.5,raw + isotonic,1,,0.0,44,0.0029589778076664426,5.3227595013273294,10,1.209718068483484,0.7727272727272727,0.0752212389380531,1.0,12,7,6.0,1.4516616821801809,0.8468026479384388,3,2,0,0.6666666666666666,-28.0,28.0
held_out_subject,loso_chb02,chb02,8.266388888888889,random_forest,Random forest,Full governed policy,0.5,isotonic,2,0.4,0.0,31,0.002084734364492266,3.7501260122988005,3,0.3629154205450452,0.9032258064516129,0.061946902654867256,1.0,9,3,4.0,1.0887462616351355,0.3629154205450452,3,2,0,0.6666666666666666,-30.0,30.0
held_out_subject,loso_chb02,chb02,8.266388888888889,lightgbm,LightGBM,Fixed threshold,0.5,raw,1,,0.0,2878,0.19354404841963685,348.1568601095467,2734,330.7369199233845,0.05003474635163308,0.3185840707964602,0.6547674258109041,811,784,6.0,98.10813535401056,94.84189656910515,3,3,3,1.0,211.0,-211.0
held_out_subject,loso_chb02,chb02,8.266388888888889,lightgbm,LightGBM,Threshold + temporal persistence,0.5,raw,2,,0.0,1844,0.12400806993947545,223.07201182835445,1732,209.52316946133942,0.06073752711496746,0.24778761061946902,0.7439228041180318,492,473,6.0,59.51812896938741,57.21966463926879,3,3,3,1.0,186.0,-186.0
held_out_subject,loso_chb02,chb02,8.266388888888889,lightgbm,LightGBM,Threshold + attribution-stability gate,0.5,raw,1,0.4,0.0,2537,0.1706119704102219,306.9054739742599,2401,290.45330824288453,0.05360662199448167,0.3008849557522124,0.7121647239897142,738,711,4.0,89.27719345408111,86.01095466917572,3,3,3,1.0,209.0,-209.0
held_out_subject,loso_chb02,chb02,8.266388888888889,lightgbm,LightGBM,Threshold + calibration-aware gate,0.5,raw + isotonic,1,,0.0,91,0.006119704102219233,11.008434423199704,28,3.3872105917537554,0.6923076923076923,0.13938053097345132,0.7971393685679401,23,18,6.0,2.7823515575120132,2.177492523270271,3,3,0,1.0,-8.0,8.0
held_out_subject,loso_chb02,chb02,8.266388888888889,lightgbm,LightGBM,Full governed policy,0.5,isotonic,2,0.4,0.0,65,0.004371217215870881,7.863167445142646,9,1.0887462616351355,0.8615384615384616,0.12389380530973451,0.8923076923076924,14,7,6.0,1.6936052958768777,0.8468026479384388,3,3,0,1.0,-10.0,10.0
held_out_subject,loso_chb03,chb03,13.0,logistic_regression,Logistic regression,Fixed threshold,0.5,raw,1,,0.0,3137,0.13413434814213024,241.30769230769232,2872,220.92307692307693,0.08447561364360855,0.21098726114649682,0.6521703919663102,923,884,6.0,71.0,68.0,7,7,6,1.0,147.0,-147.0
held_out_subject,loso_chb03,chb03,13.0,logistic_regression,Logistic regression,Threshold + temporal persistence,0.5,raw,2,,0.0,1988,0.08500448967375038,152.92307692307693,1775,136.53846153846155,0.10714285714285714,0.1695859872611465,0.7102755421417394,692,659,6.0,53.23076923076923,50.69230769230769,7,7,5,1.0,145.0,-145.0
held_out_subject,loso_chb03,chb03,13.0,logistic_regression,Logistic regression,Threshold + attribution-stability gate,0.5,raw,1,0.4,0.0,2612,0.11168597939025955,200.92307692307693,2376,182.76923076923077,0.0903522205206738,0.18789808917197454,0.7439108874790346,889,853,6.0,68.38461538461539,65.61538461538461,7,7,6,1.0,147.0,-147.0
held_out_subject,loso_chb03,chb03,13.0,logistic_regression,Logistic regression,Threshold + calibration-aware gate,0.5,raw + isotonic,1,,0.0,8,0.0003420703809808868,0.6153846153846154,3,0.23076923076923078,0.625,0.003980891719745223,0.90625,5,2,6.0,0.38461538461538464,0.15384615384615385,7,2,1,0.2857142857142857,57.5,-57.5
held_out_subject,loso_chb03,chb03,13.0,logistic_regression,Logistic regression,Full governed policy,0.5,isotonic,2,0.4,0.0,3,0.00012827639286783256,0.23076923076923078,1,0.07692307692307693,0.6666666666666666,0.0015923566878980893,1.0,3,1,4.0,0.23076923076923078,0.07692307692307693,7,1,0,0.14285714285714285,-32.0,32.0
held_out_subject,loso_chb03,chb03,13.0,random_forest,Random forest,Fixed threshold,0.5,raw,1,,0.0,13,0.0005558643690939411,1.0,8,0.6153846153846154,0.38461538461538464,0.003980891719745223,1.0,9,5,4.0,0.6923076923076923,0.38461538461538464,7,3,1,0.42857142857142855,-24.0,24.0
held_out_subject,loso_chb03,chb03,13.0,random_forest,Random forest,Threshold + temporal persistence,0.5,raw,2,,0.0,4,0.0001710351904904434,0.3076923076923077,3,0.23076923076923078,0.25,0.0007961783439490446,1.0,4,3,4.0,0.3076923076923077,0.23076923076923078,7,1,0,0.14285714285714285,-48.0,48.0
held_out_subject,loso_chb03,chb03,13.0,random_forest,Random forest,Threshold + attribution-stability gate,0.5,raw,1,0.4,0.0,13,0.0005558643690939411,1.0,8,0.6153846153846154,0.38461538461538464,0.003980891719745223,1.0,9,5,4.0,0.6923076923076923,0.38461538461538464,7,3,1,0.42857142857142855,-24.0,24.0
held_out_subject,loso_chb03,chb03,13.0,random_forest,Random forest,Threshold + calibration-aware gate,0.5,raw + isotonic,1,,0.0,6,0.0002565527857356651,0.46153846153846156,6,0.46153846153846156,0.0,0.0,1.0,3,3,6.0,0.23076923076923078,0.23076923076923078,7,0,0,0.0,,
held_out_subject,loso_chb03,chb03,13.0,random_forest,Random forest,Full governed policy,0.5,isotonic,2,0.4,0.0,3,0.00012827639286783256,0.23076923076923078,3,0.23076923076923078,0.0,0.0,1.0,3,3,4.0,0.23076923076923078,0.23076923076923078,7,0,0,0.0,,
held_out_subject,loso_chb03,chb03,13.0,lightgbm,LightGBM,Fixed threshold,0.5,raw,1,,0.0,1286,0.054987813742677555,98.92307692307692,1083,83.3076923076923,0.1578538102643857,0.16162420382165604,0.540725517786171,604,567,4.0,46.46153846153846,43.61538461538461,7,7,4,1.0,145.0,-145.0
held_out_subject,loso_chb03,chb03,13.0,lightgbm,LightGBM,Threshold + temporal persistence,0.5,raw,2,,0.0,564,0.02411596185915252,43.38461538461539,419,32.23076923076923,0.2570921985815603,0.11544585987261147,0.6378968253968254,278,244,4.0,21.384615384615383,18.76923076923077,7,7,3,1.0,-2.0,2.0
held_out_subject,loso_chb03,chb03,13.0,lightgbm,LightGBM,Threshold + attribution-stability gate,0.5,raw,1,0.4,0.0,1052,0.044982255098986616,80.92307692307692,871,67.0,0.1720532319391635,0.14410828025477707,0.6109904037660692,509,469,4.0,39.15384615384615,36.07692307692308,7,7,4,1.0,143.0,-143.0
held_out_subject,loso_chb03,chb03,13.0,lightgbm,LightGBM,Threshold + calibration-aware gate,0.5,raw + isotonic,1,,0.0,13,0.0005558643690939411,1.0,8,0.6153846153846154,0.38461538461538464,0.003980891719745223,0.598901098901099,7,5,6.0,0.5384615384615384,0.38461538461538464,7,2,0,0.2857142857142857,-24.0,24.0
held_out_subject,loso_chb03,chb03,13.0,lightgbm,LightGBM,Full governed policy,0.5,isotonic,2,0.4,0.0,5,0.00021379398811305426,0.38461538461538464,3,0.23076923076923078,0.4,0.0015923566878980893,0.7999999999999999,5,3,4.0,0.38461538461538464,0.23076923076923078,7,2,0,0.2857142857142857,-26.0,26.0
held_out_subject,loso_chb05,chb05,14.002777777777778,logistic_regression,Logistic regression,Fixed threshold,0.5,raw,1,,0.0,4658,0.1849073081656147,332.6482840706209,4191,299.2977583812735,0.10025762129669386,0.45295829291949563,0.763404145113033,1211,1142,6.0,86.48284070620909,81.55524697480658,5,5,5,1.0,297.0,-297.0
held_out_subject,loso_chb05,chb05,14.002777777777778,logistic_regression,Logistic regression,Threshold + temporal persistence,0.5,raw,2,,0.0,3156,0.12528283910920568,225.38385241023605,2780,198.53203729418766,0.11913814955640051,0.3646944713870029,0.7848265837809564,895,836,6.0,63.915889704423726,59.70243999206507,5,5,5,1.0,294.0,-294.0
held_out_subject,loso_chb05,chb05,14.002777777777778,logistic_regression,Logistic regression,Threshold + attribution-stability gate,0.5,raw,1,0.4,0.0,4582,0.1818903576674209,327.2207895258877,4123,294.4415790517754,0.1001745962461807,0.4451988360814743,0.7721622913678785,1206,1141,6.0,86.12576869668716,81.4838325729022,5,5,5,1.0,297.0,-297.0
held_out_subject,loso_chb05,chb05,14.002777777777778,logistic_regression,Logistic regression,Threshold + calibration-aware gate,0.5,raw + isotonic,1,,0.0,216,0.00857449088960343,15.425510811346955,44,3.1422336837928984,0.7962962962962963,0.16682832201745879,0.9504703115814226,43,28,6.0,3.070819281888514,1.9996032533227535,5,5,0,1.0,-9.0,9.0
held_out_subject,loso_chb05,chb05,14.002777777777778,logistic_regression,Logistic regression,Full governed policy,0.5,isotonic,2,0.4,0.0,161,0.006391171450121075,11.497718706605832,13,0.9283872247569926,0.9192546583850931,0.14354995150339475,0.9772256728778467,31,12,4.0,2.2138464590359055,0.8569728228526086,5,5,0,1.0,-11.0,11.0
held_out_subject,loso_chb05,chb05,14.002777777777778,random_forest,Random forest,Fixed threshold,0.5,raw,1,,0.0,817,0.032432217855583347,58.345566355881765,727,51.918270184487206,0.11015911872705018,0.08729388942774007,1.0,325,307,6.0,23.209680618924814,21.924221384645904,5,4,4,0.8,209.5,-209.5
held_out_subject,loso_chb05,chb05,14.002777777777778,random_forest,Random forest,Threshold + temporal persistence,0.5,raw,2,,0.0,429,0.017029891627962368,30.636778416980757,360,25.709184685578258,0.16083916083916083,0.06692531522793405,1.0,182,172,4.0,12.997421146597897,12.283277127554056,5,4,3,0.8,108.5,-108.5
held_out_subject,loso_chb05,chb05,14.002777777777778,random_forest,Random forest,Threshold + attribution-stability gate,0.5,raw,1,0.4,0.0,817,0.032432217855583347,58.345566355881765,727,51.918270184487206,0.11015911872705018,0.08729388942774007,1.0,325,307,6.0,23.209680618924814,21.924221384645904,5,4,4,0.8,209.5,-209.5
held_out_subject,loso_chb05,chb05,14.002777777777778,random_forest,Random forest,Threshold + calibration-aware gate,0.5,raw + isotonic,1,,0.0,378,0.015005359056806002,26.99464391985717,324,23.138266217020433,0.14285714285714285,0.052376333656644035,1.0,170,160,4.0,12.140448323745288,11.426304304701448,5,4,2,0.8,90.5,-90.5
held_out_subject,loso_chb05,chb05,14.002777777777778,random_forest,Random forest,Full governed policy,0.5,isotonic,2,0.4,0.0,186,0.007383589377158509,13.283078754215433,148,10.56933148184884,0.20430107526881722,0.03685741998060136,1.0,72,63,4.0,5.141836937115651,4.499107319976195,5,4,1,0.8,-5.0,5.0
held_out_subject,loso_chb05,chb05,14.002777777777778,lightgbm,LightGBM,Fixed threshold,0.5,raw,1,,0.0,5615,0.22289706641260768,400.99186669311644,5205,371.711961912319,0.0730186999109528,0.3976721629485936,0.5844542890524,1061,1003,6.0,75.77068042055147,71.6286451100972,5,5,5,1.0,299.0,-299.0
held_out_subject,loso_chb05,chb05,14.002777777777778,lightgbm,LightGBM,Threshold + temporal persistence,0.5,raw,2,,0.0,4230,0.16791711325473382,302.08292005554455,3902,278.65899623090655,0.07754137115839244,0.3181377303588749,0.6275460617659199,820,754,6.0,58.55980956159492,53.846459035905575,5,5,5,1.0,299.0,-299.0
held_out_subject,loso_chb05,chb05,14.002777777777778,lightgbm,LightGBM,Threshold + attribution-stability gate,0.5,raw,1,0.4,0.0,4860,0.19292604501607716,347.07399325530645,4501,321.4362229716326,0.07386831275720164,0.34820562560620755,0.6397315304722712,1015,955,6.0,72.48561793294981,68.20075381868676,5,5,5,1.0,299.0,-299.0
held_out_subject,loso_chb05,chb05,14.002777777777778,lightgbm,LightGBM,Threshold + calibration-aware gate,0.5,raw + isotonic,1,,0.0,470,0.01865745702830376,33.5647688950605,392,27.99444554651855,0.16595744680851063,0.07565470417070805,0.6659321175278623,161,151,4.0,11.497718706605832,10.783574687561991,5,4,3,0.8,109.5,-109.5
held_out_subject,loso_chb05,chb05,14.002777777777778,lightgbm,LightGBM,Full governed policy,0.5,isotonic,2,0.4,0.0,260,0.010321146441189314,18.567744495139852,194,13.854393969450506,0.25384615384615383,0.06401551891367604,0.7195970695970695,75,67,6.0,5.356080142828803,4.784764927593732,5,4,1,0.8,-4.0,4.0
held_out_subject,loso_chb08,chb08,14.0,logistic_regression,Logistic regression,Fixed threshold,0.5,raw,1,,0.0,13737,0.5454220598745335,981.2142857142857,12900,921.4285714285714,0.060930334134090415,0.6905940594059405,0.7052077409272284,1623,1556,10.0,115.92857142857143,111.14285714285714,5,5,5,1.0,299.0,-299.0
held_out_subject,loso_chb08,chb08,14.0,logistic_regression,Logistic regression,Threshold + temporal persistence,0.5,raw,2,,0.0,11241,0.44631938378464225,802.9285714285714,10517,751.2142857142857,0.06440708122053199,0.5973597359735974,0.7231411231277792,1955,1863,8.0,139.64285714285714,133.07142857142858,5,5,5,1.0,299.0,-299.0
held_out_subject,loso_chb08,chb08,14.0,logistic_regression,Logistic regression,Threshold + attribution-stability gate,0.5,raw,1,0.4,0.0,13006,0.5163979988882713,929.0,12207,871.9285714285714,0.061433184683992004,0.6592409240924092,0.7313694045971457,1743,1673,10.0,124.5,119.5,5,5,5,1.0,299.0,-299.0
held_out_subject,loso_chb08,chb08,14.0,logistic_regression,Logistic regression,Threshold + calibration-aware gate,0.5,raw + isotonic,1,,0.0,95,0.0037719367902803143,6.785714285714286,1,0.07142857142857142,0.9894736842105263,0.07755775577557755,0.9614035087719299,10,1,17.0,0.7142857142857143,0.07142857142857142,5,5,0,1.0,-12.0,12.0
held_out_subject,loso_chb08,chb08,14.0,logistic_regression,Logistic regression,Full governed policy,0.5,isotonic,2,0.4,0.0,81,0.0032160724211863735,5.785714285714286,0,0.0,1.0,0.06683168316831684,0.9670781893004115,11,0,14.0,0.7857142857142857,0.0,5,5,0,1.0,-14.0,14.0
held_out_subject,loso_chb08,chb08,14.0,random_forest,Random forest,Fixed threshold,0.5,raw,1,,0.0,45,0.0017867069006590962,3.2142857142857144,4,0.2857142857142857,0.9111111111111111,0.03382838283828383,1.0,20,4,4.0,1.4285714285714286,0.2857142857142857,5,5,0,1.0,-16.0,16.0
held_out_subject,loso_chb08,chb08,14.0,random_forest,Random forest,Threshold + temporal persistence,0.5,raw,2,,0.0,20,0.0007940919558484873,1.4285714285714286,0,0.0,1.0,0.0165016501650165,1.0,8,0,6.0,0.5714285714285714,0.0,5,5,0,1.0,-28.0,28.0
held_out_subject,loso_chb08,chb08,14.0,random_forest,Random forest,Threshold + attribution-stability gate,0.5,raw,1,0.4,0.0,45,0.0017867069006590962,3.2142857142857144,4,0.2857142857142857,0.9111111111111111,0.03382838283828383,1.0,20,4,4.0,1.4285714285714286,0.2857142857142857,5,5,0,1.0,-16.0,16.0
held_out_subject,loso_chb08,chb08,14.0,random_forest,Random forest,Threshold + calibration-aware gate,0.5,raw + isotonic,1,,0.0,12,0.0004764551735090924,0.8571428571428571,0,0.0,1.0,0.009900990099009901,1.0,6,0,5.0,0.42857142857142855,0.0,5,4,0,0.8,-28.5,28.5
held_out_subject,loso_chb08,chb08,14.0,random_forest,Random forest,Full governed policy,0.5,isotonic,2,0.4,0.0,6,0.0002382275867545462,0.42857142857142855,0,0.0,1.0,0.0049504950495049506,1.0,3,0,6.0,0.21428571428571427,0.0,5,3,0,0.6,-31.0,31.0
held_out_subject,loso_chb08,chb08,14.0,lightgbm,LightGBM,Fixed threshold,0.5,raw,1,,0.0,3025,0.12010640832208369,216.07142857142858,2639,188.5,0.12760330578512397,0.3184818481848185,0.5699147317329136,1309,1238,4.0,93.5,88.42857142857143,5,5,5,1.0,278.0,-278.0
held_out_subject,loso_chb08,chb08,14.0,lightgbm,LightGBM,Threshold + temporal persistence,0.5,raw,2,,0.0,1507,0.05983482887318351,107.64285714285714,1212,86.57142857142857,0.1957531519575315,0.2433993399339934,0.6467911650393403,632,580,4.0,45.142857142857146,41.42857142857143,5,5,5,1.0,244.0,-244.0
held_out_subject,loso_chb08,chb08,14.0,lightgbm,LightGBM,Threshold + attribution-stability gate,0.5,raw,1,0.4,0.0,2582,0.10251727150003971,184.42857142857142,2220,158.57142857142858,0.1402013942680093,0.2986798679867987,0.6288591346685848,1167,1095,4.0,83.35714285714286,78.21428571428571,5,5,5,1.0,276.0,-276.0
held_out_subject,loso_chb08,chb08,14.0,lightgbm,LightGBM,Threshold + calibration-aware gate,0.5,raw + isotonic,1,,0.0,36,0.001429365520527277,2.5714285714285716,2,0.14285714285714285,0.9444444444444444,0.028052805280528052,0.8042328042328042,15,2,6.0,1.0714285714285714,0.14285714285714285,5,5,0,1.0,-11.0,11.0
held_out_subject,loso_chb08,chb08,14.0,lightgbm,LightGBM,Full governed policy,0.5,isotonic,2,0.4,0.0,15,0.0005955689668863654,1.0714285714285714,0,0.0,1.0,0.012376237623762377,0.9333333333333333,9,0,4.0,0.6428571428571429,0.0,5,5,0,1.0,-17.0,17.0
