evaluation_mode,fold_id,fold_subject_id,test_hours,model,model_label,calibration_method,auroc,auprc,brier_score,expected_calibration_error,calibration_slope,calibration_intercept,max_predicted_probability
within_subject_chronological,within_chb01,chb01,6.552222222222222,logistic_regression,Logistic regression,raw,0.9278772893182872,0.29388034530049795,0.10795919715406875,0.1722735613901702,0.3663629776324486,-2.9791097238756974,1.0
within_subject_chronological,within_chb01,chb01,6.552222222222222,logistic_regression,Logistic regression,sigmoid,0.9280624162350348,0.30894726019285096,0.028036747668265423,0.030827458902284235,1.5127271927911585,0.7659177062075302,0.7059023388883517
within_subject_chronological,within_chb01,chb01,6.552222222222222,logistic_regression,Logistic regression,isotonic,0.8169362885385035,0.18928187736460675,0.031105229282283372,0.01771413736532459,0.24978711210280313,-2.6922702773283826,1.0
within_subject_chronological,within_chb01,chb01,6.552222222222222,random_forest,Random forest,raw,0.9462328768634602,0.4873941271366967,0.023263198981756467,0.006420025456088246,0.9608554719922681,0.21096844383785981,0.99
within_subject_chronological,within_chb01,chb01,6.552222222222222,random_forest,Random forest,sigmoid,0.9462328768634602,0.4873941271366967,0.030902621410083896,0.018873750043741113,13.724644628609683,31.744120139024645,0.12170180877655931
within_subject_chronological,within_chb01,chb01,6.552222222222222,random_forest,Random forest,isotonic,0.9343201031944652,0.4195612105901627,0.02672568987693896,0.018093673329892066,1.2228049376962904,0.14860726941516822,1.0
within_subject_chronological,within_chb01,chb01,6.552222222222222,lightgbm,LightGBM,raw,0.9551924459391892,0.4784222785582966,0.034654863610271334,0.029532636893030685,0.574746591789539,-1.4785471697149863,0.9982299130677442
within_subject_chronological,within_chb01,chb01,6.552222222222222,lightgbm,LightGBM,sigmoid,0.9551924459391892,0.4784222785582966,0.0277885479403197,0.04236139480933099,3.561707203070544,5.46305738440106,0.28387674483027464
within_subject_chronological,within_chb01,chb01,6.552222222222222,lightgbm,LightGBM,isotonic,0.8552744401731147,0.32170832239858704,0.027207325768007478,0.024949661813335307,0.32715833571752784,-2.4614603966520128,1.0
within_subject_chronological,within_chb02,chb02,4.0,logistic_regression,Logistic regression,raw,0.3848207045370205,0.024383649907666977,0.4557197848773772,0.5719441148078065,-0.12687655061042113,-3.7930583998921716,0.9999929393212342
within_subject_chronological,within_chb02,chb02,4.0,logistic_regression,Logistic regression,sigmoid,0.3848207045370205,0.024383649907666977,0.0247953345866248,0.04775438373547851,-0.5755753710514775,-5.42869022167334,0.4451007320067915
within_subject_chronological,within_chb02,chb02,4.0,logistic_regression,Logistic regression,isotonic,0.4307232751945974,0.022275389811775147,0.024959054137669415,0.050648312485901854,-0.05933115398937575,-3.9940319665597266,1.0
within_subject_chronological,within_chb02,chb02,4.0,random_forest,Random forest,raw,0.48706791099138225,0.055357649229798245,0.026291703724291272,0.033172595886603665,-0.03146873654725774,-4.00375477494037,0.92
within_subject_chronological,within_chb02,chb02,4.0,random_forest,Random forest,sigmoid,0.5129320890086176,0.024230745883506252,0.022135020720941173,0.03258690164892893,1.189655251815559,-0.4151053794852464,0.0656868395261947
within_subject_chronological,within_chb02,chb02,4.0,random_forest,Random forest,isotonic,0.5196645454503804,0.041223670901802574,0.022786572897486725,0.03034013857104467,0.5534860488550507,-2.195259868464588,1.0
within_subject_chronological,within_chb02,chb02,4.0,lightgbm,LightGBM,raw,0.4686683068295834,0.04687327882317471,0.055430928686441165,0.06505594023073749,0.0061792967366806105,-3.7771652823233732,0.9999629846774012
within_subject_chronological,within_chb02,chb02,4.0,lightgbm,LightGBM,sigmoid,0.4686683068295834,0.04687327882317471,0.022707001297509872,0.031795279964473566,0.039218881517694835,-3.698543112326496,0.3669284539363175
within_subject_chronological,within_chb02,chb02,4.0,lightgbm,LightGBM,isotonic,0.49192609187661207,0.038958925048535986,0.021559547321993767,0.024050700046200062,-0.15330140255206254,-4.302614216916626,1.0
within_subject_chronological,within_chb03,chb03,5.0,logistic_regression,Logistic regression,raw,0.38389004053407416,0.05653618912915339,0.286720517764698,0.4172951693445485,-0.16648919861389486,-2.880084504421922,0.9953514865992715
within_subject_chronological,within_chb03,chb03,5.0,logistic_regression,Logistic regression,sigmoid,0.38388395400442743,0.056541080872239816,0.06960509199295264,0.07527951145353239,-0.17019797923979563,-3.3883348395636337,0.9885702670584919
within_subject_chronological,within_chb03,chb03,5.0,logistic_regression,Logistic regression,isotonic,0.39605380403676355,0.05413253020884415,0.07534695506649636,0.07620870928498066,-0.0827124109769911,-3.105154515155233,1.0
within_subject_chronological,within_chb03,chb03,5.0,random_forest,Random forest,raw,0.4963518447939367,0.05999150318518232,0.06693338521400778,0.06598554752640354,0.015298182432332835,-2.674986640317961,0.96
within_subject_chronological,within_chb03,chb03,5.0,random_forest,Random forest,sigmoid,0.4963518447939367,0.05999150318518232,0.05694501632113034,0.010887872955281428,0.09302943689912671,-2.500385058758595,0.2041222720045112
within_subject_chronological,within_chb03,chb03,5.0,random_forest,Random forest,isotonic,0.49041227717214964,0.056887469384060335,0.0679211251730724,0.06543992255917216,-0.03406071870525193,-2.8637332659659114,1.0
within_subject_chronological,within_chb03,chb03,5.0,lightgbm,LightGBM,raw,0.463417079554705,0.06277336181324991,0.10154062565522154,0.11330968632966039,-0.050147149523281795,-2.9697325248883684,0.9926864905765084
within_subject_chronological,within_chb03,chb03,5.0,lightgbm,LightGBM,sigmoid,0.463417079554705,0.06277336181324991,0.06646491852554673,0.056826784632768974,-0.10816307647007402,-3.096051314561373,0.7481149220733897
within_subject_chronological,within_chb03,chb03,5.0,lightgbm,LightGBM,isotonic,0.47066857097579684,0.056549006963229606,0.06872672463140815,0.060471903841000166,-0.02178768572151021,-2.83275615994728,1.0
within_subject_chronological,within_chb05,chb05,6.0,logistic_regression,Logistic regression,raw,0.7655045404604305,0.35070408573258377,0.1834151675545509,0.22259573970778757,0.2967689899255462,-2.7015040247581052,1.0
within_subject_chronological,within_chb05,chb05,6.0,logistic_regression,Logistic regression,sigmoid,0.7654881371204558,0.3461268096372111,0.04514022383365823,0.01165915647178421,1.4192011395343098,1.3609088373346974,0.507453336290437
within_subject_chronological,within_chb05,chb05,6.0,logistic_regression,Logistic regression,isotonic,0.6193101710740956,0.2812254253305898,0.04345791030214124,0.017261899952896006,1.0081312759541055,0.5056627361579201,0.96
within_subject_chronological,within_chb05,chb05,6.0,random_forest,Random forest,raw,0.7825873449983909,0.32842328599026854,0.04670305725403002,0.031675004632203074,0.23986986007982553,-1.4209133690619284,1.0
within_subject_chronological,within_chb05,chb05,6.0,random_forest,Random forest,sigmoid,0.7825873449983909,0.32842328599026854,0.0514458496575246,0.007675050547811689,2.516683239301591,4.238452707659402,0.28262659356413616
within_subject_chronological,within_chb05,chb05,6.0,random_forest,Random forest,isotonic,0.6918447052805536,0.2716748938684709,0.04669367344997667,0.008606231557494928,0.7384077459914785,-0.6919883918346427,1.0
within_subject_chronological,within_chb05,chb05,6.0,lightgbm,LightGBM,raw,0.8175317942116593,0.40102266941586884,0.0602745511753918,0.06252522366989226,0.2841061365800111,-1.4257971754060708,0.9999344340014816
within_subject_chronological,within_chb05,chb05,6.0,lightgbm,LightGBM,sigmoid,0.8175317942116593,0.40102266941586884,0.04345083382424109,0.01464555119006885,1.2420643895217682,0.4432673700030843,0.6678936714669287
within_subject_chronological,within_chb05,chb05,6.0,lightgbm,LightGBM,isotonic,0.7346349675572192,0.3362182913617968,0.042195375799340705,0.010636924313607812,0.8153874310420529,-0.3817462207110833,1.0
within_subject_chronological,within_chb08,chb08,6.0,logistic_regression,Logistic regression,raw,0.8774834839211114,0.35023541858777896,0.1363991977166849,0.27303610263115136,1.2219080032634526,-3.5468580163798578,0.9986655696197386
within_subject_chronological,within_chb08,chb08,6.0,logistic_regression,Logistic regression,sigmoid,0.8774834839211114,0.35023541858777896,0.02078726473020521,0.015811034579804723,1.171628667474374,-0.13980340914489375,0.9819690430579134
within_subject_chronological,within_chb08,chb08,6.0,logistic_regression,Logistic regression,isotonic,0.8655604334661096,0.29538809319493325,0.021032665081896905,0.014593426537385431,0.32254770124145016,-2.4627731655591156,1.0
within_subject_chronological,within_chb08,chb08,6.0,random_forest,Random forest,raw,0.8195803917441196,0.42060916611518934,0.019913757643135074,0.016812117843246252,0.5568496897762402,-1.6231422094264019,1.0
within_subject_chronological,within_chb08,chb08,6.0,random_forest,Random forest,sigmoid,0.8195803917441196,0.42060916611518934,0.02029869957679217,0.022959527287525087,1.2817382059083355,0.1295775839472581,0.9905203937555165
within_subject_chronological,within_chb08,chb08,6.0,random_forest,Random forest,isotonic,0.8049039867979316,0.3675781456459178,0.0187034860061386,0.022704670849902936,0.6108514311413308,-2.0344804416378848,1.0
within_subject_chronological,within_chb08,chb08,6.0,lightgbm,LightGBM,raw,0.8567429185962412,0.4246763947421006,0.036578742713491506,0.05678019872539734,0.5834388078363912,-2.1936483520998484,0.999549415074667
within_subject_chronological,within_chb08,chb08,6.0,lightgbm,LightGBM,sigmoid,0.8567429185962412,0.4246763947421006,0.01904869370602885,0.013942542152126385,1.2126378875564567,0.07741851465909545,0.8629219763563433
within_subject_chronological,within_chb08,chb08,6.0,lightgbm,LightGBM,isotonic,0.8563440161598497,0.33510041832833,0.019613467758568166,0.011218290637259497,0.30835454099039267,-2.461917227606434,1.0
held_out_subject,loso_chb01,chb01,18.552222222222223,logistic_regression,Logistic regression,raw,0.45135479316566174,0.1516780928946722,0.20022238457573707,0.3856407554432126,0.5066628435295709,-3.10712243176955,0.9978935953989374
held_out_subject,loso_chb01,chb01,18.552222222222223,logistic_regression,Logistic regression,sigmoid,0.45135479316566174,0.1516780928946722,0.035623194015077624,0.011270214093210532,0.7082921162336807,-0.6600898243601335,0.7167048380716479
held_out_subject,loso_chb01,chb01,18.552222222222223,logistic_regression,Logistic regression,isotonic,0.45876075782431835,0.14373054193495535,0.03505508350122127,0.0072382597448435605,0.393385158719648,-1.8297632204698844,0.9459459459459459
held_out_subject,loso_chb01,chb01,18.552222222222223,random_forest,Random forest,raw,0.6052464228973635,0.09438446168706868,0.03774335840349984,0.019776166362029193,0.10526278017321519,-2.8426017766980554,0.94
held_out_subject,loso_chb01,chb01,18.552222222222223,random_forest,Random forest,sigmoid,0.6052464228973635,0.09438446168706868,0.036660331581758424,0.0025402119532227513,0.9294140959345111,-0.2894097109478134,0.07553480145443965
held_out_subject,loso_chb01,chb01,18.552222222222223,random_forest,Random forest,isotonic,0.553251529479166,0.07163318981720422,0.036267947770992966,0.005285216631295006,1.9221598261078092,3.2593831287924355,1.0
held_out_subject,loso_chb01,chb01,18.552222222222223,lightgbm,LightGBM,raw,0.5341929215740335,0.10457093336242548,0.14057199497379125,0.2660873083138889,0.2399914331974255,-3.0112505832598253,0.9899586587553608
held_out_subject,loso_chb01,chb01,18.552222222222223,lightgbm,LightGBM,sigmoid,0.5341929215740335,0.10457093336242548,0.036534835233001696,0.0040434049277080115,0.717087542006621,-0.8157278421578327,0.1774552928555854
held_out_subject,loso_chb01,chb01,18.552222222222223,lightgbm,LightGBM,isotonic,0.5489668464801495,0.09165285639571841,0.03567400292164966,0.004427024605508431,1.6363964146595351,2.2662773289734224,1.0
held_out_subject,loso_chb02,chb02,8.266388888888889,logistic_regression,Logistic regression,raw,0.4769558884727424,0.038074934430729596,0.30925284256320656,0.4899653401456551,0.02815526660643442,-3.468641785067936,1.0
held_out_subject,loso_chb02,chb02,8.266388888888889,logistic_regression,Logistic regression,sigmoid,0.4769558884727424,0.038074934430729596,0.03617918964374619,0.022768597364482897,0.039615812818678195,-3.3301760703082715,0.9982300969968135
held_out_subject,loso_chb02,chb02,8.266388888888889,logistic_regression,Logistic regression,isotonic,0.48674415400120546,0.03842015258607634,0.039400905211511315,0.028395519439606814,0.06757780029530394,-3.2429813887183965,1.0
held_out_subject,loso_chb02,chb02,8.266388888888889,random_forest,Random forest,raw,0.6159488139825218,0.16734038144350422,0.028987000672494954,0.01600739744451917,0.1252741619526087,-2.9210935021739215,0.98
held_out_subject,loso_chb02,chb02,8.266388888888889,random_forest,Random forest,sigmoid,0.6159488139825218,0.16734038144350422,0.0291918850496294,0.005548503087590259,0.6802923711028073,-1.1864024248091627,0.13791467146432998
held_out_subject,loso_chb02,chb02,8.266388888888889,random_forest,Random forest,isotonic,0.6153585058990911,0.15053270901890292,0.027222526199562443,0.003265938889910716,0.6527352345446878,-1.13875815423169,1.0
held_out_subject,loso_chb02,chb02,8.266388888888889,lightgbm,LightGBM,raw,0.6517180773295916,0.17333546452380338,0.14222796643228783,0.27646129392097585,0.5831329925626724,-3.118042688746667,0.9896962527809748
held_out_subject,loso_chb02,chb02,8.266388888888889,lightgbm,LightGBM,sigmoid,0.6517180773295916,0.17333546452380338,0.028248151355601752,0.005790995751361818,1.1838514443067487,0.5910362199416236,0.29341018965402316
held_out_subject,loso_chb02,chb02,8.266388888888889,lightgbm,LightGBM,isotonic,0.5779360883703629,0.15605067583023208,0.026889646728569475,0.0025230084005826844,0.6487253714418652,-1.1936327147381391,1.0
held_out_subject,loso_chb03,chb03,13.0,logistic_regression,Logistic regression,raw,0.5639158059119308,0.09787998549891236,0.14035919807472955,0.256301197751003,0.38383298499458257,-2.5743069783834134,0.9979775707575087
held_out_subject,loso_chb03,chb03,13.0,logistic_regression,Logistic regression,sigmoid,0.5639158059119308,0.09787998549891236,0.05164565163294809,0.04060497450079846,0.3709373600356865,-1.1387186575726307,0.9261305434131465
held_out_subject,loso_chb03,chb03,13.0,logistic_regression,Logistic regression,isotonic,0.5635917367545366,0.09307443217004807,0.05198665251771556,0.04198183153722129,0.10704838249197395,-2.2172158046981694,1.0
held_out_subject,loso_chb03,chb03,13.0,random_forest,Random forest,raw,0.5519594959602161,0.09427273855374607,0.05111362295292256,0.02787488775815624,0.01660643025903907,-2.7628226364730053,0.78
held_out_subject,loso_chb03,chb03,13.0,random_forest,Random forest,sigmoid,0.5519594959602161,0.09427273855374607,0.051560236846725026,0.029370147782877786,0.04547140644636471,-2.668854487767961,0.15417484997222392
held_out_subject,loso_chb03,chb03,13.0,random_forest,Random forest,isotonic,0.5493351581650318,0.08816758199601146,0.05184427162296693,0.034478285286135696,0.1788159688600408,-2.146822453714255,1.0
held_out_subject,loso_chb03,chb03,13.0,lightgbm,LightGBM,raw,0.5892118535921167,0.10725389947358066,0.07190196931599678,0.0748902948537767,0.1833366815554574,-2.2482553336248325,0.9827227881266581
held_out_subject,loso_chb03,chb03,13.0,lightgbm,LightGBM,sigmoid,0.5892118535921167,0.10725389947358066,0.0521642201547941,0.04618385593215331,0.24819018849104343,-1.416172043365861,0.4060210409640955
held_out_subject,loso_chb03,chb03,13.0,lightgbm,LightGBM,isotonic,0.5906789068968882,0.10068043180899976,0.052444447846024686,0.045900968017459874,0.05590946676477568,-2.4049802414748123,1.0
held_out_subject,loso_chb05,chb05,14.002777777777778,logistic_regression,Logistic regression,raw,0.6619744461430745,0.27707506807756654,0.1621559855889173,0.3243410038220977,0.6480679584163614,-3.019269066581679,0.9999999962144699
held_out_subject,loso_chb05,chb05,14.002777777777778,logistic_regression,Logistic regression,sigmoid,0.6619744461430745,0.27707506807756654,0.033673436361093836,0.00952089917270923,0.8906500505379903,-0.04559413936887109,0.9988012898510163
held_out_subject,loso_chb05,chb05,14.002777777777778,logistic_regression,Logistic regression,isotonic,0.6671121355528292,0.2566729959404902,0.03345588878843431,0.004729798482780211,0.8157654600095462,-0.4956905800163046,1.0
held_out_subject,loso_chb05,chb05,14.002777777777778,random_forest,Random forest,raw,0.6471089720325537,0.06988553440998395,0.05628152911754197,0.055270533126910396,0.12606440074242084,-2.6310828036938676,0.97
held_out_subject,loso_chb05,chb05,14.002777777777778,random_forest,Random forest,sigmoid,0.6471089720325537,0.06988553440998395,0.03889055501800421,0.0008903778263305873,0.7957850461104072,-0.6037338941459056,0.11936553910814714
held_out_subject,loso_chb05,chb05,14.002777777777778,random_forest,Random forest,isotonic,0.6434571736435403,0.0663919205914662,0.045232784222254005,0.022305085335714025,0.2167378079872028,-2.4546134321987445,1.0
held_out_subject,loso_chb05,chb05,14.002777777777778,lightgbm,LightGBM,raw,0.6679261599039061,0.07590332923490217,0.17025336557257753,0.23529363434290862,0.2664459565976673,-2.8931882405458285,0.9963431158918711
held_out_subject,loso_chb05,chb05,14.002777777777778,lightgbm,LightGBM,sigmoid,0.6679261599039061,0.07590332923490217,0.04010924531085177,0.020744658618049874,0.4900977677993091,-1.478623441635367,0.5416816747433331
held_out_subject,loso_chb05,chb05,14.002777777777778,lightgbm,LightGBM,isotonic,0.6538744692672838,0.07167062064362129,0.04729622590953526,0.02963082161556997,0.30792438633802177,-2.140772625201556,1.0
held_out_subject,loso_chb08,chb08,14.0,logistic_regression,Logistic regression,raw,0.6199747540033055,0.2092534715107933,0.2982249407095401,0.4873465906346157,0.7060193507747191,-3.2668326359416517,0.999831735662225
held_out_subject,loso_chb08,chb08,14.0,logistic_regression,Logistic regression,sigmoid,0.6199747540033055,0.20925347151079332,0.04322279408256787,0.013685089081402617,1.316523190290282,1.3808667987268872,0.7564681967776644
held_out_subject,loso_chb08,chb08,14.0,logistic_regression,Logistic regression,isotonic,0.6252349045073858,0.19187407337576107,0.04174186560221452,0.014391536417431171,1.1829065085200976,1.0188289092626337,1.0
held_out_subject,loso_chb08,chb08,14.0,random_forest,Random forest,raw,0.623005901470267,0.18606086192914426,0.04331217740014294,0.01728539664893194,0.07345816116862369,-2.60292775580774,0.87
held_out_subject,loso_chb08,chb08,14.0,random_forest,Random forest,sigmoid,0.623005901470267,0.18606086192914426,0.045835669371382164,0.017566356383630716,0.6032399644818098,-0.8746805038380437,0.06689481693256422
held_out_subject,loso_chb08,chb08,14.0,random_forest,Random forest,isotonic,0.6163317122151858,0.16386734431728361,0.044963037711847426,0.02256088160098612,2.1899791717494925,4.946602991530839,1.0
held_out_subject,loso_chb08,chb08,14.0,lightgbm,LightGBM,raw,0.6185410810831646,0.20311892538298512,0.11108614659030375,0.2015223145436019,0.49227396500656806,-2.466594156761695,0.9902498494457272
held_out_subject,loso_chb08,chb08,14.0,lightgbm,LightGBM,sigmoid,0.6185410810831646,0.20311892538298512,0.045425754756294026,0.02205888813171176,1.4619697004095245,2.2624753758382274,0.1572299067729551
held_out_subject,loso_chb08,chb08,14.0,lightgbm,LightGBM,isotonic,0.6301018037692648,0.1815966716671091,0.04439918575191611,0.022747754747482217,2.3253113472388853,5.522815979884415,1.0
