fold,exposure,method,bin,n,mean_probability,observed_fraction
loso_chb01,original,raw,1,4337,0.06217290158210685,0.03343324878948582
loso_chb01,original,raw,2,7748,0.1493000085418081,0.03962312854930305
loso_chb01,original,raw,3,6269,0.24838224042597223,0.036369436911788164
loso_chb01,original,raw,4,5372,0.34925681584910234,0.02866716306775875
loso_chb01,original,raw,5,4339,0.44612293478095816,0.03295690251209956
loso_chb01,original,raw,6,2651,0.5450204524509487,0.031308940022632965
loso_chb01,original,raw,7,1346,0.6434669749574905,0.03863298662704309
loso_chb01,original,raw,8,681,0.7464607199417166,0.0763582966226138
loso_chb01,original,raw,9,526,0.8442060496360391,0.08935361216730038
loso_chb01,original,raw,10,104,0.935771210580765,0.625
loso_chb01,original,sigmoid,1,33321,0.034048109263183524,0.03688364694937127
loso_chb01,original,sigmoid,2,52,0.12581535748195133,0.9038461538461539
loso_chb01,original,sigmoid,3,0,,
loso_chb01,original,sigmoid,4,0,,
loso_chb01,original,sigmoid,5,0,,
loso_chb01,original,sigmoid,6,0,,
loso_chb01,original,sigmoid,7,0,,
loso_chb01,original,sigmoid,8,0,,
loso_chb01,original,sigmoid,9,0,,
loso_chb01,original,sigmoid,10,0,,
loso_chb01,original,isotonic,1,33308,0.03283562797033641,0.03674792842560346
loso_chb01,original,isotonic,2,24,0.10853960396039604,0.5
loso_chb01,original,isotonic,3,2,0.21308978413944102,0.5
loso_chb01,original,isotonic,4,0,,
loso_chb01,original,isotonic,5,4,0.4444444444444444,1.0
loso_chb01,original,isotonic,6,4,0.5384615384615384,1.0
loso_chb01,original,isotonic,7,6,0.6666666666666666,1.0
loso_chb01,original,isotonic,8,1,0.7250574094498569,1.0
loso_chb01,original,isotonic,9,7,0.84,1.0
loso_chb01,original,isotonic,10,17,1.0,1.0
loso_chb01,additional,raw,1,2779,0.06747717012089353,0.0
loso_chb01,additional,raw,2,6578,0.1524866641928902,0.0
loso_chb01,additional,raw,3,6527,0.2499437181767918,0.0
loso_chb01,additional,raw,4,6113,0.34961422328099323,0.0
loso_chb01,additional,raw,5,5815,0.44936650319964777,0.0
loso_chb01,additional,raw,6,5409,0.5487632888184247,0.0
loso_chb01,additional,raw,7,4033,0.6470147554145432,0.0
loso_chb01,additional,raw,8,1961,0.740058144549608,0.0
loso_chb01,additional,raw,9,334,0.8329862179619629,0.0
loso_chb01,additional,raw,10,29,0.9280173819537443,0.0
loso_chb01,additional,sigmoid,1,39567,0.038328505545208114,0.0
loso_chb01,additional,sigmoid,2,11,0.12047791501713637,0.0
loso_chb01,additional,sigmoid,3,0,,
loso_chb01,additional,sigmoid,4,0,,
loso_chb01,additional,sigmoid,5,0,,
loso_chb01,additional,sigmoid,6,0,,
loso_chb01,additional,sigmoid,7,0,,
loso_chb01,additional,sigmoid,8,0,,
loso_chb01,additional,sigmoid,9,0,,
loso_chb01,additional,sigmoid,10,0,,
loso_chb01,additional,isotonic,1,39561,0.03292200933570208,0.0
loso_chb01,additional,isotonic,2,10,0.10801980198019803,0.0
loso_chb01,additional,isotonic,3,1,0.21428571428571427,0.0
loso_chb01,additional,isotonic,4,0,,
loso_chb01,additional,isotonic,5,0,,
loso_chb01,additional,isotonic,6,1,0.5384615384615384,0.0
loso_chb01,additional,isotonic,7,1,0.6666666666666666,0.0
loso_chb01,additional,isotonic,8,0,,
loso_chb01,additional,isotonic,9,2,0.84,0.0
loso_chb01,additional,isotonic,10,2,1.0,0.0
loso_chb01,combined,raw,1,7116,0.06424436901736376,0.020376616076447442
loso_chb01,combined,raw,2,14326,0.15076320977542654,0.021429568616501467
loso_chb01,combined,raw,3,12796,0.24917872098861674,0.017818068146295718
loso_chb01,combined,raw,4,11485,0.3494470493389716,0.013408794079233783
loso_chb01,combined,raw,5,10154,0.44798046386847834,0.014083119952727988
loso_chb01,combined,raw,6,8060,0.5475322392886259,0.010297766749379652
loso_chb01,combined,raw,7,5379,0.6461269858486028,0.009667224391150772
loso_chb01,combined,raw,8,2642,0.7417084677297844,0.01968205904617714
loso_chb01,combined,raw,9,860,0.8398485801254096,0.05465116279069768
loso_chb01,combined,raw,10,133,0.9340805261432943,0.48872180451127817
loso_chb01,combined,sigmoid,1,72888,0.036371707656483745,0.01686148611568434
loso_chb01,combined,sigmoid,2,63,0.12488342308333283,0.746031746031746
loso_chb01,combined,sigmoid,3,0,,
loso_chb01,combined,sigmoid,4,0,,
loso_chb01,combined,sigmoid,5,0,,
loso_chb01,combined,sigmoid,6,0,,
loso_chb01,combined,sigmoid,7,0,,
loso_chb01,combined,sigmoid,8,0,,
loso_chb01,combined,sigmoid,9,0,,
loso_chb01,combined,sigmoid,10,0,,
loso_chb01,combined,isotonic,1,72869,0.032882524911357035,0.01679726632724478
loso_chb01,combined,isotonic,2,34,0.1083867210250437,0.35294117647058826
loso_chb01,combined,isotonic,3,3,0.2134884275215321,0.3333333333333333
loso_chb01,combined,isotonic,4,0,,
loso_chb01,combined,isotonic,5,4,0.4444444444444444,1.0
loso_chb01,combined,isotonic,6,5,0.5384615384615384,0.8
loso_chb01,combined,isotonic,7,7,0.6666666666666666,0.8571428571428571
loso_chb01,combined,isotonic,8,1,0.7250574094498569,1.0
loso_chb01,combined,isotonic,9,9,0.84,0.7777777777777778
loso_chb01,combined,isotonic,10,19,1.0,0.8947368421052632
loso_chb02,original,raw,1,2153,0.06405399443202216,0.003251277287505806
loso_chb02,original,raw,2,3786,0.14994402357644196,0.021394611727416798
loso_chb02,original,raw,3,2714,0.24589614482765568,0.040530582166543844
loso_chb02,original,raw,4,1886,0.347384979683425,0.037645811240721104
loso_chb02,original,raw,5,1453,0.44767736199737407,0.026841018582243633
loso_chb02,original,raw,6,1165,0.5485145602433172,0.03347639484978541
loso_chb02,original,raw,7,924,0.6515074634757521,0.0183982683982684
loso_chb02,original,raw,8,422,0.7447952828853076,0.02132701421800948
loso_chb02,original,raw,9,187,0.8486144241444226,0.0106951871657754
loso_chb02,original,raw,10,180,0.9465046443183883,0.42777777777777776
loso_chb02,original,sigmoid,1,14636,0.02856240663614295,0.025553429898879477
loso_chb02,original,sigmoid,2,191,0.134948124014107,0.225130890052356
loso_chb02,original,sigmoid,3,43,0.2360973259800846,0.813953488372093
loso_chb02,original,sigmoid,4,0,,
loso_chb02,original,sigmoid,5,0,,
loso_chb02,original,sigmoid,6,0,,
loso_chb02,original,sigmoid,7,0,,
loso_chb02,original,sigmoid,8,0,,
loso_chb02,original,sigmoid,9,0,,
loso_chb02,original,sigmoid,10,0,,
loso_chb02,original,isotonic,1,14731,0.024363338508382,0.025728056479532958
loso_chb02,original,isotonic,2,24,0.1243523316062176,0.16666666666666666
loso_chb02,original,isotonic,3,13,0.20000000000000004,0.3076923076923077
loso_chb02,original,isotonic,4,11,0.3684210526315789,0.18181818181818182
loso_chb02,original,isotonic,5,0,,
loso_chb02,original,isotonic,6,0,,
loso_chb02,original,isotonic,7,34,0.6046511627906977,0.6176470588235294
loso_chb02,original,isotonic,8,1,0.7694394236019897,0.0
loso_chb02,original,isotonic,9,11,0.8571428571428572,0.5454545454545454
loso_chb02,original,isotonic,10,45,0.9845650565767086,0.8
loso_chb02,additional,raw,1,17294,0.041720669182166895,0.0
loso_chb02,additional,raw,2,10642,0.148720677649066,0.0
loso_chb02,additional,raw,3,7748,0.24603503809215913,0.0
loso_chb02,additional,raw,4,4720,0.3457928253107605,0.0
loso_chb02,additional,raw,5,3218,0.4477889257837135,0.0
loso_chb02,additional,raw,6,2365,0.5461045342494681,0.0
loso_chb02,additional,raw,7,1478,0.6444563021716404,0.0
loso_chb02,additional,raw,8,789,0.7422164082024437,0.0
loso_chb02,additional,raw,9,238,0.8407996805133325,0.0
loso_chb02,additional,raw,10,81,0.9308770179066346,0.0
loso_chb02,additional,sigmoid,1,48441,0.021802617147448678,0.0
loso_chb02,additional,sigmoid,2,127,0.12437094287139598,0.0
loso_chb02,additional,sigmoid,3,5,0.2239637012446173,0.0
loso_chb02,additional,sigmoid,4,0,,
loso_chb02,additional,sigmoid,5,0,,
loso_chb02,additional,sigmoid,6,0,,
loso_chb02,additional,sigmoid,7,0,,
loso_chb02,additional,sigmoid,8,0,,
loso_chb02,additional,sigmoid,9,0,,
loso_chb02,additional,sigmoid,10,0,,
loso_chb02,additional,isotonic,1,48520,0.022348079589060443,0.0
loso_chb02,additional,isotonic,2,24,0.1243523316062176,0.0
loso_chb02,additional,isotonic,3,8,0.2,0.0
loso_chb02,additional,isotonic,4,3,0.3684210526315789,0.0
loso_chb02,additional,isotonic,5,0,,
loso_chb02,additional,isotonic,6,0,,
loso_chb02,additional,isotonic,7,9,0.6046511627906976,0.0
loso_chb02,additional,isotonic,8,0,,
loso_chb02,additional,isotonic,9,4,0.8571428571428571,0.0
loso_chb02,additional,isotonic,10,5,0.9822222222222221,0.0
loso_chb02,combined,raw,1,19447,0.04419321760932473,0.0003599526919319175
loso_chb02,combined,raw,2,14428,0.14904169148889446,0.0056140837260881616
loso_chb02,combined,raw,3,10462,0.24599900709236347,0.010514242018734467
loso_chb02,combined,raw,4,6606,0.346247382250943,0.010747805025734181
loso_chb02,combined,raw,5,4671,0.44775422182705515,0.008349389852280027
loso_chb02,combined,raw,6,3530,0.5468999111001294,0.01104815864022663
loso_chb02,combined,raw,7,2402,0.6471687389097749,0.007077435470441299
loso_chb02,combined,raw,8,1211,0.7431150746897837,0.007431874483897605
loso_chb02,combined,raw,9,425,0.8442381677110121,0.004705882352941176
loso_chb02,combined,raw,10,261,0.9416546912940508,0.2950191570881226
loso_chb02,combined,sigmoid,1,63077,0.02337111721810089,0.005929261061876754
loso_chb02,combined,sigmoid,2,318,0.13072390387220667,0.13522012578616352
loso_chb02,combined,sigmoid,3,48,0.23483340673680675,0.7291666666666666
loso_chb02,combined,sigmoid,4,0,,
loso_chb02,combined,sigmoid,5,0,,
loso_chb02,combined,sigmoid,6,0,,
loso_chb02,combined,sigmoid,7,0,,
loso_chb02,combined,sigmoid,8,0,,
loso_chb02,combined,sigmoid,9,0,,
loso_chb02,combined,sigmoid,10,0,,
loso_chb02,combined,isotonic,1,63251,0.02281742836047158,0.005992000126480213
loso_chb02,combined,isotonic,2,48,0.1243523316062176,0.08333333333333333
loso_chb02,combined,isotonic,3,21,0.20000000000000004,0.19047619047619047
loso_chb02,combined,isotonic,4,14,0.36842105263157887,0.14285714285714285
loso_chb02,combined,isotonic,5,0,,
loso_chb02,combined,isotonic,6,0,,
loso_chb02,combined,isotonic,7,43,0.6046511627906977,0.4883720930232558
loso_chb02,combined,isotonic,8,1,0.7694394236019897,0.0
loso_chb02,combined,isotonic,9,15,0.8571428571428573,0.4
loso_chb02,combined,isotonic,10,50,0.98433077314126,0.72
loso_chb03,original,raw,1,17913,0.019447082751544238,0.041589906771618376
loso_chb03,original,raw,2,1957,0.14330222339125115,0.0633622892181911
loso_chb03,original,raw,3,947,0.2452988125908512,0.08130939809926083
loso_chb03,original,raw,4,712,0.34671685114134543,0.08567415730337079
loso_chb03,original,raw,5,572,0.4490490961737334,0.08041958041958042
loso_chb03,original,raw,6,497,0.5494681676684687,0.1267605633802817
loso_chb03,original,raw,7,356,0.648724992234028,0.10674157303370786
loso_chb03,original,raw,8,251,0.7458467998879612,0.17928286852589642
loso_chb03,original,raw,9,139,0.8473879527419372,0.2733812949640288
loso_chb03,original,raw,10,43,0.9379014553467218,0.4418604651162791
loso_chb03,original,sigmoid,1,23247,0.006674288806103602,0.0519206779369381
loso_chb03,original,sigmoid,2,120,0.1289498977739448,0.35
loso_chb03,original,sigmoid,3,8,0.2266997117585531,0.375
loso_chb03,original,sigmoid,4,11,0.3508550048420587,0.36363636363636365
loso_chb03,original,sigmoid,5,1,0.4060210409640955,0.0
loso_chb03,original,sigmoid,6,0,,
loso_chb03,original,sigmoid,7,0,,
loso_chb03,original,sigmoid,8,0,,
loso_chb03,original,sigmoid,9,0,,
loso_chb03,original,sigmoid,10,0,,
loso_chb03,original,isotonic,1,23352,0.00782386120154828,0.05314319972593354
loso_chb03,original,isotonic,2,14,0.12022848646680422,0.5714285714285714
loso_chb03,original,isotonic,3,3,0.2338709677419355,0.0
loso_chb03,original,isotonic,4,5,0.32519291721945437,0.4
loso_chb03,original,isotonic,5,0,,
loso_chb03,original,isotonic,6,0,,
loso_chb03,original,isotonic,7,0,,
loso_chb03,original,isotonic,8,1,0.7037037037037037,1.0
loso_chb03,original,isotonic,9,0,,
loso_chb03,original,isotonic,10,12,0.9583333333333331,0.3333333333333333
loso_chb03,additional,raw,1,33935,0.017220587601791053,0.0
loso_chb03,additional,raw,2,3055,0.14476818467972571,0.0
loso_chb03,additional,raw,3,2082,0.2467657798035875,0.0
loso_chb03,additional,raw,4,1395,0.346886004873166,0.0
loso_chb03,additional,raw,5,1173,0.4500076467585816,0.0
loso_chb03,additional,raw,6,1055,0.5493200625983748,0.0
loso_chb03,additional,raw,7,1075,0.6500444003253766,0.0
loso_chb03,additional,raw,8,798,0.7459391826454616,0.0
loso_chb03,additional,raw,9,372,0.8392285730175367,0.0
loso_chb03,additional,raw,10,38,0.924646559250474,0.0
loso_chb03,additional,sigmoid,1,44715,0.0077467446655351095,0.0
loso_chb03,additional,sigmoid,2,253,0.12151910527965634,0.0
loso_chb03,additional,sigmoid,3,8,0.2376318833214406,0.0
loso_chb03,additional,sigmoid,4,2,0.32351899381680493,0.0
loso_chb03,additional,sigmoid,5,0,,
loso_chb03,additional,sigmoid,6,0,,
loso_chb03,additional,sigmoid,7,0,,
loso_chb03,additional,sigmoid,8,0,,
loso_chb03,additional,sigmoid,9,0,,
loso_chb03,additional,sigmoid,10,0,,
loso_chb03,additional,isotonic,1,44952,0.008272870750994477,0.0
loso_chb03,additional,isotonic,2,15,0.1201359388275276,0.0
loso_chb03,additional,isotonic,3,4,0.23790322580645162,0.0
loso_chb03,additional,isotonic,4,2,0.3103448275862069,0.0
loso_chb03,additional,isotonic,5,0,,
loso_chb03,additional,isotonic,6,0,,
loso_chb03,additional,isotonic,7,0,,
loso_chb03,additional,isotonic,8,3,0.7037037037037037,0.0
loso_chb03,additional,isotonic,9,0,,
loso_chb03,additional,isotonic,10,2,0.9166666666666666,0.0
loso_chb03,combined,raw,1,51848,0.01798982089174493,0.014368924548680759
loso_chb03,combined,raw,2,5012,0.14419578119976864,0.024740622505985636
loso_chb03,combined,raw,3,3029,0.24630714066510576,0.025420931000330143
loso_chb03,combined,raw,4,2107,0.3468288442385878,0.02895111532985287
loso_chb03,combined,raw,5,1745,0.44969343991930766,0.026361031518624643
loso_chb03,combined,raw,6,1552,0.5493674905750737,0.04059278350515464
loso_chb03,combined,raw,7,1431,0.6497161618344471,0.026554856743535988
loso_chb03,combined,raw,8,1049,0.7459170777149253,0.042897998093422304
loso_chb03,combined,raw,9,511,0.8414480520423738,0.07436399217221135
loso_chb03,combined,raw,10,81,0.9316831090299637,0.2345679012345679
loso_chb03,combined,sigmoid,1,67962,0.0073799017038182054,0.017759924663782702
loso_chb03,combined,sigmoid,2,373,0.12390970876307354,0.1126005361930295
loso_chb03,combined,sigmoid,3,16,0.23216579753999686,0.1875
loso_chb03,combined,sigmoid,4,13,0.3466494646843274,0.3076923076923077
loso_chb03,combined,sigmoid,5,1,0.4060210409640955,0.0
loso_chb03,combined,sigmoid,6,0,,
loso_chb03,combined,sigmoid,7,0,,
loso_chb03,combined,sigmoid,8,0,,
loso_chb03,combined,sigmoid,9,0,,
loso_chb03,combined,sigmoid,10,0,,
loso_chb03,combined,isotonic,1,68304,0.008119361864272359,0.018168774888732725
loso_chb03,combined,isotonic,2,29,0.12018061699821288,0.27586206896551724
loso_chb03,combined,isotonic,3,7,0.23617511520737328,0.0
loso_chb03,combined,isotonic,4,7,0.32095060589566937,0.2857142857142857
loso_chb03,combined,isotonic,5,0,,
loso_chb03,combined,isotonic,6,0,,
loso_chb03,combined,isotonic,7,0,,
loso_chb03,combined,isotonic,8,4,0.7037037037037037,0.25
loso_chb03,combined,isotonic,9,0,,
loso_chb03,combined,isotonic,10,14,0.9523809523809522,0.2857142857142857
loso_chb05,original,raw,1,10749,0.04318382054538667,0.02065308400781468
loso_chb05,original,raw,2,4044,0.14447593841413917,0.02695351137487636
loso_chb05,original,raw,3,2226,0.2458216269302321,0.06154537286612758
loso_chb05,original,raw,4,1440,0.3470034439127742,0.06875
loso_chb05,original,raw,5,1117,0.44780060965156054,0.048343777976723366
loso_chb05,original,raw,6,905,0.5496464627984232,0.06077348066298342
loso_chb05,original,raw,7,856,0.6499331417081239,0.0689252336448598
loso_chb05,original,raw,8,1011,0.7511391602809363,0.06429277942631058
loso_chb05,original,raw,9,1467,0.8534825655465634,0.06952965235173825
loso_chb05,original,raw,10,1376,0.9429707457453665,0.09375
loso_chb05,original,sigmoid,1,22128,0.024808121136573665,0.035701373825018076
loso_chb05,original,sigmoid,2,2353,0.13961460373438778,0.06459838504037399
loso_chb05,original,sigmoid,3,517,0.23653613920135297,0.11218568665377177
loso_chb05,original,sigmoid,4,139,0.34333952354830094,0.22302158273381295
loso_chb05,original,sigmoid,5,51,0.44005267491581723,0.0
loso_chb05,original,sigmoid,6,3,0.5211910031206772,0.0
loso_chb05,original,sigmoid,7,0,,
loso_chb05,original,sigmoid,8,0,,
loso_chb05,original,sigmoid,9,0,,
loso_chb05,original,sigmoid,10,0,,
loso_chb05,original,isotonic,1,22912,0.026266678488174447,0.036749301675977654
loso_chb05,original,isotonic,2,1226,0.12055237574328295,0.06606851549755302
loso_chb05,original,isotonic,3,32,0.2855834190518277,0.09375
loso_chb05,original,isotonic,4,472,0.3474177003744903,0.046610169491525424
loso_chb05,original,isotonic,5,79,0.455749914348923,0.06329113924050633
loso_chb05,original,isotonic,6,231,0.5919903627248073,0.16017316017316016
loso_chb05,original,isotonic,7,7,0.6609334131738894,0.14285714285714285
loso_chb05,original,isotonic,8,100,0.7834574285844486,0.21
loso_chb05,original,isotonic,9,87,0.8682547829490566,0.21839080459770116
loso_chb05,original,isotonic,10,45,0.9571259622437274,0.0
loso_chb05,additional,raw,1,12952,0.045936956280293414,0.0
loso_chb05,additional,raw,2,6603,0.1458749967476476,0.0
loso_chb05,additional,raw,3,4382,0.24658757533224207,0.0
loso_chb05,additional,raw,4,2997,0.34640836765109356,0.0
loso_chb05,additional,raw,5,2258,0.44845480377312835,0.0
loso_chb05,additional,raw,6,2159,0.5497739906138176,0.0
loso_chb05,additional,raw,7,2118,0.6508134186591188,0.0
loso_chb05,additional,raw,8,2293,0.7508258345176009,0.0
loso_chb05,additional,raw,9,3096,0.8540577053829044,0.0
loso_chb05,additional,raw,10,6117,0.954122380958817,0.0
loso_chb05,additional,sigmoid,1,35257,0.030133217890325897,0.0
loso_chb05,additional,sigmoid,2,5607,0.14405190077745555,0.0
loso_chb05,additional,sigmoid,3,2478,0.2417064264092899,0.0
loso_chb05,additional,sigmoid,4,1056,0.3443919958484953,0.0
loso_chb05,additional,sigmoid,5,498,0.4442968350095193,0.0
loso_chb05,additional,sigmoid,6,79,0.5201282971211745,0.0
loso_chb05,additional,sigmoid,7,0,,
loso_chb05,additional,sigmoid,8,0,,
loso_chb05,additional,sigmoid,9,0,,
loso_chb05,additional,sigmoid,10,0,,
loso_chb05,additional,isotonic,1,36927,0.02874541532400454,0.0
loso_chb05,additional,isotonic,2,2768,0.12141980113224585,0.0
loso_chb05,additional,isotonic,3,80,0.2861309604952437,0.0
loso_chb05,additional,isotonic,4,1670,0.34790265337173265,0.0
loso_chb05,additional,isotonic,5,360,0.45514595508351297,0.0
loso_chb05,additional,isotonic,6,1211,0.5923635304545307,0.0
loso_chb05,additional,isotonic,7,47,0.6438733091418694,0.0
loso_chb05,additional,isotonic,8,726,0.7823636320378725,0.0
loso_chb05,additional,isotonic,9,724,0.8678930072315825,0.0
loso_chb05,additional,isotonic,10,462,0.9694092267562153,0.0
loso_chb05,combined,raw,1,23701,0.04468833993437921,0.009366693388464622
loso_chb05,combined,raw,2,10647,0.1453435989923449,0.010237625622241007
loso_chb05,combined,raw,3,6608,0.24632955457817515,0.020732445520581115
loso_chb05,combined,raw,4,4437,0.3466014958496106,0.02231237322515213
loso_chb05,combined,raw,5,3375,0.44823828974830127,0.016
loso_chb05,combined,raw,6,3064,0.5497363232923645,0.017950391644908616
loso_chb05,combined,raw,7,2974,0.6505600504445755,0.01983860121049092
loso_chb05,combined,raw,8,3304,0.7509217099252073,0.01967312348668281
loso_chb05,combined,raw,9,4563,0.8538727984927197,0.022353714661406968
loso_chb05,combined,raw,10,7493,0.9520745162779537,0.017216068330441744
loso_chb05,combined,sigmoid,1,57385,0.028079828660265264,0.013766663762307223
loso_chb05,combined,sigmoid,2,7960,0.14274022239273967,0.019095477386934675
loso_chb05,combined,sigmoid,3,2995,0.24081392607990645,0.019365609348914858
loso_chb05,combined,sigmoid,4,1195,0.3442695743842886,0.02594142259414226
loso_chb05,combined,sigmoid,5,549,0.44390256877130657,0.0
loso_chb05,combined,sigmoid,6,82,0.5201671766089612,0.0
loso_chb05,combined,sigmoid,7,0,,
loso_chb05,combined,sigmoid,8,0,,
loso_chb05,combined,sigmoid,9,0,,
loso_chb05,combined,sigmoid,10,0,,
loso_chb05,combined,isotonic,1,59839,0.027796321616179558,0.014071090760206554
loso_chb05,combined,isotonic,2,3994,0.12115353585260925,0.02028042063094642
loso_chb05,combined,isotonic,3,112,0.28597452008283913,0.026785714285714284
loso_chb05,combined,isotonic,4,2142,0.34779579164685015,0.01027077497665733
loso_chb05,combined,isotonic,5,439,0.4552546402360582,0.011389521640091117
loso_chb05,combined,isotonic,6,1442,0.5923037511580216,0.02565880721220527
loso_chb05,combined,isotonic,7,54,0.6460848041089831,0.018518518518518517
loso_chb05,combined,isotonic,8,826,0.7824960529272886,0.025423728813559324
loso_chb05,combined,isotonic,9,811,0.8679318167105223,0.02342786683107275
loso_chb05,combined,isotonic,10,507,0.9683189961781838,0.0
loso_chb08,original,raw,1,6197,0.05739122076393712,0.040342101016620946
loso_chb08,original,raw,2,6649,0.14699123166883277,0.031433298240336895
loso_chb08,original,raw,3,4346,0.24592013806643725,0.03313391624482283
loso_chb08,original,raw,4,2985,0.34721535526774505,0.037520938023450585
loso_chb08,original,raw,5,1984,0.44831676522122355,0.05594758064516129
loso_chb08,original,raw,6,1358,0.5446922175420695,0.053019145802650956
loso_chb08,original,raw,7,813,0.6452989173397154,0.08364083640836409
loso_chb08,original,raw,8,418,0.7474922938727971,0.1507177033492823
loso_chb08,original,raw,9,289,0.848875364049655,0.2560553633217993
loso_chb08,original,raw,10,147,0.937271371949715,0.7414965986394558
loso_chb08,original,sigmoid,1,25150,0.02593654696840689,0.0468389662027833
loso_chb08,original,sigmoid,2,36,0.1144635349798479,0.9444444444444444
loso_chb08,original,sigmoid,3,0,,
loso_chb08,original,sigmoid,4,0,,
loso_chb08,original,sigmoid,5,0,,
loso_chb08,original,sigmoid,6,0,,
loso_chb08,original,sigmoid,7,0,,
loso_chb08,original,sigmoid,8,0,,
loso_chb08,original,sigmoid,9,0,,
loso_chb08,original,sigmoid,10,0,,
loso_chb08,original,isotonic,1,25092,0.02391920867811071,0.04503427387215048
loso_chb08,original,isotonic,2,42,0.11023159773268248,0.8095238095238095
loso_chb08,original,isotonic,3,14,0.27777777777777773,0.8571428571428571
loso_chb08,original,isotonic,4,1,0.32214938589187553,1.0
loso_chb08,original,isotonic,5,1,0.41411320994690315,1.0
loso_chb08,original,isotonic,6,0,,
loso_chb08,original,isotonic,7,18,0.6956521739130435,0.8888888888888888
loso_chb08,original,isotonic,8,0,,
loso_chb08,original,isotonic,9,0,,
loso_chb08,original,isotonic,10,18,0.9509803921568627,1.0
loso_chb08,additional,raw,1,3805,0.04923405637093689,0.0
loso_chb08,additional,raw,2,1427,0.1457475729962663,0.0
loso_chb08,additional,raw,3,1152,0.25007019489306725,0.0
loso_chb08,additional,raw,4,1132,0.350866791548596,0.0
loso_chb08,additional,raw,5,1067,0.44628293253609397,0.0
loso_chb08,additional,raw,6,947,0.5491389857459448,0.0
loso_chb08,additional,raw,7,599,0.6437594002012791,0.0
loso_chb08,additional,raw,8,358,0.747540941358871,0.0
loso_chb08,additional,raw,9,281,0.8450807293368527,0.0
loso_chb08,additional,raw,10,37,0.9236208274700746,0.0
loso_chb08,additional,sigmoid,1,10802,0.027153223519509034,0.0
loso_chb08,additional,sigmoid,2,3,0.10120983486929935,0.0
loso_chb08,additional,sigmoid,3,0,,
loso_chb08,additional,sigmoid,4,0,,
loso_chb08,additional,sigmoid,5,0,,
loso_chb08,additional,sigmoid,6,0,,
loso_chb08,additional,sigmoid,7,0,,
loso_chb08,additional,sigmoid,8,0,,
loso_chb08,additional,sigmoid,9,0,,
loso_chb08,additional,sigmoid,10,0,,
loso_chb08,additional,isotonic,1,10788,0.024789061872966544,0.0
loso_chb08,additional,isotonic,2,10,0.10465116279069768,0.0
loso_chb08,additional,isotonic,3,4,0.2777777777777778,0.0
loso_chb08,additional,isotonic,4,0,,
loso_chb08,additional,isotonic,5,0,,
loso_chb08,additional,isotonic,6,1,0.5550565764157245,0.0
loso_chb08,additional,isotonic,7,2,0.6956521739130435,0.0
loso_chb08,additional,isotonic,8,0,,
loso_chb08,additional,isotonic,9,0,,
loso_chb08,additional,isotonic,10,0,,
loso_chb08,combined,raw,1,10002,0.05428804034848361,0.02499500099980004
loso_chb08,combined,raw,2,8076,0.14677148167802637,0.025879148093115405
loso_chb08,combined,raw,3,5498,0.24678970253793195,0.0261913423062932
loso_chb08,combined,raw,4,4117,0.3482193450345469,0.02720427495749332
loso_chb08,combined,raw,5,3051,0.44760549040148145,0.03638151425762045
loso_chb08,combined,raw,6,2305,0.5465191544136834,0.031236442516268982
loso_chb08,combined,raw,7,1412,0.6446458218964269,0.04815864022662889
loso_chb08,combined,raw,8,776,0.747514736914053,0.08118556701030928
loso_chb08,combined,raw,9,570,0.8470046757087824,0.12982456140350876
loso_chb08,combined,raw,10,184,0.9345264255054393,0.592391304347826
loso_chb08,combined,sigmoid,1,35952,0.026302104937504723,0.0327659101023587
loso_chb08,combined,sigmoid,2,39,0.11344401958672878,0.8717948717948718
loso_chb08,combined,sigmoid,3,0,,
loso_chb08,combined,sigmoid,4,0,,
loso_chb08,combined,sigmoid,5,0,,
loso_chb08,combined,sigmoid,6,0,,
loso_chb08,combined,sigmoid,7,0,,
loso_chb08,combined,sigmoid,8,0,,
loso_chb08,combined,sigmoid,9,0,,
loso_chb08,combined,sigmoid,10,0,,
loso_chb08,combined,isotonic,1,35880,0.024180746478169368,0.03149386845039019
loso_chb08,combined,isotonic,2,52,0.10915843716691617,0.6538461538461539
loso_chb08,combined,isotonic,3,18,0.2777777777777778,0.6666666666666666
loso_chb08,combined,isotonic,4,1,0.32214938589187553,1.0
loso_chb08,combined,isotonic,5,1,0.41411320994690315,1.0
loso_chb08,combined,isotonic,6,1,0.5550565764157245,0.0
loso_chb08,combined,isotonic,7,20,0.6956521739130433,0.8
loso_chb08,combined,isotonic,8,0,,
loso_chb08,combined,isotonic,9,0,,
loso_chb08,combined,isotonic,10,18,0.9509803921568627,1.0
