exposure,method,auroc_mean,auroc_sd,auroc_ci_low,auroc_ci_high,auroc_n,auprc_mean,auprc_sd,auprc_ci_low,auprc_ci_high,auprc_n,brier_mean,brier_sd,brier_ci_low,brier_ci_high,brier_n,ece_mean,ece_sd,ece_ci_low,ece_ci_high,ece_n,prevalence_mean,prevalence_sd,prevalence_ci_low,prevalence_ci_high,prevalence_n
additional,isotonic,,,,,0,,,,,0,0.010541522266435819,0.021819764528022714,0.00060470777201288,0.030067613262360775,5,0.03813508448995012,0.03642729788022732,0.016697262384056617,0.07084765236672161,5,0.0,0.0,0.0,0.0,5
additional,raw,,,,,0,,,,,0,0.14190158393678914,0.08582653801130959,0.07839026605179045,0.21207948810307733,5,0.27251708387046675,0.1176486275123713,0.1817744039629245,0.3614732636335307,5,0.0,0.0,0.0,0.0,5
additional,sigmoid,,,,,0,,,,,0,0.00324432076476928,0.005229598893998566,0.0006303136703781,0.00793859376401898,5,0.03297524136473278,0.02273544705480814,0.01715357280919294,0.052160217423845676,5,0.0,0.0,0.0,0.0,5
combined,isotonic,0.5903559425108958,0.03146815120018123,0.5650481255091837,0.613659345508235,5,0.07330632420774244,0.05141080783522878,0.0330707293432551,0.1135419190722298,5,0.02442118905327758,0.016132988727528923,0.013182787877531622,0.03829005615615736,5,0.02419998883222676,0.025185366920942354,0.01055567046581992,0.046756697986407816,5,0.01827129677749898,0.00968175307543065,0.011447336613294298,0.026818191316710337,5
combined,raw,0.6013926376164747,0.09250094241510037,0.529350968498975,0.6800328756321988,5,0.08165331572699255,0.05907827072805277,0.03546083892582584,0.12784579252815928,5,0.13274360747880443,0.06730465955902233,0.08430518670942898,0.190178541358585,5,0.23922726407871572,0.10107526460391623,0.16039664924938943,0.31005989401426637,5,0.01827129677749898,0.00968175307543065,0.011447336613294298,0.026818191316710337,5
combined,sigmoid,0.6013926376164747,0.09250094241510037,0.529350968498975,0.6800328756321988,5,0.08165331572699255,0.05907827072805277,0.03546083892582584,0.12784579252815928,5,0.019477744964671202,0.008999626473111816,0.01231824961719692,0.026477690261941057,5,0.02002766629519728,0.014735311897203096,0.010453957909450081,0.03289954904587859,5,0.01827129677749898,0.00968175307543065,0.011447336613294298,0.026818191316710337,5
original,isotonic,0.6003116229567899,0.04179166548451013,0.5688969553195826,0.6339322599882957,5,0.12033025126913607,0.04638370142991914,0.08546547717753579,0.15849870944545555,5,0.04134070183153898,0.010112618807873262,0.032727833803378605,0.04877610665260714,5,0.021045915477320577,0.018122197214050565,0.007329564151932841,0.034762266802708316,5,0.04227712212350554,0.009000934540688597,0.03550935790818488,0.04923858798233448,5
original,raw,0.6123180186965624,0.053199582142456806,0.5687017391287618,0.651565911110032,5,0.13283651039553931,0.053090919858342835,0.09364048493364713,0.17745263480703677,5,0.12720828857699137,0.03733554083420607,0.0954124756805809,0.15310693179670437,5,0.21085096919503038,0.0814333170673449,0.13905163064942946,0.26407816776252757,5,0.04227712212350554,0.009000934540688597,0.03550935790818488,0.04923858798233448,5
original,sigmoid,0.6123180186965624,0.053199582142456806,0.5687017391287618,0.651565911110032,5,0.13283651039553931,0.053090919858342835,0.09364048493364713,0.17745263480703677,5,0.040496441362108615,0.009031888568855919,0.03334100881122014,0.04738100639495562,5,0.01976436067219692,0.01693088115579763,0.0079960197332395,0.03328029033590668,5,0.04227712212350554,0.009000934540688597,0.03550935790818488,0.04923858798233448,5
