exposure,refractory_s,baseline,comparison,mean,sd,ci_low,ci_high,n,signflip_p,subjects_lower,subjects_equal,subjects_higher
additional,0,full,threshold,1.8023693037748099,4.069154441791416,-0.07288995548444915,5.448,5,0.75,1,2,2
additional,300,full,threshold,0.19318411858962486,0.4321127158582795,-0.029629629629629638,0.5771841185896249,5,0.5,1,2,2
combined,0,full,threshold,1.2929943022390555,2.978007534898962,-0.13206859042069144,3.9689480806210384,5,0.75,1,2,2
combined,300,full,threshold,0.17539831253797583,0.5013586879122711,-0.12558107802999613,0.630724307385514,5,0.75,1,2,2
original,0,full,threshold,0.35256671572806353,1.080407653312693,-0.33214618977581445,1.3283078754215434,5,0.75,1,2,2
original,300,full,threshold,0.09764279825688767,0.6987604533450054,-0.4354985046540543,0.7284268994247173,5,1.0,1,3,1
additional,0,full,persistence,0.04800000000000004,0.10733126291999,0.0,0.14400000000000013,5,1.0,0,4,1
additional,300,full,persistence,0.0,0.0,0.0,0.0,5,1.0,0,5,0
combined,0,full,persistence,0.035894879282102464,0.08026339011892995,0.0,0.1076846378463074,5,1.0,0,4,1
combined,300,full,persistence,0.0,0.0,0.0,0.0,5,1.0,0,5,0
original,0,full,persistence,0.01428288038087686,0.03193749144613875,0.0,0.04284864114263058,5,1.0,0,4,1
original,300,full,persistence,0.0,0.0,0.0,0.0,5,1.0,0,5,0
additional,0,full,majority3,-0.24681481481481446,0.5114927185184487,-0.7108148148148138,0.0,5,0.5,2,3,0
additional,300,full,majority3,0.03200000000000003,0.07155417527999333,0.0,0.09600000000000009,5,1.0,0,4,1
combined,0,full,majority3,-0.18677536541138254,0.357625803254101,-0.5149571188477472,0.0,5,0.5,2,3,0
combined,300,full,majority3,0.0034979930698727014,0.0665076744377129,-0.051040099559700416,0.06153407876931851,5,1.0,1,3,1
original,0,full,majority3,-0.09123736388196976,0.12531518320041035,-0.1880148093606485,0.0,5,0.5,2,3,0
original,300,full,majority3,-0.07258308410900904,0.16230071008432898,-0.21774925232702716,0.0,5,1.0,1,4,0
additional,0,full,firing_power,-0.7514321249546874,2.716033974173625,-3.167218855218855,0.7712103574624793,5,0.875,2,0,3
additional,300,full,firing_power,-0.061808819181171246,0.29342083296511684,-0.3022227555200024,0.16342362719831152,5,0.625,3,0,2
combined,0,full,firing_power,-0.5504336228876902,1.9504077353055271,-2.2717798803708713,0.6148845491306449,5,0.8125,3,0,2
combined,300,full,firing_power,-0.0937787860745061,0.2319425320454507,-0.26656080215721056,0.08337705247823252,5,0.3125,4,0,1
original,0,full,firing_power,-0.16104121666717075,0.8204331111905293,-0.8133613167555259,0.4912788834211844,5,0.6875,3,0,2
original,300,full,firing_power,-0.18694011326526788,0.40206172313262983,-0.5366473495248169,0.08241758241758237,5,0.375,3,1,1
