exposure,policy,theta,gamma,n_subjects,false_clusters_per_hour_mean,false_clusters_per_hour_sd,false_clusters_per_hour_ci_low,false_clusters_per_hour_ci_high,false_clusters_per_hour_n,clusters_per_hour_mean,clusters_per_hour_sd,clusters_per_hour_ci_low,clusters_per_hour_ci_high,clusters_per_hour_n,authorization_fraction_mean,authorization_fraction_sd,authorization_fraction_ci_low,authorization_fraction_ci_high,authorization_fraction_n,positive_authorization_rate_mean,positive_authorization_rate_sd,positive_authorization_rate_ci_low,positive_authorization_rate_ci_high,positive_authorization_rate_n,authorized_support_fraction_mean,authorized_support_fraction_sd,authorized_support_fraction_ci_low,authorized_support_fraction_ci_high,authorized_support_fraction_n,center_coverage_mean,center_coverage_sd,center_coverage_ci_low,center_coverage_ci_high,center_coverage_n,end_coverage_mean,end_coverage_sd,end_coverage_ci_low,end_coverage_ci_high,end_coverage_n,center_pre_fraction_mean,center_pre_fraction_sd,center_pre_fraction_ci_low,center_pre_fraction_ci_high,center_pre_fraction_n,end_pre_fraction_mean,end_pre_fraction_sd,end_pre_fraction_ci_low,end_pre_fraction_ci_high,end_pre_fraction_n,center_median_lead_mean,center_median_lead_sd,center_median_lead_ci_low,center_median_lead_ci_high,center_median_lead_n,end_median_lead_mean,end_median_lead_sd,end_median_lead_ci_low,end_median_lead_ci_high,end_median_lead_n,pooled_hours,pooled_edfs,pooled_windows,pooled_positive_windows,pooled_authorized_windows,pooled_true_authorized_windows,pooled_false_authorized_windows,pooled_false_clusters,pooled_clusters,pooled_center_events,pooled_center_pre,pooled_center_post,pooled_center_missed,pooled_end_events,pooled_end_pre,pooled_end_post,pooled_end_missed,pooled_false_clusters_per_hour
original,Raw threshold,0.1,,5,77.34398138239858,28.445352353663946,55.207436486869575,99.48052627792757,5,80.15749936372288,29.768586287534816,56.869903671737724,103.44509505570802,5,0.6573137473077917,0.26455501059756054,0.4291059219039449,0.8408927146086512,5,0.05479452812655182,0.023174618166425447,0.03970985215623196,0.07500399385284537,5,0.738258015846567,0.2610952122758058,0.5072812062535405,0.9137216697589189,5,1.0,0.0,1.0,1.0,5,1.0,0.0,1.0,1.0,5,0.9714285714285715,0.063887656499994,0.9142857142857143,1.0,5,0.9714285714285715,0.063887656499994,0.9142857142857143,1.0,5,297.8,3.271085446759225,294.8,299.6,5,297.4,4.159326868617084,293.6,299.6,5,67.82138888888889,70,122007,5227,80658,3858,76800,5176,5374,27,26,1,0,27,26,1,0,76.31810679194125
original,Raw persistence,0.1,,5,104.9463507851174,23.16829177826679,88.23377965048235,124.19421921092191,5,109.16732850558563,23.489438625779226,92.53008700951123,129.1133880266714,5,0.5759300856635764,0.26876849448563894,0.34938747296774,0.7674977811019126,5,0.06062174792212736,0.03100052256198033,0.04097012330341234,0.0878045142959459,5,0.6362338004498801,0.2728861622536076,0.40218030858292,0.827323872512826,5,1.0,0.0,1.0,1.0,5,1.0,0.0,1.0,1.0,5,0.9714285714285715,0.063887656499994,0.9142857142857143,1.0,5,0.9714285714285715,0.063887656499994,0.9142857142857143,1.0,5,297.2,4.024922359499621,293.6,299.0,5,296.8,4.919349550499537,292.4,299.0,5,67.82138888888889,70,122007,5227,70750,3493,67257,7079,7385,27,26,1,0,27,26,1,0,104.3771016190402
original,Isotonic full,0.1,0.4,5,6.262882293473777,12.732263885552223,0.07692307692307691,17.783658085822672,5,7.21572733334344,13.431805114393562,0.7518713304423312,19.31654720381219,5,0.013511600161292919,0.02483438499697153,0.0010191969254331,0.03596469242783622,5,0.6674574223027832,0.3837303096216509,0.35402061855670097,0.9494505494505494,5,0.017663480165512342,0.032614609997827934,0.00143630800733866,0.04715389980182904,5,0.8857142857142858,0.18626292586293283,0.7142857142857142,1.0,5,0.8857142857142858,0.18626292586293283,0.7142857142857142,1.0,5,0.2,0.447213595499958,0.0,0.6,5,0.2,0.447213595499958,0.0,0.6,5,30.0,117.3328598475295,-29.0,134.8,5,28.0,117.3328598475295,-31.0,132.8,5,67.82138888888889,70,122007,5227,1646,294,1352,427,493,27,5,18,4,27,5,18,4,6.295948918114164
original,Raw threshold,0.2,,5,116.11808696942644,28.291828229901068,95.34317443898922,140.5210334749183,5,120.85782411490781,28.68346470248549,99.75123049032173,145.4729396814997,5,0.4583180118748961,0.19389976984160476,0.2929039566780471,0.5933854142172362,5,0.06356856772584239,0.028802500263266473,0.04398988075113102,0.08763768853334784,5,0.5644822156184167,0.2224624437494538,0.3777496947496948,0.7190651780070902,5,1.0,0.0,1.0,1.0,5,1.0,0.0,1.0,1.0,5,0.9714285714285715,0.063887656499994,0.9142857142857143,1.0,5,0.9714285714285715,0.063887656499994,0.9142857142857143,1.0,5,294.8,8.843076387773658,286.8,299.0,5,293.8,9.444575162494077,285.4,298.6,5,67.82138888888889,70,122007,5227,56474,3028,53446,7871,8209,27,26,1,0,27,26,1,0,116.05483357020277
original,Raw persistence,0.2,,5,121.3270452773667,42.74110667792773,83.80077578423342,151.70386519203822,5,126.59243509357418,43.76313813857605,88.16643032781676,157.70014146334148,5,0.35181689931838983,0.16667227917032665,0.2160283093141408,0.46837755610580656,5,0.07437627753599534,0.04279043481258806,0.045888541295599924,0.11061437375012376,5,0.42193509435576904,0.18814364549024226,0.2639728919743596,0.5528474766597642,5,1.0,0.0,1.0,1.0,5,1.0,0.0,1.0,1.0,5,0.9428571428571428,0.12777531299998798,0.8285714285714286,1.0,5,0.9428571428571428,0.12777531299998798,0.8285714285714286,1.0,5,276.6,44.57353474877217,236.6,298.2,5,275.6,45.18628110389258,235.0,298.0,5,67.82138888888889,70,122007,5227,43362,2496,40866,8303,8664,27,25,2,0,27,25,2,0,122.42450554356418
original,Isotonic full,0.2,0.4,5,2.9633674904665903,5.905687693492889,0.04615384615384614,8.316142428284177,5,3.5820559224781983,5.932241630930858,0.5624430788711797,8.948063805078615,5,0.0056143202936471395,0.009196115137357318,0.00052121241151316,0.014023082413696101,5,0.6762181318100075,0.3872863175114963,0.3643065693430657,0.9681159420289855,5,0.00766462431974554,0.012614993616300682,0.00084025059739254,0.0191768012732285,5,0.7885714285714286,0.29457683242930294,0.5314285714285714,0.9714285714285715,5,0.7885714285714286,0.29457683242930294,0.5314285714285714,0.9714285714285715,5,0.08,0.17888543819998318,0.0,0.24000000000000005,5,0.08,0.17888543819998318,0.0,0.24000000000000005,5,0.7,49.87684833667821,-27.0,45.9,5,-1.3,49.87684833667821,-29.0,43.9,5,67.82138888888889,70,122007,5227,665,180,485,201,242,27,2,18,7,27,2,18,7,2.963666820938986
original,Raw threshold,0.3,,5,117.84662567760556,37.73633916684127,87.05999889667791,146.3405307197151,5,122.90534807156124,38.87830137689535,91.24878610803668,152.24667882994854,5,0.3239629619901373,0.13287627044604766,0.21303179974942243,0.41711840921163496,5,0.0692474549306213,0.03304451856451167,0.04599427125260922,0.09578111181493228,5,0.4234634566114607,0.16598471795587916,0.28064146421271796,0.5397557930572978,5,1.0,0.0,1.0,1.0,5,1.0,0.0,1.0,1.0,5,0.9428571428571428,0.12777531299998798,0.8285714285714286,1.0,5,0.9428571428571428,0.12777531299998798,0.8285714285714286,1.0,5,274.0,45.044422518220834,233.2,297.4,5,274.8,46.34328430312207,233.0,297.0,5,67.82138888888889,70,122007,5227,39972,2332,37640,8120,8473,27,25,2,0,27,25,2,0,119.72624172151525
original,Raw persistence,0.3,,5,100.28846993902546,40.071979537079045,65.5189049791708,128.52624132050846,5,105.09687990839521,40.97031765935287,69.60184334610044,133.7599301867894,5,0.22420965377924712,0.10221653042268565,0.13771340130674484,0.2961674667317812,5,0.08487498595235542,0.05246258705436307,0.048370213383680506,0.12913107216374606,5,0.2824626183316911,0.12219522914905667,0.17953903699975474,0.36649918813675864,5,1.0,0.0,1.0,1.0,5,1.0,0.0,1.0,1.0,5,0.9428571428571428,0.12777531299998798,0.8285714285714286,1.0,5,0.9428571428571428,0.12777531299998798,0.8285714285714286,1.0,5,259.0,65.2725056972689,200.6,292.4,5,257.0,65.2725056972689,198.6,290.4,5,67.82138888888889,70,122007,5227,27503,1808,25695,6975,7304,27,25,2,0,27,25,2,0,102.84366206989765
original,Isotonic full,0.3,0.4,5,2.9205188493239596,5.810156028552524,0.04615384615384614,8.187596504856286,5,3.4963501384784257,5.862271667146981,0.5195859360140369,8.819517881650727,5,0.00545747517182438,0.008937652440958285,0.00046757402567574,0.0136419939297137,5,0.6766873706004141,0.38647555702855446,0.36571428571428566,0.9681159420289855,5,0.0074602524349345195,0.012317686523546785,0.00076151104623282,0.018724510061167397,5,0.7885714285714286,0.29457683242930294,0.5314285714285714,0.9714285714285715,5,0.7885714285714286,0.29457683242930294,0.5314285714285714,0.9714285714285715,5,0.08,0.17888543819998318,0.0,0.24000000000000005,5,0.08,0.17888543819998318,0.0,0.24000000000000005,5,0.5,49.96248592694322,-27.0,45.9,5,-1.5,49.96248592694322,-29.0,43.9,5,67.82138888888889,70,122007,5227,645,175,470,198,236,27,2,18,7,27,2,18,7,2.9194329877906426
original,Raw threshold,0.4,,5,106.86871261326814,38.08345537039651,74.93513453418234,134.78555003956825,5,111.29421218823693,39.2486284023473,78.45144234856593,140.13740630460148,5,0.22517761054646837,0.08964748172762607,0.1456950867717889,0.2855770906843828,5,0.07804637692588315,0.038677909464470424,0.04901325737119216,0.10941679278505896,5,0.3074236485098386,0.11581762379763708,0.2055738709431374,0.38499538429135105,5,1.0,0.0,1.0,1.0,5,1.0,0.0,1.0,1.0,5,0.9142857142857143,0.191662969499982,0.7428571428571429,1.0,5,0.9142857142857143,0.191662969499982,0.7428571428571429,1.0,5,259.0,64.1404708432983,201.0,292.2,5,257.4,64.45773809248972,199.0,291.4,5,67.82138888888889,70,122007,5227,27577,1835,25742,7456,7766,27,24,3,0,27,24,3,0,109.93581998468198
original,Raw persistence,0.4,,5,72.0006122206166,29.377439739087404,47.65344253099019,93.82612445349463,5,76.09205023995145,29.52709202253123,51.18130987532716,97.98167164332344,5,0.14274826642552624,0.06889330446433188,0.0856956819196993,0.19366750841706096,5,0.10385990001860076,0.0663106372378465,0.05604959387840534,0.1611465303310558,5,0.1849366139678072,0.08114166608089594,0.11311558032436822,0.24153365584692574,5,1.0,0.0,1.0,1.0,5,1.0,0.0,1.0,1.0,5,0.8857142857142858,0.255550625999976,0.657142857142857,1.0,5,0.8857142857142858,0.255550625999976,0.657142857142857,1.0,5,196.6,119.47300950423907,91.2,274.8,5,194.6,119.47300950423907,89.2,272.8,5,67.82138888888889,70,122007,5227,17184,1389,15795,5015,5292,27,23,4,0,27,23,4,0,73.94422441298018
original,Isotonic full,0.4,0.4,5,1.4152763277351859,2.5855856338302674,0.04615384615384614,3.768646385568644,5,1.9911076168896513,2.648987823707045,0.5195859360140369,4.400567762363083,5,0.0034982331554094803,0.004826967371381671,0.00046757402567574,0.00787186707347508,5,0.6981981032665965,0.3596852127674012,0.4176712328767123,0.9723076923076924,5,0.00465792235779076,0.00639873282652117,0.00076151104623282,0.0104788155722006,5,0.7885714285714286,0.29457683242930294,0.5314285714285714,0.9714285714285715,5,0.7885714285714286,0.29457683242930294,0.5314285714285714,0.9714285714285715,5,0.08,0.17888543819998318,0.0,0.24000000000000005,5,0.08,0.17888543819998318,0.0,0.24000000000000005,5,0.5,49.96248592694322,-27.0,45.9,5,-1.5,49.96248592694322,-29.0,43.9,5,67.82138888888889,70,122007,5227,401,164,237,94,132,27,2,18,7,27,2,18,7,1.385993438648083
original,Raw threshold,0.5,,5,84.44387097662545,29.56610019330604,60.42334091221217,107.51702263182176,5,88.38225303563718,30.051504793877623,64.04702363694626,111.61830972016364,5,0.15011721330574873,0.06559888683737235,0.09572277959395058,0.1983865918592454,5,0.09296812602685012,0.04741663657821408,0.05714966565170584,0.13149896088008722,5,0.21071304554294504,0.079130941653646,0.142491452991453,0.26562204368293263,5,1.0,0.0,1.0,1.0,5,1.0,0.0,1.0,1.0,5,0.9142857142857143,0.191662969499982,0.7428571428571429,1.0,5,0.9142857142857143,0.191662969499982,0.7428571428571429,1.0,5,235.8,60.70172979413354,184.8,280.0,5,234.2,61.22662819394843,182.8,278.8,5,67.82138888888889,70,122007,5227,18112,1442,16670,5887,6161,27,24,3,0,27,24,3,0,86.80152524809856
original,Raw persistence,0.5,,5,46.01417943703767,16.68740584252482,31.3086470096951,57.17994618777334,5,49.13525242190837,16.77141909138897,34.07351086955806,59.94755392050875,5,0.08939627170377605,0.056642416619392434,0.04780139321140142,0.13751884771537204,5,0.13482830530399892,0.08676968848077567,0.07191501485085253,0.20891422377212096,5,0.11664087464081825,0.063810240604157,0.06934332737860309,0.1674822388041987,5,1.0,0.0,1.0,1.0,5,1.0,0.0,1.0,1.0,5,0.8571428571428571,0.2474358296526968,0.6285714285714284,1.0,5,0.8571428571428571,0.2474358296526968,0.6285714285714284,1.0,5,184.0,113.47466677633383,84.8,256.6,5,182.0,113.47466677633383,82.8,254.6,5,67.82138888888889,70,122007,5227,10518,1077,9441,3142,3355,27,22,5,0,27,22,5,0,46.32756791736465
original,Isotonic full,0.5,0.4,5,1.1724673612602803,2.048835401432555,0.04615384615384614,3.040219486143927,5,1.7232353903249389,2.0952283950182222,0.4980251765961774,3.6292922217957346,5,0.0032261955606284003,0.004312432090968448,0.00044959542021623996,0.00710969010551034,5,0.703076923076923,0.35181692388086466,0.4323076923076923,0.9723076923076924,5,0.004237219281191,0.0055785470355956485,0.00073274055139058,0.00928857554046086,5,0.76,0.29318796645406403,0.5142857142857142,0.96,5,0.76,0.29318796645406403,0.5142857142857142,0.96,5,0.04,0.08944271909999159,0.0,0.12000000000000002,5,0.04,0.08944271909999159,0.0,0.12000000000000002,5,-17.4,10.807404868885039,-25.8,-9.0,5,-19.4,10.807404868885039,-27.8,-11.0,5,67.82138888888889,70,122007,5227,366,160,206,77,113,27,1,18,8,27,1,18,8,1.1353350508074722
original,Raw threshold,0.6,,5,56.875874131009915,17.238287818036646,42.35561625440617,69.16624782712442,5,60.256659272927195,17.10493792638564,45.8519738147193,72.11590306706616,5,0.09634188743066707,0.05847600984412539,0.05589275390631784,0.14402902560957814,5,0.11675286797641182,0.06094255703555205,0.07092594740174651,0.1635796659417965,5,0.13638905879239982,0.0675035417348219,0.08620783265369775,0.19246149343120536,5,1.0,0.0,1.0,1.0,5,1.0,0.0,1.0,1.0,5,0.8857142857142858,0.255550625999976,0.657142857142857,1.0,5,0.8857142857142858,0.255550625999976,0.657142857142857,1.0,5,184.8,112.96326836631455,86.0,257.4,5,183.2,113.47114170572182,84.0,256.6,5,67.82138888888889,70,122007,5227,11536,1130,10406,3886,4121,27,23,4,0,27,23,4,0,57.29755853815373
original,Raw persistence,0.6,,5,28.828457643252268,14.55058217767594,17.80754929325331,39.99089032200433,5,31.306602258639494,14.966639517950645,20.28020260269167,43.47955804288918,5,0.05621429442834728,0.05069082363668983,0.0238915892459254,0.0996584097644043,5,0.1782548558027593,0.10811330556819344,0.09369041706949482,0.26281929453602376,5,0.07357407997300819,0.05837425519540148,0.035178917959058045,0.12232077370746497,5,1.0,0.0,1.0,1.0,5,1.0,0.0,1.0,1.0,5,0.7314285714285715,0.30546050882066506,0.48571428571428565,0.96,5,0.7314285714285715,0.30546050882066506,0.48571428571428565,0.96,5,137.8,120.93469311988186,46.4,235.4,5,135.8,120.93469311988186,44.4,233.4,5,67.82138888888889,70,122007,5227,6643,821,5822,1892,2065,27,18,9,0,27,18,9,0,27.89680410555503
original,Isotonic full,0.6,0.4,5,0.7582638302148527,1.1467272168700373,0.04615384615384614,1.7976088930076444,5,1.2874710998616523,1.236847415776316,0.4549036577604584,2.386681628659452,5,0.00223167771496404,0.0024735435784646238,0.00042037465413646,0.00424518522003022,5,0.6946434587310499,0.36551633851553306,0.407007299270073,0.9723076923076924,5,0.0029773590825351403,0.003186116407031276,0.00067284955300762,0.00566907795239328,5,0.76,0.29318796645406403,0.5142857142857142,0.96,5,0.76,0.29318796645406403,0.5142857142857142,0.96,5,0.0,0.0,0.0,0.0,5,0.0,0.0,0.0,0.0,5,-19.8,9.011104260855047,-27.2,-13.0,5,-21.8,9.011104260855047,-29.2,-15.0,5,67.82138888888889,70,122007,5227,240,120,120,48,82,27,0,19,8,27,0,19,8,0.7077413303734892
original,Raw threshold,0.7,,5,33.927114916890545,13.313374120113837,23.46344550305033,44.01493330949925,5,36.697311395194156,13.716667697573806,25.746085531794062,46.83845731394961,5,0.05955130769950714,0.05367854482154098,0.0285022513355223,0.10750798975086022,5,0.16741085621143892,0.08989298702183293,0.10035383263004587,0.24225360498943366,5,0.08330977470781833,0.06383889348297754,0.04428203462401516,0.14097700740494393,5,1.0,0.0,1.0,1.0,5,1.0,0.0,1.0,1.0,5,0.7485714285714286,0.2510386587027292,0.5542857142857143,0.9428571428571428,5,0.7485714285714286,0.2510386587027292,0.5542857142857143,0.9428571428571428,5,164.4,107.08547987472437,72.6,241.6,5,163.6,108.93254793678517,70.6,242.8,5,67.82138888888889,70,122007,5227,7241,896,6345,2290,2484,27,19,8,0,27,19,8,0,33.765159303235215
original,Raw persistence,0.7,,5,16.599292285007564,13.925347527251093,7.8355169415839,28.501437758205675,5,18.297092660886005,14.624479080152936,9.372527472527473,30.99020635448839,5,0.035744288944043225,0.043749239091213823,0.0122529555630313,0.07467883226512968,5,0.2694055969758573,0.15377781694646528,0.1527714397816755,0.3860397541700391,5,0.04588881940213378,0.051770066371243095,0.01759877033198154,0.09169004953035897,5,0.9428571428571428,0.07824607964359519,0.8857142857142856,1.0,5,0.9428571428571428,0.07824607964359519,0.8857142857142856,1.0,5,0.35428571428571426,0.3793657435074215,0.11428571428571428,0.6971428571428572,5,0.35428571428571426,0.3793657435074215,0.11428571428571428,0.6971428571428572,5,52.2,134.62057792180215,-9.0,172.8,5,50.2,134.62057792180215,-11.0,170.8,5,67.82138888888889,70,122007,5227,4343,662,3681,1107,1229,27,10,15,2,27,10,15,2,16.322284431738595
original,Isotonic full,0.7,0.4,5,0.6955922270946365,1.1159960971623462,0.04615384615384614,1.7063715291256745,5,1.131810165895005,1.261352545409639,0.32057334771594814,2.2756640449972627,5,0.0017034155575450002,0.0021747016032215207,0.00029647246699191995,0.0036678533910017796,5,0.6941972578505087,0.36245798297571635,0.4108270676691729,0.9705882352941178,5,0.0023629484287653597,0.002938861891462328,0.0004811983581822,0.00503624414711648,5,0.6247619047619046,0.21270315085933153,0.44571428571428573,0.7733333333333332,5,0.6247619047619046,0.21270315085933153,0.44571428571428573,0.7733333333333332,5,0.0,0.0,0.0,0.0,5,0.0,0.0,0.0,0.0,5,-22.4,7.869243928103893,-28.5,-16.5,5,-24.4,7.869243928103893,-30.5,-18.5,5,67.82138888888889,70,122007,5227,194,82,112,45,72,27,0,16,11,27,0,16,11,0.6635074972251461
original,Raw threshold,0.8,,5,18.581164322559548,13.875225372109693,10.127472527472529,30.990778091607,5,20.43068449807384,14.612046659523191,11.422550385533011,33.79600735514482,5,0.0363018346191501,0.043224674828145654,0.013380880826037358,0.07526567429060946,5,0.2414400831149229,0.12974159634990748,0.1466637615810736,0.35002778057823924,5,0.05003425224773141,0.054649256758031776,0.020420634920634877,0.10005868078785451,5,0.9714285714285715,0.063887656499994,0.9142857142857143,1.0,5,0.9714285714285715,0.063887656499994,0.9142857142857143,1.0,5,0.42095238095238097,0.3272506234089432,0.24380952380952378,0.7142857142857142,5,0.42095238095238097,0.3272506234089432,0.24380952380952378,0.7142857142857142,5,54.0,133.61137676111267,-6.8,173.8,5,52.6,134.95295476572568,-8.8,173.6,5,67.82138888888889,70,122007,5227,4458,662,3796,1281,1414,27,11,15,1,27,11,15,1,18.887846754342494
original,Raw persistence,0.8,,5,10.473219799891925,13.544084034776082,3.026125243266047,22.68002929371975,5,11.838081481851708,14.138295735967134,4.168293496214462,24.74031147857616,5,0.0225405841555155,0.03182041407101768,0.0058427334015203804,0.05101100332284496,5,0.37814707620695204,0.20927847222200072,0.22281883693648394,0.5342206297664813,5,0.029104426565184683,0.03964437592532229,0.00842027243018434,0.0643770573361924,5,0.9428571428571428,0.07824607964359519,0.8857142857142856,1.0,5,0.9428571428571428,0.07824607964359519,0.8857142857142856,1.0,5,0.2857142857142857,0.41649656391752143,0.02857142857142856,0.6571428571428571,5,0.2857142857142857,0.41649656391752143,0.02857142857142856,0.6571428571428571,5,47.8,136.19728337966217,-19.2,171.2,5,45.8,136.19728337966217,-21.2,169.2,5,67.82138888888889,70,122007,5227,2743,497,2246,710,809,27,8,17,2,27,8,17,2,10.46867384510786
original,Isotonic full,0.8,0.4,5,0.4571546600118147,0.6539987579771025,0.04615384615384614,1.0394475506165484,5,0.8065735815231839,0.7046884895348441,0.3020449156162158,1.3988924651705887,5,0.00118917460708416,0.001235333788209542,0.00027936894794288,0.0021984541752896004,5,0.6567434912505334,0.4189902276241713,0.3377294067434912,0.9757575757575758,5,0.0016445024366080797,0.0016382365666546782,0.00044701032399416,0.00299572147918286,5,0.5161904761904761,0.25451924357791483,0.299047619047619,0.700952380952381,5,0.5161904761904761,0.25451924357791483,0.299047619047619,0.700952380952381,5,0.0,0.0,0.0,0.0,5,0.0,0.0,0.0,0.0,5,-25.4,6.627593831851798,-30.4,-19.9,5,-27.4,6.627593831851798,-32.4,-21.9,5,67.82138888888889,70,122007,5227,130,63,67,29,50,27,0,13,14,27,0,13,14,0.427593720433983
original,Raw threshold,0.9,,5,8.872420502786502,13.401267731155704,1.574976948547051,21.121364164121864,5,10.120537126189031,14.010779263383462,2.6405224469487516,22.78926258554184,5,0.015503817540712042,0.022223197039146384,0.00314928313939834,0.0355623171246748,5,0.4659769683067025,0.24586230451495725,0.2668055555555555,0.6482993197278912,5,0.02231608909421248,0.03184236470299181,0.0049000903703245,0.05107562443300291,5,0.9142857142857143,0.191662969499982,0.7428571428571429,1.0,5,0.9142857142857143,0.191662969499982,0.7428571428571429,1.0,5,0.18857142857142856,0.3473514952098088,0.0,0.5085714285714286,5,0.18857142857142856,0.3473514952098088,0.0,0.5085714285714286,5,38.6,112.26887369168715,-17.0,140.2,5,36.6,112.26887369168715,-19.0,138.2,5,67.82138888888889,70,122007,5227,1850,399,1451,588,678,27,5,19,3,27,5,19,3,8.669831297075243
original,Raw persistence,0.9,,5,4.541952195795618,8.006919147039847,0.304242717814018,11.863544152737704,5,5.372005826040813,8.199325993292137,1.062137305708007,12.80144376637541,5,0.0086787937845692,0.01259999911710839,0.0013956070808988,0.02002034719877742,5,0.6422385731873301,0.3337083826818939,0.37240671689115495,0.8742148719953097,5,0.01165827681124808,0.01713358343727362,0.0019848702467734998,0.027121015126470582,5,0.8457142857142858,0.17681998224875203,0.7028571428571428,0.9714285714285715,5,0.8457142857142858,0.17681998224875203,0.7028571428571428,0.9714285714285715,5,0.12,0.2683281572999748,0.0,0.36,5,0.12,0.2683281572999748,0.0,0.36,5,28.8,103.20222865810602,-22.0,121.4,5,26.8,103.20222865810602,-24.0,119.4,5,67.82138888888889,70,122007,5227,1025,289,736,301,360,27,3,19,5,27,3,19,5,4.438127925883755
original,Isotonic full,0.9,0.4,5,0.20880561194019998,0.2346237985312493,0.04615384615384614,0.39117785188038273,5,0.504595512600009,0.34915215760662044,0.2836279729134733,0.8214126985727445,5,0.0006914295174282399,0.0006942167823821186,0.00022782732844801997,0.00130625376585922,5,0.6351851851851852,0.47500992697734573,0.25,0.9851851851851852,5,0.0009792775623431401,0.0008896337818400815,0.00038770682778584,0.0017739556239940002,5,0.43619047619047624,0.3464363442099705,0.16190476190476188,0.700952380952381,5,0.43619047619047624,0.3464363442099705,0.16190476190476188,0.700952380952381,5,0.0,0.0,0.0,0.0,5,0.0,0.0,0.0,0.0,5,-25.0,7.337120234351713,-31.5,-19.25,4,-27.0,7.337120234351713,-33.5,-21.25,4,67.82138888888889,70,122007,5227,70,42,28,13,30,27,0,11,16,27,0,11,16,0.19167994364281998
additional,Raw threshold,0.1,,5,69.90279164382372,24.86957667578851,47.323963360995435,84.87325384233644,5,69.90279164382372,24.86957667578851,47.323963360995435,84.87325384233644,5,0.6358257678924246,0.24736918103613087,0.4185072923034971,0.8162318933807491,5,0.0,0.0,0.0,0.0,5,0.7024547841341133,0.242630327325219,0.4870018402188892,0.8711502347673707,5,,,,,0,,,,,0,,,,,0,,,,,0,,,,,0,,,,,0,105.00805555555556,105,188909,0,118144,0,118144,7516,7516,0,0,0,0,0,0,0,0,71.57546114187006
additional,Raw persistence,0.1,,5,88.99606318385649,18.694302389262997,74.87306172289888,104.09140931345318,5,88.99606318385649,18.694302389262997,74.87306172289888,104.09140931345318,5,0.5687997735377025,0.2528242335963231,0.34716918866861396,0.7608227997898438,5,0.0,0.0,0.0,0.0,5,0.6179207082430807,0.25224228764691886,0.3970035668842927,0.8049422752362576,5,,,,,0,,,,,0,,,,,0,,,,,0,,,,,0,,,,,0,105.00805555555556,105,188909,0,105227,0,105227,9606,9606,0,0,0,0,0,0,0,0,91.47869607887226
additional,Isotonic full,0.1,0.4,5,11.419128769789571,24.81056374251842,0.18520785482987998,33.64046423631403,5,11.419128769789571,24.81056374251842,0.18520785482987998,33.64046423631403,5,0.0250452921553238,0.05541817118068703,0.00018803896590718,0.07461661267108734,5,0.0,0.0,0.0,0.0,5,0.03187755737462794,0.0702937623554568,0.00029501839171558003,0.09476677844438929,5,,,,,0,,,,,0,,,,,0,,,,,0,,,,,0,,,,,0,105.00805555555556,105,188909,0,5620,0,5620,1415,1415,0,0,0,0,0,0,0,0,13.475156667874687
additional,Raw threshold,0.2,,5,98.19887129622894,18.210844062449727,84.76311632983163,112.91820105134964,5,98.19887129622894,18.210844062449727,84.76311632983163,112.91820105134964,5,0.4894054004359602,0.21389382516355812,0.31287065470374753,0.6463842091133809,5,0.0,0.0,0.0,0.0,5,0.5788277489299773,0.22852540060466536,0.3809720684190327,0.7478377827391712,5,,,,,0,,,,,0,,,,,0,,,,,0,,,,,0,,,,,0,105.00805555555556,105,188909,0,89839,0,89839,10648,10648,0,0,0,0,0,0,0,0,101.40174431062167
additional,Raw persistence,0.2,,5,114.35863098802338,31.231796884677067,88.39969534870514,136.28148148148148,5,114.35863098802338,31.231796884677067,88.39969534870514,136.28148148148148,5,0.3996558661704447,0.2002575322277641,0.23470700774171055,0.5495049235709131,5,0.0,0.0,0.0,0.0,5,0.46296242416575983,0.21459760764373872,0.29253674660601564,0.6232969263328573,5,,,,,0,,,,,0,,,,,0,,,,,0,,,,,0,,,,,0,105.00805555555556,105,188909,0,72539,0,72539,11954,11954,0,0,0,0,0,0,0,0,113.83888537651873
additional,Isotonic full,0.2,0.4,5,7.919923606588806,17.419151931209832,0.08566044702840067,23.510626262626264,5,7.919923606588806,17.419151931209832,0.08566044702840067,23.510626262626264,5,0.015306516051566766,0.03401446574428941,7.55095338559751e-05,0.045734213591478154,5,0.0,0.0,0.0,0.0,5,0.01996019136837796,0.04425918321173897,0.00012305587724859934,0.0595539952828007,5,,,,,0,,,,,0,,,,,0,,,,,0,,,,,0,,,,,0,105.00805555555556,105,188909,0,3439,0,3439,987,987,0,0,0,0,0,0,0,0,9.39927889130199
additional,Raw threshold,0.3,,5,110.29163564729102,25.34267312740072,89.95290164853208,128.20556205343888,5,110.29163564729102,25.34267312740072,89.95290164853208,128.20556205343888,5,0.37445223074539086,0.18111210405153008,0.2254100165936687,0.5084072487183096,5,0.0,0.0,0.0,0.0,5,0.4680564259618893,0.20758323722169744,0.29457402570468366,0.6250599925177703,5,,,,,0,,,,,0,,,,,0,,,,,0,,,,,0,,,,,0,105.00805555555556,105,188909,0,67948,0,67948,11570,11570,0,0,0,0,0,0,0,0,110.18202307230398
additional,Raw persistence,0.3,,5,111.22320044691541,46.759807819558524,77.44650701435638,149.06329966329966,5,111.22320044691541,46.759807819558524,77.44650701435638,149.06329966329966,5,0.2805832459249905,0.15610465463951168,0.15735588378250615,0.4000930217309505,5,0.0,0.0,0.0,0.0,5,0.3422151740478191,0.1780003214336923,0.19848554877486282,0.4750425784740061,5,,,,,0,,,,,0,,,,,0,,,,,0,,,,,0,,,,,0,105.00805555555556,105,188909,0,50515,0,50515,11177,11177,0,0,0,0,0,0,0,0,106.43945305783419
additional,Isotonic full,0.3,0.4,5,7.8879236065888065,17.34759833207751,0.08566044702840067,23.414626262626264,5,7.8879236065888065,17.34759833207751,0.08566044702840067,23.414626262626264,5,0.015035254536054917,0.03342034152499778,6.661629716248051e-05,0.04492932228163611,5,0.0,0.0,0.0,0.0,5,0.01965352499798784,0.043585889932573625,0.0001141675809127995,0.05864732861613403,5,,,,,0,,,,,0,,,,,0,,,,,0,,,,,0,,,,,0,105.00805555555556,105,188909,0,3378,0,3378,983,983,0,0,0,0,0,0,0,0,9.361186575633086
additional,Raw threshold,0.4,,5,110.19091340075116,38.21544137495594,82.5742806479568,142.51683501683502,5,110.19091340075116,38.21544137495594,82.5742806479568,142.51683501683502,5,0.28364296732640715,0.14744984318949345,0.1682685545083943,0.39901738014441995,5,0.0,0.0,0.0,0.0,5,0.3712616203527609,0.1784812412537465,0.23084096002378987,0.5068509424448434,5,,,,,0,,,,,0,,,,,0,,,,,0,,,,,0,,,,,0,105.00805555555556,105,188909,0,51591,0,51591,11203,11203,0,0,0,0,0,0,0,0,106.68705310968205
additional,Raw persistence,0.4,,5,97.19259563623717,48.97392563443152,62.156213407995025,137.88019406944625,5,97.19259563623717,48.97392563443152,62.156213407995025,137.88019406944625,5,0.1958142745270514,0.1201294987542734,0.10073014132923667,0.29089840772486614,5,0.0,0.0,0.0,0.0,5,0.24969948437993236,0.14107447212796387,0.13834308387858657,0.36105588488127816,5,,,,,0,,,,,0,,,,,0,,,,,0,,,,,0,,,,,0,105.00805555555556,105,188909,0,35681,0,35681,9567,9567,0,0,0,0,0,0,0,0,91.10729600110044
additional,Isotonic full,0.4,0.4,5,5.5125161991814,12.05673154597541,0.08072673942949256,16.30321885521885,5,5.5125161991814,12.05673154597541,0.08072673942949256,16.30321885521885,5,0.009815235480345854,0.02178347304125397,5.243737336358187e-05,0.02930534172557514,5,0.0,0.0,0.0,0.0,5,0.01297451294858538,0.028698099051735832,0.00010066017180811952,0.038653071455293654,5,,,,,0,,,,,0,,,,,0,,,,,0,,,,,0,,,,,0,105.00805555555556,105,188909,0,2204,0,2204,686,686,0,0,0,0,0,0,0,0,6.532832137216986
additional,Raw threshold,0.5,,5,102.29296406105985,44.819596354851285,71.63673752120229,138.6698181818182,5,102.29296406105985,44.819596354851285,71.63673752120229,138.6698181818182,5,0.206000662926232,0.11993314068709134,0.11158635307242029,0.3004149727800437,5,0.0,0.0,0.0,0.0,5,0.28115465885687874,0.1466135325544651,0.1646128509978541,0.3976964667159034,5,,,,,0,,,,,0,,,,,0,,,,,0,,,,,0,,,,,0,105.00805555555556,105,188909,0,38060,0,38060,10227,10227,0,0,0,0,0,0,0,0,97.39252808646955
additional,Raw persistence,0.5,,5,75.01102766454261,38.55970417579496,45.59416372213876,103.55545963574453,5,75.01102766454261,38.55970417579496,45.59416372213876,103.55545963574453,5,0.13068774919331164,0.0993920264388249,0.058465719609698444,0.21117873566122589,5,0.0,0.0,0.0,0.0,5,0.17228681602582446,0.11391107654861606,0.0849813779002754,0.2595922541513736,5,,,,,0,,,,,0,,,,,0,,,,,0,,,,,0,,,,,0,105.00805555555556,105,188909,0,24472,0,24472,7416,7416,0,0,0,0,0,0,0,0,70.62315325014747
additional,Isotonic full,0.5,0.4,5,5.0245161991814005,10.965544461389955,0.08072673942949256,14.839218855218855,5,5.0245161991814005,10.965544461389955,0.08072673942949256,14.839218855218855,5,0.008765763551496494,0.01943678514420092,5.243737336358187e-05,0.026156925939027065,5,0.0,0.0,0.0,0.0,5,0.011632290726363159,0.025696806892779322,0.00010066017180811952,0.034626404788627,5,,,,,0,,,,,0,,,,,0,,,,,0,,,,,0,,,,,0,105.00805555555556,105,188909,0,1968,0,1968,625,625,0,0,0,0,0,0,0,0,5.951924323266204
additional,Raw threshold,0.6,,5,81.16352492296014,36.65328198449519,54.676738805067316,110.06157302884398,5,81.16352492296014,36.65328198449519,54.676738805067316,110.06157302884398,5,0.13710838212611814,0.10356519380874311,0.06519922607780478,0.22452610597357675,5,0.0,0.0,0.0,0.0,5,0.19265502724818773,0.12128163024932441,0.10145742514594105,0.28840345679012347,5,,,,,0,,,,,0,,,,,0,,,,,0,,,,,0,,,,,0,105.00805555555556,105,188909,0,26125,0,26125,8094,8094,0,0,0,0,0,0,0,0,77.07980075602666
additional,Raw persistence,0.6,,5,48.8193366978346,26.120482863712986,28.44222876810511,69.19644462756409,5,48.8193366978346,26.120482863712986,28.44222876810511,69.19644462756409,5,0.0814530274306603,0.09000556195911087,0.028883011522724062,0.16073668085401344,5,0.0,0.0,0.0,0.0,5,0.10852909384454974,0.10162417238717569,0.044667668147851565,0.19622035507397148,5,,,,,0,,,,,0,,,,,0,,,,,0,,,,,0,,,,,0,105.00805555555556,105,188909,0,16021,0,16021,4858,4858,0,0,0,0,0,0,0,0,46.26311737988355
additional,Isotonic full,0.6,0.4,5,3.103218321921075,6.762661052329488,0.034180751586257864,9.157037037037037,5,3.103218321921075,6.762661052329488,0.034180751586257864,9.157037037037037,5,0.005216403129914133,0.011551958920686767,2.4053174032420265e-05,0.015553661202580726,5,0.0,0.0,0.0,0.0,4,0.006959737529407239,0.01535219776889009,4.302911792411967e-05,0.0207033738930436,5,,,,,0,,,,,0,,,,,0,,,,,0,,,,,0,,,,,0,105.00805555555556,105,188909,0,1173,0,1173,388,388,0,0,0,0,0,0,0,0,3.6949546198836596
additional,Raw threshold,0.7,,5,52.479409644701505,23.868519398484004,33.923740143880345,71.03507914552264,5,52.479409644701505,23.868519398484004,33.923740143880345,71.03507914552264,5,0.08535654746487094,0.09698539424574588,0.03157085657412166,0.17138285089195257,5,0.0,0.0,0.0,0.0,5,0.11980039547683174,0.11330658226128437,0.05213003532648887,0.21872262791908142,5,,,,,0,,,,,0,,,,,0,,,,,0,,,,,0,,,,,0,105.00805555555556,105,188909,0,16822,0,16822,5261,5261,0,0,0,0,0,0,0,0,50.1009181835256
additional,Raw persistence,0.7,,5,27.079669341369176,24.6474840571331,11.308555568798221,48.99779728749712,5,27.079669341369176,24.6474840571331,11.308555568798221,48.99779728749712,5,0.05084520564852744,0.0814573165805096,0.0095770243194154,0.12439243931094686,5,0.0,0.0,0.0,0.0,5,0.06586097742275235,0.09475024803482614,0.015854234745741942,0.15124803513405644,5,,,,,0,,,,,0,,,,,0,,,,,0,,,,,0,,,,,0,105.00805555555556,105,188909,0,10472,0,10472,2800,2800,0,0,0,0,0,0,0,0,26.664620968232594
additional,Isotonic full,0.7,0.4,5,3.0729960996988526,6.7569302585220985,0.0296296296296296,9.12218128488404,5,3.0729960996988526,6.7569302585220985,0.0296296296296296,9.12218128488404,5,0.005078930572208125,0.011293155435726896,1.6470055380561217e-05,0.015182980147074804,5,0.0,0.0,0.0,0.0,4,0.006805551221887614,0.015090405188001442,3.292181069958848e-05,0.02030909031653782,5,,,,,0,,,,,0,,,,,0,,,,,0,,,,,0,,,,,0,105.00805555555556,105,188909,0,1142,0,1142,384,384,0,0,0,0,0,0,0,0,3.656862304214756
additional,Raw threshold,0.8,,5,26.94173552040765,26.09210549226253,10.172275922345918,50.07790404250618,5,26.94173552040765,26.09210549226253,10.172275922345918,50.07790404250618,5,0.051826544129525434,0.08603620659045139,0.008107553295542242,0.1301079331087487,5,0.0,0.0,0.0,0.0,5,0.06995508768477436,0.10600256719932111,0.014074858633317661,0.16651348756249293,5,,,,,0,,,,,0,,,,,0,,,,,0,,,,,0,,,,,0,105.00805555555556,105,188909,0,10623,0,10623,2723,2723,0,0,0,0,0,0,0,0,25.9313438916062
additional,Raw persistence,0.8,,5,16.224801041804966,25.247847927304484,2.4817668496623235,39.40156617867463,5,16.224801041804966,25.247847927304484,2.4817668496623235,39.40156617867463,5,0.0336586695436071,0.06618065802736775,0.00206725654878166,0.09352172851950655,5,0.0,0.0,0.0,0.0,5,0.0426536565380687,0.08007935578632501,0.00349908510900366,0.11543629028292468,5,,,,,0,,,,,0,,,,,0,,,,,0,,,,,0,,,,,0,105.00805555555556,105,188909,0,7221,0,7221,1781,1781,0,0,0,0,0,0,0,0,16.960603551579375
additional,Isotonic full,0.8,0.4,5,2.024996632996633,4.435997481204802,0.0148148148148148,5.994181818181819,5,2.024996632996633,4.435997481204802,0.0148148148148148,5.994181818181819,5,0.0031222882896034575,0.006930421096666875,8.235027690280609e-06,0.009321946535954298,5,0.0,0.0,0.0,0.0,3,0.004245551814440694,0.009390980619794624,1.646090534979424e-05,0.012646868686868661,5,,,,,0,,,,,0,,,,,0,,,,,0,,,,,0,,,,,0,105.00805555555556,105,188909,0,702,0,702,253,253,0,0,0,0,0,0,0,0,2.4093389660581597
additional,Raw threshold,0.9,,5,13.613698835027204,25.72835718622309,1.1831609879206708,36.85015874510727,5,13.613698835027204,25.72835718622309,1.1831609879206708,36.85015874510727,5,0.028535683062169435,0.06008899819181285,0.000964553737695,0.0824367504754989,5,0.0,0.0,0.0,0.0,5,0.03790903549937212,0.07832483243072481,0.0016377904523286802,0.10825506358035333,5,,,,,0,,,,,0,,,,,0,,,,,0,,,,,0,,,,,0,105.00805555555556,105,188909,0,6302,0,6302,1614,1614,0,0,0,0,0,0,0,0,15.370249372402647
additional,Raw persistence,0.9,,5,9.310240190193841,19.61946394364329,0.2906063950394328,26.91853968627682,5,9.310240190193841,19.61946394364329,0.2906063950394328,26.91853968627682,5,0.019141202546802842,0.0418150523935836,0.00029040665578402,0.05655820643092345,5,0.0,0.0,0.0,0.0,5,0.02430291744734962,0.05269061726156025,0.00045169331896136,0.07148152271454306,5,,,,,0,,,,,0,,,,,0,,,,,0,,,,,0,,,,,0,105.00805555555556,105,188909,0,4280,0,4280,1142,1142,0,0,0,0,0,0,0,0,10.875356123472008
additional,Isotonic full,0.9,0.4,5,0.8154074074074075,1.8026733995539883,0.0,2.431407407407407,5,0.8154074074074075,1.8026733995539883,0.0,2.431407407407407,5,0.0008890535894426801,0.0019764955648098118,0.0,0.00265892574063776,5,0.0,0.0,0.0,0.0,2,0.001341563786008217,0.002976876340796712,0.0,0.0040082304526748574,5,,,,,0,,,,,0,,,,,0,,,,,0,,,,,0,,,,,0,105.00805555555556,105,188909,0,200,0,200,102,102,0,0,0,0,0,0,0,0,0.9713540495570445
combined,Raw threshold,0.1,,5,74.37772175956667,24.077350016104408,53.54237526890667,89.15035788907957,5,75.6401734576476,24.340212336873165,54.409212017861286,90.78481812423381,5,0.6443681393428896,0.24372241052754656,0.42234929289030027,0.8126106833756179,5,0.02253166087535746,0.0110623635943678,0.014399738010321319,0.031832822993936,5,0.719230949532211,0.24198470651615933,0.498311820298146,0.8765419618344517,5,1.0,0.0,1.0,1.0,5,1.0,0.0,1.0,1.0,5,0.9714285714285715,0.063887656499994,0.9142857142857143,1.0,5,0.9714285714285715,0.063887656499994,0.9142857142857143,1.0,5,297.8,3.271085446759225,294.8,299.6,5,297.4,4.159326868617084,293.6,299.6,5,172.82944444444445,175,310916,5227,198802,3858,194944,12692,12890,27,26,1,0,27,26,1,0,73.43656077121632
combined,Raw persistence,0.1,,5,99.3570534830191,19.948276907309047,84.14982566169041,114.56428130434779,5,101.30231962204643,20.267679547587676,86.05059416138364,116.55404508270922,5,0.5690939021250175,0.2462031203190834,0.3491972593671391,0.7481699421391668,5,0.0238920635213513,0.011995905283325047,0.01481477105216534,0.03330445182508908,5,0.6250469889990148,0.24889574203965226,0.4003481853427253,0.798987597781589,5,1.0,0.0,1.0,1.0,5,1.0,0.0,1.0,1.0,5,0.9714285714285715,0.063887656499994,0.9142857142857143,1.0,5,0.9714285714285715,0.063887656499994,0.9142857142857143,1.0,5,297.2,4.024922359499621,293.6,299.0,5,296.8,4.919349550499537,292.4,299.0,5,172.82944444444445,175,310916,5227,175977,3493,172484,16685,16991,27,26,1,0,27,26,1,0,96.54026287958906
combined,Isotonic full,0.1,0.4,5,9.479167016147725,20.515678837479562,0.1569322694586153,27.862292756854004,5,9.89639720431514,20.727377831317664,0.44005421834559755,28.456225186765813,5,0.02090616922924526,0.044406333968055996,0.0005941117798897401,0.06065378596199498,5,0.5459739696778632,0.38040836551914026,0.24289554195804194,0.8358683939011808,5,0.02676858055458734,0.05673754157549669,0.0008554801130366999,0.07754411782077089,5,0.8857142857142858,0.18626292586293283,0.7142857142857142,1.0,5,0.8857142857142858,0.18626292586293283,0.7142857142857142,1.0,5,0.2,0.447213595499958,0.0,0.6,5,0.2,0.447213595499958,0.0,0.6,5,30.0,117.3328598475295,-29.0,134.8,5,28.0,117.3328598475295,-31.0,132.8,5,172.82944444444445,175,310916,5227,7266,294,6972,1842,1908,27,5,18,4,27,5,18,4,10.657906156679836
combined,Raw threshold,0.2,,5,110.15736437382927,21.28804574353694,93.8641488136901,126.62011870368019,5,112.27908236348408,21.848047710050395,95.44765852942416,128.20459602231153,5,0.46972072245496876,0.19312142134054797,0.30005582406840403,0.6163987899967942,5,0.02470502310684312,0.012612117858226373,0.015231773455546622,0.03514885653117978,5,0.5695490650703123,0.2141552586560298,0.3767360924476999,0.7284344097124927,5,1.0,0.0,1.0,1.0,5,1.0,0.0,1.0,1.0,5,0.9714285714285715,0.063887656499994,0.9142857142857143,1.0,5,0.9714285714285715,0.063887656499994,0.9142857142857143,1.0,5,294.8,8.843076387773658,286.8,299.0,5,293.8,9.444575162494077,285.4,298.6,5,172.82944444444445,175,310916,5227,146313,3028,143285,18519,18857,27,26,1,0,27,26,1,0,107.15188062733652
combined,Raw persistence,0.2,,5,119.65273615685217,35.9334117172692,88.51503574239084,144.82649130978635,5,121.94140425369544,36.758025068571186,90.08659726492654,147.93601427595974,5,0.36956632697479563,0.17318752062710252,0.21973451312320247,0.5000476932700069,5,0.0275309497962826,0.015493581893769004,0.015612855968412281,0.03944904362415293,5,0.4370998795829585,0.1902762846957311,0.26980493465610234,0.5824102157202228,5,1.0,0.0,1.0,1.0,5,1.0,0.0,1.0,1.0,5,0.9428571428571428,0.12777531299998798,0.8285714285714286,1.0,5,0.9428571428571428,0.12777531299998798,0.8285714285714286,1.0,5,276.6,44.57353474877217,236.6,298.2,5,275.6,45.18628110389258,235.0,298.0,5,172.82944444444445,175,310916,5227,115901,2496,113405,20257,20618,27,25,2,0,27,25,2,0,117.20803746789545
combined,Isotonic full,0.2,0.4,5,6.105040492276286,13.300081569877767,0.0607729702576146,18.032114618279746,5,6.375627473935295,13.278510917166818,0.2888060314021617,18.269708982726602,5,0.01176990788922786,0.02507673222020061,0.00030591723840074,0.03423670839317282,5,0.5745528558370505,0.41516005061606787,0.24019992089461,0.8887218045112781,5,0.015496245682314539,0.032866190192878564,0.0004842647608952,0.044924917120190075,5,0.7885714285714286,0.29457683242930294,0.5314285714285714,0.9714285714285715,5,0.7885714285714286,0.29457683242930294,0.5314285714285714,0.9714285714285715,5,0.08,0.17888543819998318,0.0,0.24000000000000005,5,0.08,0.17888543819998318,0.0,0.24000000000000005,5,0.7,49.87684833667821,-27.0,45.9,5,-1.3,49.87684833667821,-29.0,43.9,5,172.82944444444445,175,310916,5227,4104,180,3924,1188,1229,27,2,18,7,27,2,18,7,6.8738287264580045
combined,Raw threshold,0.3,,5,116.29764151754743,30.723879754927463,90.70035406310667,138.97732538496047,5,118.53495987833875,31.69498081278771,92.59215383815153,142.07647600488903,5,0.3434101794968532,0.15026346559417764,0.21787908321426416,0.4563817026780262,5,0.02671824786665622,0.015490518501780258,0.015330683570256543,0.03982597870711178,5,0.4406372028662526,0.17892197037887947,0.2885998820617331,0.5738279473451031,5,1.0,0.0,1.0,1.0,5,1.0,0.0,1.0,1.0,5,0.9428571428571428,0.12777531299998798,0.8285714285714286,1.0,5,0.9428571428571428,0.12777531299998798,0.8285714285714286,1.0,5,274.0,45.044422518220834,233.2,297.4,5,274.8,46.34328430312207,233.0,297.0,5,172.82944444444445,175,310916,5227,107920,2332,105588,19690,20043,27,25,2,0,27,25,2,0,113.92734648481323
combined,Raw persistence,0.3,,5,105.47717583447893,42.137016108455434,72.58878375386699,140.62686010031967,5,107.60602059605169,42.798100006510595,73.85234841561103,143.15329594332394,5,0.24593090797672068,0.12379754632277966,0.15071676918868934,0.3418856244530324,5,0.031357103595836044,0.02043222133065087,0.01601029918225364,0.047406440671870505,5,0.30557136918232997,0.1435455317266542,0.18945674528359363,0.40989327040659707,5,1.0,0.0,1.0,1.0,5,1.0,0.0,1.0,1.0,5,0.9428571428571428,0.12777531299998798,0.8285714285714286,1.0,5,0.9428571428571428,0.12777531299998798,0.8285714285714286,1.0,5,259.0,65.2725056972689,200.6,292.4,5,257.0,65.2725056972689,198.6,290.4,5,172.82944444444445,175,310916,5227,78018,1808,76210,18152,18481,27,25,2,0,27,25,2,0,105.02839986756372
combined,Isotonic full,0.3,0.4,5,6.069145612994183,13.219823756462986,0.0607729702576146,17.924429980433437,5,6.309742174926162,13.214579203784659,0.2880369974096712,18.156830547209093,5,0.01153094087841588,0.024605017996273043,0.0002779123243898,0.03358389550975514,5,0.578952650101003,0.40543859335472643,0.2466219436196341,0.8831871345029239,5,0.015209413599087781,0.03233389567091831,0.00043961447311346004,0.04417270944838296,5,0.7885714285714286,0.29457683242930294,0.5314285714285714,0.9714285714285715,5,0.7885714285714286,0.29457683242930294,0.5314285714285714,0.9714285714285715,5,0.08,0.17888543819998318,0.0,0.24000000000000005,5,0.08,0.17888543819998318,0.0,0.24000000000000005,5,0.5,49.96248592694322,-27.0,45.9,5,-1.5,49.96248592694322,-29.0,43.9,5,172.82944444444445,175,310916,5227,4023,175,3848,1181,1219,27,2,18,7,27,2,18,7,6.833326368642174
combined,Raw threshold,0.4,,5,108.78935647335943,37.35872459053317,79.64252246701832,139.653105155344,5,110.7897640813143,38.20533717215953,81.2896325100247,142.23968247051667,5,0.24940923298195178,0.11574742650562433,0.16218711122624835,0.33663135473765526,5,0.02971858560875994,0.01954767158959424,0.01609532950977448,0.04700215194320006,5,0.33394117648380606,0.14298161623751596,0.22155280787683312,0.44145207822080906,5,1.0,0.0,1.0,1.0,5,1.0,0.0,1.0,1.0,5,0.9142857142857143,0.191662969499982,0.7428571428571429,1.0,5,0.9142857142857143,0.191662969499982,0.7428571428571429,1.0,5,259.0,64.1404708432983,201.0,292.2,5,257.4,64.45773809248972,199.0,291.4,5,172.82944444444445,175,310916,5227,79168,1835,77333,18659,18969,27,24,3,0,27,24,3,0,107.96192778365312
combined,Raw persistence,0.4,,5,83.48339733441887,37.65459262160032,55.444599619415385,116.87964842661177,5,85.26922252683042,37.902290073575344,57.133288977625526,118.7378183608786,5,0.1646862823591371,0.09327774906395972,0.09471432704251617,0.2397257957248132,5,0.037437643498760845,0.02682778646049506,0.0184340628362055,0.06039112217101354,5,0.21196416280037939,0.10855135601085929,0.12951842635672475,0.294409899244034,5,1.0,0.0,1.0,1.0,5,1.0,0.0,1.0,1.0,5,0.8857142857142858,0.255550625999976,0.657142857142857,1.0,5,0.8857142857142858,0.255550625999976,0.657142857142857,1.0,5,196.6,119.47300950423907,91.2,274.8,5,194.6,119.47300950423907,89.2,272.8,5,172.82944444444445,175,310916,5227,52865,1389,51476,14582,14859,27,23,4,0,27,23,4,0,84.37219738149042
combined,Isotonic full,0.4,0.4,5,4.011251967291889,8.665694036183444,0.0607729702576146,11.784775776366356,5,4.251848529223867,8.66069468051876,0.2880369974096712,12.01717634314201,5,0.007487209844253116,0.01562507479723757,0.00027206137726775234,0.021496382586928337,5,0.5973346294806471,0.39900622563609106,0.26061499955305256,0.8905555555555555,5,0.009930644644801858,0.020618625287477762,0.00043376677637502,0.02839896150399664,5,0.7885714285714286,0.29457683242930294,0.5314285714285714,0.9714285714285715,5,0.7885714285714286,0.29457683242930294,0.5314285714285714,0.9714285714285715,5,0.08,0.17888543819998318,0.0,0.24000000000000005,5,0.08,0.17888543819998318,0.0,0.24000000000000005,5,0.5,49.96248592694322,-27.0,45.9,5,-1.5,49.96248592694322,-29.0,43.9,5,172.82944444444445,175,310916,5227,2605,164,2441,780,818,27,2,18,7,27,2,18,7,4.51311987090677
combined,Raw threshold,0.5,,5,92.71034566874837,36.15336800899835,66.89177648814393,123.40588374669628,5,94.46486713891153,36.62081042620421,68.33885495786699,124.91057901156141,5,0.17516710662485427,0.09410011125654126,0.1055729124066465,0.2544674345397478,5,0.03450661213487452,0.024483891166344494,0.01819419793194546,0.05642218641899692,5,0.24233002768861445,0.11290655115805993,0.15602456277654153,0.3286354926006874,5,1.0,0.0,1.0,1.0,5,1.0,0.0,1.0,1.0,5,0.9142857142857143,0.191662969499982,0.7428571428571429,1.0,5,0.9142857142857143,0.191662969499982,0.7428571428571429,1.0,5,235.8,60.70172979413354,184.8,280.0,5,234.2,61.22662819394843,182.8,278.8,5,172.82944444444445,175,310916,5227,56172,1442,54730,16114,16388,27,24,3,0,27,24,3,0,93.23642769204064
combined,Raw persistence,0.5,,5,59.785679876095195,26.260465161416146,40.45597578135264,81.94704964548325,5,61.137782405653276,26.389463267815664,41.43898309646604,83.01465933871448,5,0.10786587493300966,0.08075797037077755,0.05503254201064907,0.17579998425767254,5,0.047546801438079676,0.036628408131613964,0.022015030931955983,0.07990487831039747,5,0.14177009762186565,0.09067552374261177,0.07826823501242319,0.21834251746473027,5,1.0,0.0,1.0,1.0,5,1.0,0.0,1.0,1.0,5,0.8571428571428571,0.2474358296526968,0.6285714285714284,1.0,5,0.8571428571428571,0.2474358296526968,0.6285714285714284,1.0,5,184.0,113.47466677633383,84.8,256.6,5,182.0,113.47466677633383,82.8,254.6,5,172.82944444444445,175,310916,5227,34990,1077,33913,10558,10771,27,22,5,0,27,22,5,0,61.089127688504725
combined,Isotonic full,0.5,0.4,5,3.6112804552913196,7.771426140744118,0.0607729702576146,10.584861240364646,5,3.8418172651138915,7.757831308108164,0.26830934856182065,10.796946375236008,5,0.006715082400563536,0.013922184757505769,0.0002556119797269523,0.019204674352170797,5,0.5951179741508866,0.39550625685415125,0.2595205891193267,0.885,5,0.00891690725994192,0.01838319403923333,0.00041184716654405997,0.02539062876416326,5,0.76,0.29318796645406403,0.5142857142857142,0.96,5,0.76,0.29318796645406403,0.5142857142857142,0.96,5,0.04,0.08944271909999159,0.0,0.12000000000000002,5,0.04,0.08944271909999159,0.0,0.12000000000000002,5,-17.4,10.807404868885039,-25.8,-9.0,5,-19.4,10.807404868885039,-27.8,-11.0,5,172.82944444444445,175,310916,5227,2334,160,2174,702,738,27,1,18,8,27,1,18,8,4.061807883816093
combined,Raw threshold,0.6,,5,68.0047264008256,25.365710584593362,49.75049532536475,89.59938993254755,5,69.51558515370584,25.533005198266704,50.897818865849516,91.5350837772846,5,0.11585931597883221,0.08619502189662452,0.06142728625083586,0.19047631949609145,5,0.044010594771847225,0.036500777539502316,0.02221511970649618,0.0770252391253197,5,0.16285840688678718,0.09877919931162432,0.09485842855235796,0.2453006269863512,5,1.0,0.0,1.0,1.0,5,1.0,0.0,1.0,1.0,5,0.8857142857142858,0.255550625999976,0.657142857142857,1.0,5,0.8857142857142858,0.255550625999976,0.657142857142857,1.0,5,184.8,112.96326836631455,86.0,257.4,5,183.2,113.47114170572182,84.0,256.6,5,172.82944444444445,175,310916,5227,37661,1130,36531,11980,12215,27,23,4,0,27,23,4,0,69.31689237623476
combined,Raw persistence,0.6,,5,37.9420377473745,19.290840217151292,23.745816418618173,54.360545665647955,5,39.06979129111027,19.57827496508139,24.59036063904668,55.48748622531828,5,0.06876764118430594,0.07590434058347152,0.027718544248576244,0.13765182586933739,5,0.06591263516822524,0.055933397227294436,0.031888634199992945,0.11399328391916566,5,0.09043430435213251,0.08569442080655809,0.04158770210999392,0.1677471505985885,5,1.0,0.0,1.0,1.0,5,1.0,0.0,1.0,1.0,5,0.7314285714285715,0.30546050882066506,0.48571428571428565,0.96,5,0.7314285714285715,0.30546050882066506,0.48571428571428565,0.96,5,137.8,120.93469311988186,46.4,235.4,5,135.8,120.93469311988186,44.4,233.4,5,172.82944444444445,175,310916,5227,22664,821,21843,6750,6923,27,18,9,0,27,18,9,0,39.055845036693206
combined,Isotonic full,0.6,0.4,5,2.242406075893194,4.739341492680417,0.0407793571062602,6.4983646974733755,5,2.4630790612918405,4.731310337947702,0.2517646281955766,6.710449832344739,5,0.0040874992006920356,0.008089185224819252,0.00023360563739437232,0.011363269683242774,5,0.6025533472420481,0.40955743667044786,0.2514695655356685,0.9028571428571428,5,0.0054792376091929796,0.01076991345523436,0.00037334009139352003,0.015152041768935037,5,0.76,0.29318796645406403,0.5142857142857142,0.96,5,0.76,0.29318796645406403,0.5142857142857142,0.96,5,0.0,0.0,0.0,0.0,5,0.0,0.0,0.0,0.0,5,-19.8,9.011104260855047,-27.2,-13.0,5,-21.8,9.011104260855047,-29.2,-15.0,5,172.82944444444445,175,310916,5227,1413,120,1293,436,470,27,0,19,8,27,0,19,8,2.5227182868145537
combined,Raw threshold,0.7,,5,42.33509887487115,18.36043841187523,28.651301569179168,57.65338275745179,5,43.570356119723684,18.623594064994595,29.571975939164286,58.88728666957021,5,0.07303048082981714,0.08218013469943566,0.030063872113246605,0.14729143051283025,5,0.06674366448577922,0.054773113670299425,0.033271751305101155,0.11502620236286396,5,0.10167853125660091,0.09643408252990221,0.04815628296859346,0.1889031706385313,5,1.0,0.0,1.0,1.0,5,1.0,0.0,1.0,1.0,5,0.7485714285714286,0.2510386587027292,0.5542857142857143,0.9428571428571428,5,0.7485714285714286,0.2510386587027292,0.5542857142857143,0.9428571428571428,5,164.4,107.08547987472437,72.6,241.6,5,163.6,108.93254793678517,70.6,242.8,5,172.82944444444445,175,310916,5227,24063,896,23167,7551,7745,27,19,8,0,27,19,8,0,43.690471981047466
combined,Raw persistence,0.7,,5,21.630132037061095,20.798042532081972,10.262762052217722,40.25441519082771,5,22.41496643944335,21.07054490345897,10.69964864587185,41.14672845272956,5,0.044324985490417176,0.06825051523474694,0.01106578770624162,0.10593459614495064,5,0.11947349944341079,0.08468177742884407,0.056777675402694835,0.19170178519168854,5,0.05675291437837936,0.0798508891612894,0.01701156957898426,0.1289116242163833,5,0.9428571428571428,0.07824607964359519,0.8857142857142856,1.0,5,0.9428571428571428,0.07824607964359519,0.8857142857142856,1.0,5,0.35428571428571426,0.3793657435074215,0.11428571428571428,0.6971428571428572,5,0.35428571428571426,0.3793657435074215,0.11428571428571428,0.6971428571428572,5,52.2,134.62057792180215,-9.0,172.8,5,50.2,134.62057792180215,-11.0,170.8,5,172.82944444444445,175,310916,5227,14815,662,14153,3907,4029,27,10,15,2,27,10,15,2,22.606101712349684
combined,Isotonic full,0.7,0.4,5,2.2037947852318074,4.731039111561777,0.0407793571062602,6.441647608525935,5,2.3646199133281423,4.756137215112982,0.18205294646934003,6.633585622361568,5,0.0038393480456638367,0.007973892708305657,0.0001672913612840923,0.010991001203693895,5,0.607344706911636,0.41286781182736554,0.25536745406824146,0.9111111111111111,5,0.00517652786154508,0.010669066913127169,0.00026833539701818,0.0147471362608208,5,0.6247619047619046,0.21270315085933153,0.44571428571428573,0.7733333333333332,5,0.6247619047619046,0.21270315085933153,0.44571428571428573,0.7733333333333332,5,0.0,0.0,0.0,0.0,5,0.0,0.0,0.0,0.0,5,-22.4,7.869243928103893,-28.5,-16.5,5,-24.4,7.869243928103893,-30.5,-18.5,5,172.82944444444445,175,310916,5227,1336,82,1254,429,456,27,0,16,11,27,0,16,11,2.482215928998724
combined,Raw threshold,0.8,,5,22.35234943954378,21.391225798139065,10.781276626788763,41.74075140761319,5,23.203161832337152,21.67027292341366,11.158474402942485,42.82969552233915,5,0.045170985128813956,0.07095153234751667,0.01051127824294408,0.10901448268468554,5,0.11721996291164034,0.08034997484615815,0.05708632567317048,0.18791216890266854,5,0.06091689543960732,0.08797911442690598,0.0171674057359249,0.14021565352250562,5,0.9714285714285715,0.063887656499994,0.9142857142857143,1.0,5,0.9714285714285715,0.063887656499994,0.9142857142857143,1.0,5,0.42095238095238097,0.3272506234089432,0.24380952380952378,0.7142857142857142,5,0.42095238095238097,0.3272506234089432,0.24380952380952378,0.7142857142857142,5,54.0,133.61137676111267,-6.8,173.8,5,52.6,134.95295476572568,-8.8,173.6,5,172.82944444444445,175,310916,5227,15081,662,14419,4004,4137,27,11,15,1,27,11,15,1,23.167348670654757
combined,Raw persistence,0.8,,5,13.421546048865988,21.177238442360956,3.1335149692901063,32.455331771090876,5,14.044079084834312,21.35841041141406,3.411555815262189,33.2915705158493,5,0.0293909094725233,0.053902445824305555,0.0037074100444399196,0.07773528704409387,5,0.2240340665208833,0.13882233422007564,0.10412934858015883,0.33624070632174097,5,0.037176772297793,0.06573131056600039,0.005696791383830181,0.09618739497633391,5,0.9428571428571428,0.07824607964359519,0.8857142857142856,1.0,5,0.9428571428571428,0.07824607964359519,0.8857142857142856,1.0,5,0.2857142857142857,0.41649656391752143,0.02857142857142856,0.6571428571428571,5,0.2857142857142857,0.41649656391752143,0.02857142857142856,0.6571428571428571,5,47.8,136.19728337966217,-19.2,171.2,5,45.8,136.19728337966217,-21.2,169.2,5,172.82944444444445,175,310916,5227,9964,497,9467,2491,2590,27,8,17,2,27,8,17,2,14.41305333131893
combined,Isotonic full,0.8,0.4,5,1.4493239508646405,3.0746021739928793,0.03551643004165776,4.202960569661123,5,1.5792469524091572,3.04583122091429,0.16100123821093032,4.3098606922096225,5,0.0024023025908381907,0.004787106234311409,0.00015558946703996153,0.0066978716055509716,5,0.593575143971763,0.4339363338349984,0.23358257477243174,0.9157142857142858,5,0.0032811720587561403,0.006482918250382658,0.00024494461006438,0.00909706213312622,5,0.5161904761904761,0.25451924357791483,0.299047619047619,0.700952380952381,5,0.5161904761904761,0.25451924357791483,0.299047619047619,0.700952380952381,5,0.0,0.0,0.0,0.0,5,0.0,0.0,0.0,0.0,5,-25.4,6.627593831851798,-30.4,-19.9,5,-27.4,6.627593831851798,-32.4,-21.9,5,172.82944444444445,175,310916,5227,832,63,769,282,303,27,0,13,14,27,0,13,14,1.631666414866294
combined,Raw threshold,0.9,,5,11.622165804356893,21.382686976629895,1.546536456248008,30.752557632895343,5,12.189323884299359,21.559664100624833,1.9009365006400105,31.57837926237973,5,0.023804777960609078,0.0464178650704847,0.00202596914892964,0.06546087407562283,5,0.32558324710244724,0.2247826739598424,0.1549875821474342,0.5000927237578648,5,0.03218010343415008,0.061583024295928615,0.0031976118927584,0.08747508094925516,5,0.9142857142857143,0.191662969499982,0.7428571428571429,1.0,5,0.9142857142857143,0.191662969499982,0.7428571428571429,1.0,5,0.18857142857142856,0.3473514952098088,0.0,0.5085714285714286,5,0.18857142857142856,0.3473514952098088,0.0,0.5085714285714286,5,38.6,112.26887369168715,-17.0,140.2,5,36.6,112.26887369168715,-19.0,138.2,5,172.82944444444445,175,310916,5227,8152,399,7753,2202,2292,27,5,19,3,27,5,19,3,12.740884558636806
combined,Raw persistence,0.9,,5,7.483876084940905,15.485040496640021,0.32465347629645924,21.366818080330624,5,7.878626388010299,15.511143667528115,0.6341307888014399,21.79610873173067,5,0.01541150185417452,0.031219039281560397,0.00084366214533182,0.043398005659189574,5,0.49755283349811075,0.337264144885955,0.23131714224151195,0.751023353219647,5,0.01977993463154628,0.039818892190325375,0.0012042893455522599,0.055482834778085535,5,0.8457142857142858,0.17681998224875203,0.7028571428571428,0.9714285714285715,5,0.8457142857142858,0.17681998224875203,0.7028571428571428,0.9714285714285715,5,0.12,0.2683281572999748,0.0,0.36,5,0.12,0.2683281572999748,0.0,0.36,5,28.8,103.20222865810602,-22.0,121.4,5,26.8,103.20222865810602,-24.0,119.4,5,172.82944444444445,175,310916,5227,5305,289,5016,1443,1502,27,3,19,5,27,3,19,5,8.349271761177526
combined,Isotonic full,0.9,0.4,5,0.5917366965350164,1.2321630028956494,0.01578878119380728,1.6938170129838273,5,0.701344266175241,1.1723307000287828,0.13140976493915452,1.7567780990693447,5,0.0007991433014885108,0.0013301234324800829,0.00011172440693112153,0.0019983254322945504,5,0.6285714285714286,0.47015520667897204,0.25,0.9785714285714284,5,0.00119118080150942,0.0019864376514161126,0.0001846656830293,0.00298051922053088,5,0.43619047619047624,0.3464363442099705,0.16190476190476188,0.700952380952381,5,0.43619047619047624,0.3464363442099705,0.16190476190476188,0.700952380952381,5,0.0,0.0,0.0,0.0,5,0.0,0.0,0.0,0.0,5,-25.0,7.337120234351713,-31.5,-19.25,4,-27.0,7.337120234351713,-33.5,-21.25,4,172.82944444444445,175,310916,5227,270,42,228,115,132,27,0,11,16,27,0,11,16,0.6653958784029212
