fold,exposure,subject,edf,policy,hours,edfs,windows,positive_windows,authorized_windows,true_authorized_windows,false_authorized_windows,authorization_fraction,positive_authorization_rate,positive_window_sensitivity,clusters,false_clusters,clusters_per_hour,false_clusters_per_hour,false_windows_per_hour,authorized_support_seconds,authorized_support_fraction,at_risk_hours,false_clusters_per_nonrisk_hour,center_coverage,center_pre_fraction,center_post_fraction,center_missed_fraction,center_median_lead,center_median_latency,center_pre_among_covered,center_events,center_pre,center_post,center_missed,end_coverage,end_pre_fraction,end_post_fraction,end_missed_fraction,end_median_lead,end_median_latency,end_pre_among_covered,end_events,end_pre,end_post,end_missed
loso_chb01,additional,chb01,chb01_07.edf,raw_0.5,1.0,1,1799,0,452,0,452,0.25125069483046136,0.0,,214,214,214.0,214.0,452.0,1448.0,0.4022222222222222,1.0,214.0,,,,,,,,0,0,0,0,,,,,,,,0,0,0,0
loso_chb01,additional,chb01,chb01_07.edf,calibrated_threshold,1.0,1,1799,0,0,0,0,0.0,,,0,0,0.0,0.0,0.0,0.0,0.0,1.0,0.0,,,,,,,,0,0,0,0,,,,,,,,0,0,0,0
loso_chb01,additional,chb01,chb01_07.edf,complete_train_selected,1.0,1,1799,0,0,0,0,0.0,,,0,0,0.0,0.0,0.0,0.0,0.0,1.0,0.0,,,,,,,,0,0,0,0,,,,,,,,0,0,0,0
loso_chb01,additional,chb01,chb01_08.edf,raw_0.5,1.0,1,1799,0,795,0,795,0.44191217342968314,0.0,,212,212,212.0,212.0,795.0,2228.0,0.6188888888888889,1.0,212.0,,,,,,,,0,0,0,0,,,,,,,,0,0,0,0
loso_chb01,additional,chb01,chb01_08.edf,calibrated_threshold,1.0,1,1799,0,0,0,0,0.0,,,0,0,0.0,0.0,0.0,0.0,0.0,1.0,0.0,,,,,,,,0,0,0,0,,,,,,,,0,0,0,0
loso_chb01,additional,chb01,chb01_08.edf,complete_train_selected,1.0,1,1799,0,0,0,0,0.0,,,0,0,0.0,0.0,0.0,0.0,0.0,1.0,0.0,,,,,,,,0,0,0,0,,,,,,,,0,0,0,0
loso_chb01,additional,chb01,chb01_09.edf,raw_0.5,1.0,1,1799,0,715,0,715,0.39744302390216785,0.0,,220,220,220.0,220.0,715.0,2078.0,0.5772222222222222,1.0,220.0,,,,,,,,0,0,0,0,,,,,,,,0,0,0,0
loso_chb01,additional,chb01,chb01_09.edf,calibrated_threshold,1.0,1,1799,0,0,0,0,0.0,,,0,0,0.0,0.0,0.0,0.0,0.0,1.0,0.0,,,,,,,,0,0,0,0,,,,,,,,0,0,0,0
loso_chb01,additional,chb01,chb01_09.edf,complete_train_selected,1.0,1,1799,0,0,0,0,0.0,,,0,0,0.0,0.0,0.0,0.0,0.0,1.0,0.0,,,,,,,,0,0,0,0,,,,,,,,0,0,0,0
loso_chb01,additional,chb01,chb01_10.edf,raw_0.5,1.0,1,1799,0,718,0,718,0.3991106170094497,0.0,,191,191,191.0,191.0,718.0,1966.0,0.5461111111111111,1.0,191.0,,,,,,,,0,0,0,0,,,,,,,,0,0,0,0
loso_chb01,additional,chb01,chb01_10.edf,calibrated_threshold,1.0,1,1799,0,0,0,0,0.0,,,0,0,0.0,0.0,0.0,0.0,0.0,1.0,0.0,,,,,,,,0,0,0,0,,,,,,,,0,0,0,0
loso_chb01,additional,chb01,chb01_10.edf,complete_train_selected,1.0,1,1799,0,0,0,0,0.0,,,0,0,0.0,0.0,0.0,0.0,0.0,1.0,0.0,,,,,,,,0,0,0,0,,,,,,,,0,0,0,0
loso_chb01,additional,chb01,chb01_11.edf,raw_0.5,1.0,1,1799,0,582,0,582,0.3235130628126737,0.0,,186,186,186.0,186.0,582.0,1678.0,0.4661111111111111,1.0,186.0,,,,,,,,0,0,0,0,,,,,,,,0,0,0,0
loso_chb01,additional,chb01,chb01_11.edf,calibrated_threshold,1.0,1,1799,0,0,0,0,0.0,,,0,0,0.0,0.0,0.0,0.0,0.0,1.0,0.0,,,,,,,,0,0,0,0,,,,,,,,0,0,0,0
loso_chb01,additional,chb01,chb01_11.edf,complete_train_selected,1.0,1,1799,0,0,0,0,0.0,,,0,0,0.0,0.0,0.0,0.0,0.0,1.0,0.0,,,,,,,,0,0,0,0,,,,,,,,0,0,0,0
loso_chb01,additional,chb01,chb01_12.edf,raw_0.5,1.0,1,1799,0,852,0,852,0.4735964424680378,0.0,,194,194,194.0,194.0,852.0,2338.0,0.6494444444444445,1.0,194.0,,,,,,,,0,0,0,0,,,,,,,,0,0,0,0
loso_chb01,additional,chb01,chb01_12.edf,calibrated_threshold,1.0,1,1799,0,0,0,0,0.0,,,0,0,0.0,0.0,0.0,0.0,0.0,1.0,0.0,,,,,,,,0,0,0,0,,,,,,,,0,0,0,0
loso_chb01,additional,chb01,chb01_12.edf,complete_train_selected,1.0,1,1799,0,0,0,0,0.0,,,0,0,0.0,0.0,0.0,0.0,0.0,1.0,0.0,,,,,,,,0,0,0,0,,,,,,,,0,0,0,0
loso_chb01,additional,chb01,chb01_13.edf,raw_0.5,1.0,1,1799,0,619,0,619,0.3440800444691495,0.0,,222,222,222.0,222.0,619.0,1846.0,0.5127777777777778,1.0,222.0,,,,,,,,0,0,0,0,,,,,,,,0,0,0,0
loso_chb01,additional,chb01,chb01_13.edf,calibrated_threshold,1.0,1,1799,0,0,0,0,0.0,,,0,0,0.0,0.0,0.0,0.0,0.0,1.0,0.0,,,,,,,,0,0,0,0,,,,,,,,0,0,0,0
loso_chb01,additional,chb01,chb01_13.edf,complete_train_selected,1.0,1,1799,0,0,0,0,0.0,,,0,0,0.0,0.0,0.0,0.0,0.0,1.0,0.0,,,,,,,,0,0,0,0,,,,,,,,0,0,0,0
loso_chb01,additional,chb01,chb01_29.edf,raw_0.5,1.0,1,1799,0,874,0,874,0.4858254585881045,0.0,,183,183,183.0,183.0,874.0,2340.0,0.65,1.0,183.0,,,,,,,,0,0,0,0,,,,,,,,0,0,0,0
loso_chb01,additional,chb01,chb01_29.edf,calibrated_threshold,1.0,1,1799,0,0,0,0,0.0,,,0,0,0.0,0.0,0.0,0.0,0.0,1.0,0.0,,,,,,,,0,0,0,0,,,,,,,,0,0,0,0
loso_chb01,additional,chb01,chb01_29.edf,complete_train_selected,1.0,1,1799,0,0,0,0,0.0,,,0,0,0.0,0.0,0.0,0.0,0.0,1.0,0.0,,,,,,,,0,0,0,0,,,,,,,,0,0,0,0
loso_chb01,additional,chb01,chb01_30.edf,raw_0.5,1.0,1,1799,0,778,0,778,0.4324624791550862,0.0,,178,178,178.0,178.0,778.0,2112.0,0.5866666666666667,1.0,178.0,,,,,,,,0,0,0,0,,,,,,,,0,0,0,0
loso_chb01,additional,chb01,chb01_30.edf,calibrated_threshold,1.0,1,1799,0,0,0,0,0.0,,,0,0,0.0,0.0,0.0,0.0,0.0,1.0,0.0,,,,,,,,0,0,0,0,,,,,,,,0,0,0,0
loso_chb01,additional,chb01,chb01_30.edf,complete_train_selected,1.0,1,1799,0,0,0,0,0.0,,,0,0,0.0,0.0,0.0,0.0,0.0,1.0,0.0,,,,,,,,0,0,0,0,,,,,,,,0,0,0,0
loso_chb01,additional,chb01,chb01_31.edf,raw_0.5,1.0,1,1799,0,581,0,581,0.3229571984435798,0.0,,175,175,175.0,175.0,581.0,1632.0,0.4533333333333333,1.0,175.0,,,,,,,,0,0,0,0,,,,,,,,0,0,0,0
loso_chb01,additional,chb01,chb01_31.edf,calibrated_threshold,1.0,1,1799,0,1,0,1,0.0005558643690939411,0.0,,1,1,1.0,1.0,1.0,4.0,0.0011111111111111111,1.0,1.0,,,,,,,,0,0,0,0,,,,,,,,0,0,0,0
loso_chb01,additional,chb01,chb01_31.edf,complete_train_selected,1.0,1,1799,0,0,0,0,0.0,,,0,0,0.0,0.0,0.0,0.0,0.0,1.0,0.0,,,,,,,,0,0,0,0,,,,,,,,0,0,0,0
loso_chb01,additional,chb01,chb01_32.edf,raw_0.5,1.0,1,1799,0,781,0,781,0.434130072262368,0.0,,189,189,189.0,189.0,781.0,2130.0,0.5916666666666667,1.0,189.0,,,,,,,,0,0,0,0,,,,,,,,0,0,0,0
loso_chb01,additional,chb01,chb01_32.edf,calibrated_threshold,1.0,1,1799,0,0,0,0,0.0,,,0,0,0.0,0.0,0.0,0.0,0.0,1.0,0.0,,,,,,,,0,0,0,0,,,,,,,,0,0,0,0
loso_chb01,additional,chb01,chb01_32.edf,complete_train_selected,1.0,1,1799,0,0,0,0,0.0,,,0,0,0.0,0.0,0.0,0.0,0.0,1.0,0.0,,,,,,,,0,0,0,0,,,,,,,,0,0,0,0
loso_chb01,additional,chb01,chb01_33.edf,raw_0.5,1.0,1,1799,0,658,0,658,0.3657587548638132,0.0,,184,184,184.0,184.0,658.0,1830.0,0.5083333333333333,1.0,184.0,,,,,,,,0,0,0,0,,,,,,,,0,0,0,0
loso_chb01,additional,chb01,chb01_33.edf,calibrated_threshold,1.0,1,1799,0,0,0,0,0.0,,,0,0,0.0,0.0,0.0,0.0,0.0,1.0,0.0,,,,,,,,0,0,0,0,,,,,,,,0,0,0,0
loso_chb01,additional,chb01,chb01_33.edf,complete_train_selected,1.0,1,1799,0,0,0,0,0.0,,,0,0,0.0,0.0,0.0,0.0,0.0,1.0,0.0,,,,,,,,0,0,0,0,,,,,,,,0,0,0,0
loso_chb01,additional,chb01,chb01_34.edf,raw_0.5,1.0,1,1799,0,660,0,660,0.3668704836020011,0.0,,182,182,182.0,182.0,660.0,1870.0,0.5194444444444445,1.0,182.0,,,,,,,,0,0,0,0,,,,,,,,0,0,0,0
loso_chb01,additional,chb01,chb01_34.edf,calibrated_threshold,1.0,1,1799,0,2,0,2,0.0011117287381878821,0.0,,1,1,1.0,1.0,2.0,6.0,0.0016666666666666668,1.0,1.0,,,,,,,,0,0,0,0,,,,,,,,0,0,0,0
loso_chb01,additional,chb01,chb01_34.edf,complete_train_selected,1.0,1,1799,0,1,0,1,0.0005558643690939411,0.0,,1,1,1.0,1.0,1.0,4.0,0.0011111111111111111,1.0,1.0,,,,,,,,0,0,0,0,,,,,,,,0,0,0,0
loso_chb01,additional,chb01,chb01_36.edf,raw_0.5,1.0,1,1799,0,182,0,182,0.10116731517509728,0.0,,127,127,127.0,127.0,182.0,640.0,0.17777777777777778,1.0,127.0,,,,,,,,0,0,0,0,,,,,,,,0,0,0,0
loso_chb01,additional,chb01,chb01_36.edf,calibrated_threshold,1.0,1,1799,0,0,0,0,0.0,,,0,0,0.0,0.0,0.0,0.0,0.0,1.0,0.0,,,,,,,,0,0,0,0,,,,,,,,0,0,0,0
loso_chb01,additional,chb01,chb01_36.edf,complete_train_selected,1.0,1,1799,0,0,0,0,0.0,,,0,0,0.0,0.0,0.0,0.0,0.0,1.0,0.0,,,,,,,,0,0,0,0,,,,,,,,0,0,0,0
loso_chb01,additional,chb01,chb01_37.edf,raw_0.5,1.0,1,1799,0,172,0,172,0.09560867148415786,0.0,,116,116,116.0,116.0,172.0,610.0,0.16944444444444445,1.0,116.0,,,,,,,,0,0,0,0,,,,,,,,0,0,0,0
loso_chb01,additional,chb01,chb01_37.edf,calibrated_threshold,1.0,1,1799,0,0,0,0,0.0,,,0,0,0.0,0.0,0.0,0.0,0.0,1.0,0.0,,,,,,,,0,0,0,0,,,,,,,,0,0,0,0
loso_chb01,additional,chb01,chb01_37.edf,complete_train_selected,1.0,1,1799,0,0,0,0,0.0,,,0,0,0.0,0.0,0.0,0.0,0.0,1.0,0.0,,,,,,,,0,0,0,0,,,,,,,,0,0,0,0
loso_chb01,additional,chb01,chb01_38.edf,raw_0.5,1.0,1,1799,0,175,0,175,0.09727626459143969,0.0,,106,106,106.0,106.0,175.0,592.0,0.16444444444444445,1.0,106.0,,,,,,,,0,0,0,0,,,,,,,,0,0,0,0
loso_chb01,additional,chb01,chb01_38.edf,calibrated_threshold,1.0,1,1799,0,0,0,0,0.0,,,0,0,0.0,0.0,0.0,0.0,0.0,1.0,0.0,,,,,,,,0,0,0,0,,,,,,,,0,0,0,0
loso_chb01,additional,chb01,chb01_38.edf,complete_train_selected,1.0,1,1799,0,0,0,0,0.0,,,0,0,0.0,0.0,0.0,0.0,0.0,1.0,0.0,,,,,,,,0,0,0,0,,,,,,,,0,0,0,0
loso_chb01,additional,chb01,chb01_39.edf,raw_0.5,1.0,1,1799,0,237,0,237,0.13173985547526404,0.0,,143,143,143.0,143.0,237.0,784.0,0.21777777777777776,1.0,143.0,,,,,,,,0,0,0,0,,,,,,,,0,0,0,0
loso_chb01,additional,chb01,chb01_39.edf,calibrated_threshold,1.0,1,1799,0,0,0,0,0.0,,,0,0,0.0,0.0,0.0,0.0,0.0,1.0,0.0,,,,,,,,0,0,0,0,,,,,,,,0,0,0,0
loso_chb01,additional,chb01,chb01_39.edf,complete_train_selected,1.0,1,1799,0,0,0,0,0.0,,,0,0,0.0,0.0,0.0,0.0,0.0,1.0,0.0,,,,,,,,0,0,0,0,,,,,,,,0,0,0,0
loso_chb01,additional,chb01,chb01_40.edf,raw_0.5,1.0,1,1799,0,375,0,375,0.2084491384102279,0.0,,180,180,180.0,180.0,375.0,1180.0,0.3277777777777778,1.0,180.0,,,,,,,,0,0,0,0,,,,,,,,0,0,0,0
loso_chb01,additional,chb01,chb01_40.edf,calibrated_threshold,1.0,1,1799,0,0,0,0,0.0,,,0,0,0.0,0.0,0.0,0.0,0.0,1.0,0.0,,,,,,,,0,0,0,0,,,,,,,,0,0,0,0
loso_chb01,additional,chb01,chb01_40.edf,complete_train_selected,1.0,1,1799,0,0,0,0,0.0,,,0,0,0.0,0.0,0.0,0.0,0.0,1.0,0.0,,,,,,,,0,0,0,0,,,,,,,,0,0,0,0
loso_chb01,additional,chb01,chb01_41.edf,raw_0.5,1.0,1,1799,0,330,0,330,0.18343524180100054,0.0,,138,138,138.0,138.0,330.0,1036.0,0.2877777777777778,1.0,138.0,,,,,,,,0,0,0,0,,,,,,,,0,0,0,0
loso_chb01,additional,chb01,chb01_41.edf,calibrated_threshold,1.0,1,1799,0,0,0,0,0.0,,,0,0,0.0,0.0,0.0,0.0,0.0,1.0,0.0,,,,,,,,0,0,0,0,,,,,,,,0,0,0,0
loso_chb01,additional,chb01,chb01_41.edf,complete_train_selected,1.0,1,1799,0,0,0,0,0.0,,,0,0,0.0,0.0,0.0,0.0,0.0,1.0,0.0,,,,,,,,0,0,0,0,,,,,,,,0,0,0,0
loso_chb01,additional,chb01,chb01_42.edf,raw_0.5,1.0,1,1799,0,383,0,383,0.21289605336297943,0.0,,161,161,161.0,161.0,383.0,1170.0,0.325,1.0,161.0,,,,,,,,0,0,0,0,,,,,,,,0,0,0,0
loso_chb01,additional,chb01,chb01_42.edf,calibrated_threshold,1.0,1,1799,0,3,0,3,0.0016675931072818232,0.0,,1,1,1.0,1.0,3.0,8.0,0.0022222222222222222,1.0,1.0,,,,,,,,0,0,0,0,,,,,,,,0,0,0,0
loso_chb01,additional,chb01,chb01_42.edf,complete_train_selected,1.0,1,1799,0,2,0,2,0.0011117287381878821,0.0,,1,1,1.0,1.0,2.0,6.0,0.0016666666666666668,1.0,1.0,,,,,,,,0,0,0,0,,,,,,,,0,0,0,0
loso_chb01,additional,chb01,chb01_43.edf,raw_0.5,1.0,1,1799,0,164,0,164,0.09116175653140633,0.0,,89,89,89.0,89.0,164.0,530.0,0.14722222222222223,1.0,89.0,,,,,,,,0,0,0,0,,,,,,,,0,0,0,0
loso_chb01,additional,chb01,chb01_43.edf,calibrated_threshold,1.0,1,1799,0,0,0,0,0.0,,,0,0,0.0,0.0,0.0,0.0,0.0,1.0,0.0,,,,,,,,0,0,0,0,,,,,,,,0,0,0,0
loso_chb01,additional,chb01,chb01_43.edf,complete_train_selected,1.0,1,1799,0,0,0,0,0.0,,,0,0,0.0,0.0,0.0,0.0,0.0,1.0,0.0,,,,,,,,0,0,0,0,,,,,,,,0,0,0,0
loso_chb01,additional,chb01,chb01_46.edf,raw_0.5,1.0,1,1799,0,683,0,683,0.37965536409116174,0.0,,208,208,208.0,208.0,683.0,1990.0,0.5527777777777778,1.0,208.0,,,,,,,,0,0,0,0,,,,,,,,0,0,0,0
loso_chb01,additional,chb01,chb01_46.edf,calibrated_threshold,1.0,1,1799,0,0,0,0,0.0,,,0,0,0.0,0.0,0.0,0.0,0.0,1.0,0.0,,,,,,,,0,0,0,0,,,,,,,,0,0,0,0
loso_chb01,additional,chb01,chb01_46.edf,complete_train_selected,1.0,1,1799,0,0,0,0,0.0,,,0,0,0.0,0.0,0.0,0.0,0.0,1.0,0.0,,,,,,,,0,0,0,0,,,,,,,,0,0,0,0
loso_chb01,original,chb01,chb01_01.edf,raw_0.5,1.0,1,1799,0,531,0,531,0.2951639799888827,0.0,,213,213,213.0,213.0,531.0,1628.0,0.45222222222222225,1.0,213.0,,,,,,,,0,0,0,0,,,,,,,,0,0,0,0
loso_chb01,original,chb01,chb01_01.edf,calibrated_threshold,1.0,1,1799,0,0,0,0,0.0,,,0,0,0.0,0.0,0.0,0.0,0.0,1.0,0.0,,,,,,,,0,0,0,0,,,,,,,,0,0,0,0
loso_chb01,original,chb01,chb01_01.edf,complete_train_selected,1.0,1,1799,0,0,0,0,0.0,,,0,0,0.0,0.0,0.0,0.0,0.0,1.0,0.0,,,,,,,,0,0,0,0,,,,,,,,0,0,0,0
loso_chb01,original,chb01,chb01_02.edf,raw_0.5,1.0,1,1799,0,402,0,402,0.22345747637576432,0.0,,162,162,162.0,162.0,402.0,1212.0,0.33666666666666667,1.0,162.0,,,,,,,,0,0,0,0,,,,,,,,0,0,0,0
loso_chb01,original,chb01,chb01_02.edf,calibrated_threshold,1.0,1,1799,0,0,0,0,0.0,,,0,0,0.0,0.0,0.0,0.0,0.0,1.0,0.0,,,,,,,,0,0,0,0,,,,,,,,0,0,0,0
loso_chb01,original,chb01,chb01_02.edf,complete_train_selected,1.0,1,1799,0,0,0,0,0.0,,,0,0,0.0,0.0,0.0,0.0,0.0,1.0,0.0,,,,,,,,0,0,0,0,,,,,,,,0,0,0,0
loso_chb01,original,chb01,chb01_03.edf,raw_0.5,1.0,1,1799,171,145,42,103,0.08060033351862146,0.2896551724137931,0.24561403508771928,69,52,69.0,52.0,103.0,450.0,0.125,0.9055555555555556,57.423312883435585,1.0,1.0,0.0,0.0,284.0,-284.0,1.0,1,1,0,0,1.0,1.0,0.0,0.0,282.0,-282.0,1.0,1,1,0,0
loso_chb01,original,chb01,chb01_03.edf,calibrated_threshold,1.0,1,1799,171,4,4,0,0.0022234574763757642,1.0,0.023391812865497075,1,0,1.0,0.0,0.0,10.0,0.002777777777777778,0.9055555555555556,0.0,1.0,0.0,1.0,0.0,-26.0,26.0,0.0,1,0,1,0,1.0,0.0,1.0,0.0,-28.0,28.0,0.0,1,0,1,0
loso_chb01,original,chb01,chb01_03.edf,complete_train_selected,1.0,1,1799,171,3,3,0,0.0016675931072818232,1.0,0.017543859649122806,1,0,1.0,0.0,0.0,8.0,0.0022222222222222222,0.9055555555555556,0.0,1.0,0.0,1.0,0.0,-28.0,28.0,0.0,1,0,1,0,1.0,0.0,1.0,0.0,-30.0,30.0,0.0,1,0,1,0
loso_chb01,original,chb01,chb01_04.edf,raw_0.5,1.0,1,1799,164,276,20,256,0.15341856586992775,0.07246376811594203,0.12195121951219512,88,82,88.0,82.0,256.0,786.0,0.21833333333333332,0.9091666666666667,90.19248395967003,1.0,1.0,0.0,0.0,195.0,-195.0,1.0,1,1,0,0,1.0,1.0,0.0,0.0,193.0,-193.0,1.0,1,1,0,0
loso_chb01,original,chb01,chb01_04.edf,calibrated_threshold,1.0,1,1799,164,4,4,0,0.0022234574763757642,1.0,0.024390243902439025,2,0,2.0,0.0,0.0,12.0,0.0033333333333333335,0.9091666666666667,0.0,1.0,0.0,1.0,0.0,-5.0,5.0,0.0,1,0,1,0,1.0,0.0,1.0,0.0,-7.0,7.0,0.0,1,0,1,0
loso_chb01,original,chb01,chb01_04.edf,complete_train_selected,1.0,1,1799,164,2,2,0,0.0011117287381878821,1.0,0.012195121951219513,2,0,2.0,0.0,0.0,8.0,0.0022222222222222222,0.9091666666666667,0.0,1.0,0.0,1.0,0.0,-7.0,7.0,0.0,1,0,1,0,1.0,0.0,1.0,0.0,-9.0,9.0,0.0,1,0,1,0
loso_chb01,original,chb01,chb01_05.edf,raw_0.5,1.0,1,1799,0,617,0,617,0.34296831573096165,0.0,,202,202,202.0,202.0,617.0,1774.0,0.49277777777777776,1.0,202.0,,,,,,,,0,0,0,0,,,,,,,,0,0,0,0
loso_chb01,original,chb01,chb01_05.edf,calibrated_threshold,1.0,1,1799,0,0,0,0,0.0,,,0,0,0.0,0.0,0.0,0.0,0.0,1.0,0.0,,,,,,,,0,0,0,0,,,,,,,,0,0,0,0
loso_chb01,original,chb01,chb01_05.edf,complete_train_selected,1.0,1,1799,0,0,0,0,0.0,,,0,0,0.0,0.0,0.0,0.0,0.0,1.0,0.0,,,,,,,,0,0,0,0,,,,,,,,0,0,0,0
loso_chb01,original,chb01,chb01_06.edf,raw_0.5,1.0,1,1799,0,419,0,419,0.23290717065036132,0.0,,199,199,199.0,199.0,419.0,1354.0,0.3761111111111111,1.0,199.0,,,,,,,,0,0,0,0,,,,,,,,0,0,0,0
loso_chb01,original,chb01,chb01_06.edf,calibrated_threshold,1.0,1,1799,0,0,0,0,0.0,,,0,0,0.0,0.0,0.0,0.0,0.0,1.0,0.0,,,,,,,,0,0,0,0,,,,,,,,0,0,0,0
loso_chb01,original,chb01,chb01_06.edf,complete_train_selected,1.0,1,1799,0,0,0,0,0.0,,,0,0,0.0,0.0,0.0,0.0,0.0,1.0,0.0,,,,,,,,0,0,0,0,,,,,,,,0,0,0,0
loso_chb01,original,chb01,chb01_14.edf,raw_0.5,1.0,1,1799,0,195,0,195,0.10839355197331851,0.0,,118,118,118.0,118.0,195.0,660.0,0.18333333333333332,1.0,118.0,,,,,,,,0,0,0,0,,,,,,,,0,0,0,0
loso_chb01,original,chb01,chb01_14.edf,calibrated_threshold,1.0,1,1799,0,0,0,0,0.0,,,0,0,0.0,0.0,0.0,0.0,0.0,1.0,0.0,,,,,,,,0,0,0,0,,,,,,,,0,0,0,0
loso_chb01,original,chb01,chb01_14.edf,complete_train_selected,1.0,1,1799,0,0,0,0,0.0,,,0,0,0.0,0.0,0.0,0.0,0.0,1.0,0.0,,,,,,,,0,0,0,0,,,,,,,,0,0,0,0
loso_chb01,original,chb01,chb01_15.edf,raw_0.5,1.0,1,1799,171,129,11,118,0.0717065036131184,0.08527131782945736,0.06432748538011696,65,59,65.0,59.0,118.0,410.0,0.11388888888888889,0.9055555555555556,65.15337423312883,1.0,1.0,0.0,0.0,234.0,-234.0,1.0,1,1,0,0,1.0,1.0,0.0,0.0,232.0,-232.0,1.0,1,1,0,0
loso_chb01,original,chb01,chb01_15.edf,calibrated_threshold,1.0,1,1799,171,0,0,0,0.0,,0.0,0,0,0.0,0.0,0.0,0.0,0.0,0.9055555555555556,0.0,0.0,0.0,0.0,1.0,,,,1,0,0,1,0.0,0.0,0.0,1.0,,,,1,0,0,1
loso_chb01,original,chb01,chb01_15.edf,complete_train_selected,1.0,1,1799,171,0,0,0,0.0,,0.0,0,0,0.0,0.0,0.0,0.0,0.0,0.9055555555555556,0.0,0.0,0.0,0.0,1.0,,,,1,0,0,1,0.0,0.0,0.0,1.0,,,,1,0,0,1
loso_chb01,original,chb01,chb01_16.edf,raw_0.5,1.0,1,1799,176,360,48,312,0.2001111728738188,0.13333333333333333,0.2727272727272727,146,126,146.0,126.0,312.0,1102.0,0.3061111111111111,0.9025,139.61218836565098,1.0,1.0,0.0,0.0,297.0,-297.0,1.0,1,1,0,0,1.0,1.0,0.0,0.0,295.0,-295.0,1.0,1,1,0,0
loso_chb01,original,chb01,chb01_16.edf,calibrated_threshold,1.0,1,1799,176,5,5,0,0.0027793218454697055,1.0,0.028409090909090908,2,0,2.0,0.0,0.0,14.0,0.0038888888888888888,0.9025,0.0,1.0,0.0,1.0,0.0,-5.0,5.0,0.0,1,0,1,0,1.0,0.0,1.0,0.0,-7.0,7.0,0.0,1,0,1,0
loso_chb01,original,chb01,chb01_16.edf,complete_train_selected,1.0,1,1799,176,3,3,0,0.0016675931072818232,1.0,0.017045454545454544,2,0,2.0,0.0,0.0,10.0,0.002777777777777778,0.9025,0.0,1.0,0.0,1.0,0.0,-7.0,7.0,0.0,1,0,1,0,1.0,0.0,1.0,0.0,-9.0,9.0,0.0,1,0,1,0
loso_chb01,original,chb01,chb01_17.edf,raw_0.5,1.0,1,1799,0,109,0,109,0.06058921623123958,0.0,,77,77,77.0,77.0,109.0,382.0,0.10611111111111111,1.0,77.0,,,,,,,,0,0,0,0,,,,,,,,0,0,0,0
loso_chb01,original,chb01,chb01_17.edf,calibrated_threshold,1.0,1,1799,0,0,0,0,0.0,,,0,0,0.0,0.0,0.0,0.0,0.0,1.0,0.0,,,,,,,,0,0,0,0,,,,,,,,0,0,0,0
loso_chb01,original,chb01,chb01_17.edf,complete_train_selected,1.0,1,1799,0,0,0,0,0.0,,,0,0,0.0,0.0,0.0,0.0,0.0,1.0,0.0,,,,,,,,0,0,0,0,,,,,,,,0,0,0,0
loso_chb01,original,chb01,chb01_18.edf,raw_0.5,1.0,1,1799,196,236,88,148,0.1311839911061701,0.3728813559322034,0.4489795918367347,97,73,97.0,73.0,148.0,724.0,0.2011111111111111,0.8916666666666666,81.86915887850468,1.0,1.0,0.0,0.0,300.0,-300.0,1.0,1,1,0,0,1.0,1.0,0.0,0.0,300.0,-300.0,1.0,1,1,0,0
loso_chb01,original,chb01,chb01_18.edf,calibrated_threshold,1.0,1,1799,196,8,8,0,0.0044469149527515284,1.0,0.04081632653061224,3,0,3.0,0.0,0.0,22.0,0.006111111111111111,0.8916666666666666,0.0,1.0,0.0,1.0,0.0,-28.0,28.0,0.0,1,0,1,0,1.0,0.0,1.0,0.0,-30.0,30.0,0.0,1,0,1,0
loso_chb01,original,chb01,chb01_18.edf,complete_train_selected,1.0,1,1799,196,5,5,0,0.0027793218454697055,1.0,0.025510204081632654,1,0,1.0,0.0,0.0,12.0,0.0033333333333333335,0.8916666666666666,0.0,1.0,0.0,1.0,0.0,-38.0,38.0,0.0,1,0,1,0,1.0,0.0,1.0,0.0,-40.0,40.0,0.0,1,0,1,0
loso_chb01,original,chb01,chb01_19.edf,raw_0.5,1.0,1,1799,0,83,0,83,0.04613674263479711,0.0,,54,54,54.0,54.0,83.0,284.0,0.07888888888888888,1.0,54.0,,,,,,,,0,0,0,0,,,,,,,,0,0,0,0
loso_chb01,original,chb01,chb01_19.edf,calibrated_threshold,1.0,1,1799,0,0,0,0,0.0,,,0,0,0.0,0.0,0.0,0.0,0.0,1.0,0.0,,,,,,,,0,0,0,0,,,,,,,,0,0,0,0
loso_chb01,original,chb01,chb01_19.edf,complete_train_selected,1.0,1,1799,0,0,0,0,0.0,,,0,0,0.0,0.0,0.0,0.0,0.0,1.0,0.0,,,,,,,,0,0,0,0,,,,,,,,0,0,0,0
loso_chb01,original,chb01,chb01_20.edf,raw_0.5,0.7397222222222222,1,1330,0,102,0,102,0.07669172932330827,0.0,,64,64,86.51896357491552,86.51896357491552,137.8895981975216,354.0,0.13293278257604205,0.7397222222222222,86.51896357491552,,,,,,,,0,0,0,0,,,,,,,,0,0,0,0
loso_chb01,original,chb01,chb01_20.edf,calibrated_threshold,0.7397222222222222,1,1330,0,0,0,0,0.0,,,0,0,0.0,0.0,0.0,0.0,0.0,0.7397222222222222,0.0,,,,,,,,0,0,0,0,,,,,,,,0,0,0,0
loso_chb01,original,chb01,chb01_20.edf,complete_train_selected,0.7397222222222222,1,1330,0,0,0,0,0.0,,,0,0,0.0,0.0,0.0,0.0,0.0,0.7397222222222222,0.0,,,,,,,,0,0,0,0,,,,,,,,0,0,0,0
loso_chb01,original,chb01,chb01_21.edf,raw_0.5,1.0,1,1799,197,147,37,110,0.08171206225680934,0.25170068027210885,0.18781725888324874,70,67,70.0,67.0,110.0,454.0,0.12611111111111112,0.8908333333333334,75.21047708138447,1.0,1.0,0.0,0.0,109.0,-109.0,1.0,1,1,0,0,1.0,1.0,0.0,0.0,107.0,-107.0,1.0,1,1,0,0
loso_chb01,original,chb01,chb01_21.edf,calibrated_threshold,1.0,1,1799,197,2,2,0,0.0011117287381878821,1.0,0.01015228426395939,1,0,1.0,0.0,0.0,6.0,0.0016666666666666668,0.8908333333333334,0.0,1.0,0.0,1.0,0.0,-43.0,43.0,0.0,1,0,1,0,1.0,0.0,1.0,0.0,-45.0,45.0,0.0,1,0,1,0
loso_chb01,original,chb01,chb01_21.edf,complete_train_selected,1.0,1,1799,197,1,1,0,0.0005558643690939411,1.0,0.005076142131979695,1,0,1.0,0.0,0.0,4.0,0.0011111111111111111,0.8908333333333334,0.0,1.0,0.0,1.0,0.0,-45.0,45.0,0.0,1,0,1,0,1.0,0.0,1.0,0.0,-47.0,47.0,0.0,1,0,1,0
loso_chb01,original,chb01,chb01_22.edf,raw_0.5,1.0,1,1799,0,399,0,399,0.22178988326848248,0.0,,183,183,183.0,183.0,399.0,1248.0,0.3466666666666667,1.0,183.0,,,,,,,,0,0,0,0,,,,,,,,0,0,0,0
loso_chb01,original,chb01,chb01_22.edf,calibrated_threshold,1.0,1,1799,0,0,0,0,0.0,,,0,0,0.0,0.0,0.0,0.0,0.0,1.0,0.0,,,,,,,,0,0,0,0,,,,,,,,0,0,0,0
loso_chb01,original,chb01,chb01_22.edf,complete_train_selected,1.0,1,1799,0,0,0,0,0.0,,,0,0,0.0,0.0,0.0,0.0,0.0,1.0,0.0,,,,,,,,0,0,0,0,,,,,,,,0,0,0,0
loso_chb01,original,chb01,chb01_23.edf,raw_0.5,1.0,1,1799,0,392,0,392,0.2178988326848249,0.0,,172,172,172.0,172.0,392.0,1206.0,0.335,1.0,172.0,,,,,,,,0,0,0,0,,,,,,,,0,0,0,0
loso_chb01,original,chb01,chb01_23.edf,calibrated_threshold,1.0,1,1799,0,0,0,0,0.0,,,0,0,0.0,0.0,0.0,0.0,0.0,1.0,0.0,,,,,,,,0,0,0,0,,,,,,,,0,0,0,0
loso_chb01,original,chb01,chb01_23.edf,complete_train_selected,1.0,1,1799,0,0,0,0,0.0,,,0,0,0.0,0.0,0.0,0.0,0.0,1.0,0.0,,,,,,,,0,0,0,0,,,,,,,,0,0,0,0
loso_chb01,original,chb01,chb01_24.edf,raw_0.5,1.0,1,1799,0,291,0,291,0.16175653140633686,0.0,,179,179,179.0,179.0,291.0,986.0,0.2738888888888889,1.0,179.0,,,,,,,,0,0,0,0,,,,,,,,0,0,0,0
loso_chb01,original,chb01,chb01_24.edf,calibrated_threshold,1.0,1,1799,0,0,0,0,0.0,,,0,0,0.0,0.0,0.0,0.0,0.0,1.0,0.0,,,,,,,,0,0,0,0,,,,,,,,0,0,0,0
loso_chb01,original,chb01,chb01_24.edf,complete_train_selected,1.0,1,1799,0,0,0,0,0.0,,,0,0,0.0,0.0,0.0,0.0,0.0,1.0,0.0,,,,,,,,0,0,0,0,,,,,,,,0,0,0,0
loso_chb01,original,chb01,chb01_25.edf,raw_0.5,1.0,1,1799,0,384,0,384,0.21345191773207337,0.0,,188,188,188.0,188.0,384.0,1216.0,0.3377777777777778,1.0,188.0,,,,,,,,0,0,0,0,,,,,,,,0,0,0,0
loso_chb01,original,chb01,chb01_25.edf,calibrated_threshold,1.0,1,1799,0,0,0,0,0.0,,,0,0,0.0,0.0,0.0,0.0,0.0,1.0,0.0,,,,,,,,0,0,0,0,,,,,,,,0,0,0,0
loso_chb01,original,chb01,chb01_25.edf,complete_train_selected,1.0,1,1799,0,0,0,0,0.0,,,0,0,0.0,0.0,0.0,0.0,0.0,1.0,0.0,,,,,,,,0,0,0,0,,,,,,,,0,0,0,0
loso_chb01,original,chb01,chb01_26.edf,raw_0.5,0.6458333333333334,1,1161,201,85,53,32,0.07321274763135228,0.6235294117647059,0.263681592039801,27,22,41.806451612903224,34.064516129032256,49.54838709677419,236.0,0.10150537634408602,0.5344444444444445,41.16424116424116,1.0,1.0,0.0,0.0,246.0,-246.0,1.0,1,1,0,0,1.0,1.0,0.0,0.0,244.0,-244.0,1.0,1,1,0,0
loso_chb01,original,chb01,chb01_26.edf,calibrated_threshold,0.6458333333333334,1,1161,201,16,16,0,0.013781223083548665,1.0,0.07960199004975124,4,0,6.193548387096774,0.0,0.0,44.0,0.0189247311827957,0.5344444444444445,0.0,1.0,0.0,1.0,0.0,-32.0,32.0,0.0,1,0,1,0,1.0,0.0,1.0,0.0,-34.0,34.0,0.0,1,0,1,0
loso_chb01,original,chb01,chb01_26.edf,complete_train_selected,0.6458333333333334,1,1161,201,10,10,0,0.008613264427217916,1.0,0.04975124378109453,4,0,6.193548387096774,0.0,0.0,28.0,0.012043010752688172,0.5344444444444445,0.0,1.0,0.0,1.0,0.0,-56.0,56.0,0.0,1,0,1,0,1.0,0.0,1.0,0.0,-58.0,58.0,0.0,1,0,1,0
loso_chb01,original,chb01,chb01_27.edf,raw_0.5,0.16666666666666666,1,299,0,6,0,6,0.020066889632107024,0.0,,3,3,18.0,18.0,36.0,20.0,0.03333333333333333,0.16666666666666666,18.0,,,,,,,,0,0,0,0,,,,,,,,0,0,0,0
loso_chb01,original,chb01,chb01_27.edf,calibrated_threshold,0.16666666666666666,1,299,0,0,0,0,0.0,,,0,0,0.0,0.0,0.0,0.0,0.0,0.16666666666666666,0.0,,,,,,,,0,0,0,0,,,,,,,,0,0,0,0
loso_chb01,original,chb01,chb01_27.edf,complete_train_selected,0.16666666666666666,1,299,0,0,0,0,0.0,,,0,0,0.0,0.0,0.0,0.0,0.0,0.16666666666666666,0.0,,,,,,,,0,0,0,0,,,,,,,,0,0,0,0
loso_chb02,additional,chb02,chb02_02.edf,raw_0.5,1.0,1,1799,0,28,0,28,0.01556420233463035,0.0,,18,18,18.0,18.0,28.0,92.0,0.025555555555555557,1.0,18.0,,,,,,,,0,0,0,0,,,,,,,,0,0,0,0
loso_chb02,additional,chb02,chb02_02.edf,calibrated_threshold,1.0,1,1799,0,0,0,0,0.0,,,0,0,0.0,0.0,0.0,0.0,0.0,1.0,0.0,,,,,,,,0,0,0,0,,,,,,,,0,0,0,0
loso_chb02,additional,chb02,chb02_02.edf,complete_train_selected,1.0,1,1799,0,0,0,0,0.0,,,0,0,0.0,0.0,0.0,0.0,0.0,1.0,0.0,,,,,,,,0,0,0,0,,,,,,,,0,0,0,0
loso_chb02,additional,chb02,chb02_03.edf,raw_0.5,1.0,1,1799,0,176,0,176,0.09783212896053363,0.0,,93,93,93.0,93.0,176.0,560.0,0.15555555555555556,1.0,93.0,,,,,,,,0,0,0,0,,,,,,,,0,0,0,0
loso_chb02,additional,chb02,chb02_03.edf,calibrated_threshold,1.0,1,1799,0,0,0,0,0.0,,,0,0,0.0,0.0,0.0,0.0,0.0,1.0,0.0,,,,,,,,0,0,0,0,,,,,,,,0,0,0,0
loso_chb02,additional,chb02,chb02_03.edf,complete_train_selected,1.0,1,1799,0,0,0,0,0.0,,,0,0,0.0,0.0,0.0,0.0,0.0,1.0,0.0,,,,,,,,0,0,0,0,,,,,,,,0,0,0,0
loso_chb02,additional,chb02,chb02_04.edf,raw_0.5,1.0,1,1799,0,152,0,152,0.08449138410227905,0.0,,75,75,75.0,75.0,152.0,480.0,0.13333333333333333,1.0,75.0,,,,,,,,0,0,0,0,,,,,,,,0,0,0,0
loso_chb02,additional,chb02,chb02_04.edf,calibrated_threshold,1.0,1,1799,0,0,0,0,0.0,,,0,0,0.0,0.0,0.0,0.0,0.0,1.0,0.0,,,,,,,,0,0,0,0,,,,,,,,0,0,0,0
loso_chb02,additional,chb02,chb02_04.edf,complete_train_selected,1.0,1,1799,0,0,0,0,0.0,,,0,0,0.0,0.0,0.0,0.0,0.0,1.0,0.0,,,,,,,,0,0,0,0,,,,,,,,0,0,0,0
loso_chb02,additional,chb02,chb02_05.edf,raw_0.5,1.0,1,1799,0,90,0,90,0.0500277932184547,0.0,,70,70,70.0,70.0,90.0,328.0,0.09111111111111111,1.0,70.0,,,,,,,,0,0,0,0,,,,,,,,0,0,0,0
loso_chb02,additional,chb02,chb02_05.edf,calibrated_threshold,1.0,1,1799,0,0,0,0,0.0,,,0,0,0.0,0.0,0.0,0.0,0.0,1.0,0.0,,,,,,,,0,0,0,0,,,,,,,,0,0,0,0
loso_chb02,additional,chb02,chb02_05.edf,complete_train_selected,1.0,1,1799,0,0,0,0,0.0,,,0,0,0.0,0.0,0.0,0.0,0.0,1.0,0.0,,,,,,,,0,0,0,0,,,,,,,,0,0,0,0
loso_chb02,additional,chb02,chb02_06.edf,raw_0.5,1.0,1,1799,0,138,0,138,0.07670928293496387,0.0,,87,87,87.0,87.0,138.0,464.0,0.1288888888888889,1.0,87.0,,,,,,,,0,0,0,0,,,,,,,,0,0,0,0
loso_chb02,additional,chb02,chb02_06.edf,calibrated_threshold,1.0,1,1799,0,0,0,0,0.0,,,0,0,0.0,0.0,0.0,0.0,0.0,1.0,0.0,,,,,,,,0,0,0,0,,,,,,,,0,0,0,0
loso_chb02,additional,chb02,chb02_06.edf,complete_train_selected,1.0,1,1799,0,0,0,0,0.0,,,0,0,0.0,0.0,0.0,0.0,0.0,1.0,0.0,,,,,,,,0,0,0,0,,,,,,,,0,0,0,0
loso_chb02,additional,chb02,chb02_07.edf,raw_0.5,1.0,1,1799,0,92,0,92,0.05113952195664258,0.0,,69,69,69.0,69.0,92.0,330.0,0.09166666666666666,1.0,69.0,,,,,,,,0,0,0,0,,,,,,,,0,0,0,0
loso_chb02,additional,chb02,chb02_07.edf,calibrated_threshold,1.0,1,1799,0,0,0,0,0.0,,,0,0,0.0,0.0,0.0,0.0,0.0,1.0,0.0,,,,,,,,0,0,0,0,,,,,,,,0,0,0,0
loso_chb02,additional,chb02,chb02_07.edf,complete_train_selected,1.0,1,1799,0,0,0,0,0.0,,,0,0,0.0,0.0,0.0,0.0,0.0,1.0,0.0,,,,,,,,0,0,0,0,,,,,,,,0,0,0,0
loso_chb02,additional,chb02,chb02_08.edf,raw_0.5,1.0,1,1799,0,271,0,271,0.15063924402445802,0.0,,111,111,111.0,111.0,271.0,800.0,0.2222222222222222,1.0,111.0,,,,,,,,0,0,0,0,,,,,,,,0,0,0,0
loso_chb02,additional,chb02,chb02_08.edf,calibrated_threshold,1.0,1,1799,0,0,0,0,0.0,,,0,0,0.0,0.0,0.0,0.0,0.0,1.0,0.0,,,,,,,,0,0,0,0,,,,,,,,0,0,0,0
loso_chb02,additional,chb02,chb02_08.edf,complete_train_selected,1.0,1,1799,0,0,0,0,0.0,,,0,0,0.0,0.0,0.0,0.0,0.0,1.0,0.0,,,,,,,,0,0,0,0,,,,,,,,0,0,0,0
loso_chb02,additional,chb02,chb02_09.edf,raw_0.5,1.0,1,1799,0,204,0,204,0.11339633129516398,0.0,,88,88,88.0,88.0,204.0,618.0,0.17166666666666666,1.0,88.0,,,,,,,,0,0,0,0,,,,,,,,0,0,0,0
loso_chb02,additional,chb02,chb02_09.edf,calibrated_threshold,1.0,1,1799,0,0,0,0,0.0,,,0,0,0.0,0.0,0.0,0.0,0.0,1.0,0.0,,,,,,,,0,0,0,0,,,,,,,,0,0,0,0
loso_chb02,additional,chb02,chb02_09.edf,complete_train_selected,1.0,1,1799,0,0,0,0,0.0,,,0,0,0.0,0.0,0.0,0.0,0.0,1.0,0.0,,,,,,,,0,0,0,0,,,,,,,,0,0,0,0
loso_chb02,additional,chb02,chb02_10.edf,raw_0.5,1.0,1,1799,0,441,0,441,0.245136186770428,0.0,,145,145,145.0,145.0,441.0,1288.0,0.35777777777777775,1.0,145.0,,,,,,,,0,0,0,0,,,,,,,,0,0,0,0
loso_chb02,additional,chb02,chb02_10.edf,calibrated_threshold,1.0,1,1799,0,0,0,0,0.0,,,0,0,0.0,0.0,0.0,0.0,0.0,1.0,0.0,,,,,,,,0,0,0,0,,,,,,,,0,0,0,0
loso_chb02,additional,chb02,chb02_10.edf,complete_train_selected,1.0,1,1799,0,0,0,0,0.0,,,0,0,0.0,0.0,0.0,0.0,0.0,1.0,0.0,,,,,,,,0,0,0,0,,,,,,,,0,0,0,0
loso_chb02,additional,chb02,chb02_11.edf,raw_0.5,1.0,1,1799,0,210,0,210,0.11673151750972763,0.0,,99,99,99.0,99.0,210.0,662.0,0.18388888888888888,1.0,99.0,,,,,,,,0,0,0,0,,,,,,,,0,0,0,0
loso_chb02,additional,chb02,chb02_11.edf,calibrated_threshold,1.0,1,1799,0,0,0,0,0.0,,,0,0,0.0,0.0,0.0,0.0,0.0,1.0,0.0,,,,,,,,0,0,0,0,,,,,,,,0,0,0,0
loso_chb02,additional,chb02,chb02_11.edf,complete_train_selected,1.0,1,1799,0,0,0,0,0.0,,,0,0,0.0,0.0,0.0,0.0,0.0,1.0,0.0,,,,,,,,0,0,0,0,,,,,,,,0,0,0,0
loso_chb02,additional,chb02,chb02_12.edf,raw_0.5,1.0,1,1799,0,181,0,181,0.10061145080600334,0.0,,76,76,76.0,76.0,181.0,558.0,0.155,1.0,76.0,,,,,,,,0,0,0,0,,,,,,,,0,0,0,0
loso_chb02,additional,chb02,chb02_12.edf,calibrated_threshold,1.0,1,1799,0,0,0,0,0.0,,,0,0,0.0,0.0,0.0,0.0,0.0,1.0,0.0,,,,,,,,0,0,0,0,,,,,,,,0,0,0,0
loso_chb02,additional,chb02,chb02_12.edf,complete_train_selected,1.0,1,1799,0,0,0,0,0.0,,,0,0,0.0,0.0,0.0,0.0,0.0,1.0,0.0,,,,,,,,0,0,0,0,,,,,,,,0,0,0,0
loso_chb02,additional,chb02,chb02_13.edf,raw_0.5,1.0,1,1799,0,183,0,183,0.10172317954419122,0.0,,81,81,81.0,81.0,183.0,570.0,0.15833333333333333,1.0,81.0,,,,,,,,0,0,0,0,,,,,,,,0,0,0,0
loso_chb02,additional,chb02,chb02_13.edf,calibrated_threshold,1.0,1,1799,0,0,0,0,0.0,,,0,0,0.0,0.0,0.0,0.0,0.0,1.0,0.0,,,,,,,,0,0,0,0,,,,,,,,0,0,0,0
loso_chb02,additional,chb02,chb02_13.edf,complete_train_selected,1.0,1,1799,0,0,0,0,0.0,,,0,0,0.0,0.0,0.0,0.0,0.0,1.0,0.0,,,,,,,,0,0,0,0,,,,,,,,0,0,0,0
loso_chb02,additional,chb02,chb02_14.edf,raw_0.5,1.0,1,1799,0,219,0,219,0.1217342968315731,0.0,,102,102,102.0,102.0,219.0,686.0,0.19055555555555556,1.0,102.0,,,,,,,,0,0,0,0,,,,,,,,0,0,0,0
loso_chb02,additional,chb02,chb02_14.edf,calibrated_threshold,1.0,1,1799,0,0,0,0,0.0,,,0,0,0.0,0.0,0.0,0.0,0.0,1.0,0.0,,,,,,,,0,0,0,0,,,,,,,,0,0,0,0
loso_chb02,additional,chb02,chb02_14.edf,complete_train_selected,1.0,1,1799,0,0,0,0,0.0,,,0,0,0.0,0.0,0.0,0.0,0.0,1.0,0.0,,,,,,,,0,0,0,0,,,,,,,,0,0,0,0
loso_chb02,additional,chb02,chb02_22.edf,raw_0.5,1.0,1,1799,0,536,0,536,0.2979433018343524,0.0,,140,140,140.0,140.0,536.0,1452.0,0.4033333333333333,1.0,140.0,,,,,,,,0,0,0,0,,,,,,,,0,0,0,0
loso_chb02,additional,chb02,chb02_22.edf,calibrated_threshold,1.0,1,1799,0,14,0,14,0.007782101167315175,0.0,,7,7,7.0,7.0,14.0,48.0,0.013333333333333334,1.0,7.0,,,,,,,,0,0,0,0,,,,,,,,0,0,0,0
loso_chb02,additional,chb02,chb02_22.edf,complete_train_selected,1.0,1,1799,0,4,0,4,0.0022234574763757642,0.0,,4,4,4.0,4.0,4.0,16.0,0.0044444444444444444,1.0,4.0,,,,,,,,0,0,0,0,,,,,,,,0,0,0,0
loso_chb02,additional,chb02,chb02_23.edf,raw_0.5,1.0,1,1799,0,293,0,293,0.16286826014452474,0.0,,150,150,150.0,150.0,293.0,946.0,0.2627777777777778,1.0,150.0,,,,,,,,0,0,0,0,,,,,,,,0,0,0,0
loso_chb02,additional,chb02,chb02_23.edf,calibrated_threshold,1.0,1,1799,0,0,0,0,0.0,,,0,0,0.0,0.0,0.0,0.0,0.0,1.0,0.0,,,,,,,,0,0,0,0,,,,,,,,0,0,0,0
loso_chb02,additional,chb02,chb02_23.edf,complete_train_selected,1.0,1,1799,0,0,0,0,0.0,,,0,0,0.0,0.0,0.0,0.0,0.0,1.0,0.0,,,,,,,,0,0,0,0,,,,,,,,0,0,0,0
loso_chb02,additional,chb02,chb02_24.edf,raw_0.5,1.0,1,1799,0,257,0,257,0.14285714285714285,0.0,,127,127,127.0,127.0,257.0,834.0,0.23166666666666666,1.0,127.0,,,,,,,,0,0,0,0,,,,,,,,0,0,0,0
loso_chb02,additional,chb02,chb02_24.edf,calibrated_threshold,1.0,1,1799,0,0,0,0,0.0,,,0,0,0.0,0.0,0.0,0.0,0.0,1.0,0.0,,,,,,,,0,0,0,0,,,,,,,,0,0,0,0
loso_chb02,additional,chb02,chb02_24.edf,complete_train_selected,1.0,1,1799,0,0,0,0,0.0,,,0,0,0.0,0.0,0.0,0.0,0.0,1.0,0.0,,,,,,,,0,0,0,0,,,,,,,,0,0,0,0
loso_chb02,additional,chb02,chb02_25.edf,raw_0.5,1.0,1,1799,0,202,0,202,0.1122846025569761,0.0,,84,84,84.0,84.0,202.0,612.0,0.17,1.0,84.0,,,,,,,,0,0,0,0,,,,,,,,0,0,0,0
loso_chb02,additional,chb02,chb02_25.edf,calibrated_threshold,1.0,1,1799,0,0,0,0,0.0,,,0,0,0.0,0.0,0.0,0.0,0.0,1.0,0.0,,,,,,,,0,0,0,0,,,,,,,,0,0,0,0
loso_chb02,additional,chb02,chb02_25.edf,complete_train_selected,1.0,1,1799,0,0,0,0,0.0,,,0,0,0.0,0.0,0.0,0.0,0.0,1.0,0.0,,,,,,,,0,0,0,0,,,,,,,,0,0,0,0
loso_chb02,additional,chb02,chb02_26.edf,raw_0.5,1.0,1,1799,0,327,0,327,0.18176764869371873,0.0,,139,139,139.0,139.0,327.0,1024.0,0.28444444444444444,1.0,139.0,,,,,,,,0,0,0,0,,,,,,,,0,0,0,0
loso_chb02,additional,chb02,chb02_26.edf,calibrated_threshold,1.0,1,1799,0,0,0,0,0.0,,,0,0,0.0,0.0,0.0,0.0,0.0,1.0,0.0,,,,,,,,0,0,0,0,,,,,,,,0,0,0,0
loso_chb02,additional,chb02,chb02_26.edf,complete_train_selected,1.0,1,1799,0,0,0,0,0.0,,,0,0,0.0,0.0,0.0,0.0,0.0,1.0,0.0,,,,,,,,0,0,0,0,,,,,,,,0,0,0,0
loso_chb02,additional,chb02,chb02_27.edf,raw_0.5,1.0,1,1799,0,169,0,169,0.09394107837687604,0.0,,82,82,82.0,82.0,169.0,532.0,0.14777777777777779,1.0,82.0,,,,,,,,0,0,0,0,,,,,,,,0,0,0,0
loso_chb02,additional,chb02,chb02_27.edf,calibrated_threshold,1.0,1,1799,0,2,0,2,0.0011117287381878821,0.0,,1,1,1.0,1.0,2.0,6.0,0.0016666666666666668,1.0,1.0,,,,,,,,0,0,0,0,,,,,,,,0,0,0,0
loso_chb02,additional,chb02,chb02_27.edf,complete_train_selected,1.0,1,1799,0,1,0,1,0.0005558643690939411,0.0,,1,1,1.0,1.0,1.0,4.0,0.0011111111111111111,1.0,1.0,,,,,,,,0,0,0,0,,,,,,,,0,0,0,0
loso_chb02,additional,chb02,chb02_28.edf,raw_0.5,1.0,1,1799,0,16,0,16,0.008893829905503057,0.0,,12,12,12.0,12.0,16.0,56.0,0.015555555555555555,1.0,12.0,,,,,,,,0,0,0,0,,,,,,,,0,0,0,0
loso_chb02,additional,chb02,chb02_28.edf,calibrated_threshold,1.0,1,1799,0,0,0,0,0.0,,,0,0,0.0,0.0,0.0,0.0,0.0,1.0,0.0,,,,,,,,0,0,0,0,,,,,,,,0,0,0,0
loso_chb02,additional,chb02,chb02_28.edf,complete_train_selected,1.0,1,1799,0,0,0,0,0.0,,,0,0,0.0,0.0,0.0,0.0,0.0,1.0,0.0,,,,,,,,0,0,0,0,,,,,,,,0,0,0,0
loso_chb02,additional,chb02,chb02_29.edf,raw_0.5,1.0,1,1799,0,76,0,76,0.042245692051139525,0.0,,50,50,50.0,50.0,76.0,260.0,0.07222222222222222,1.0,50.0,,,,,,,,0,0,0,0,,,,,,,,0,0,0,0
loso_chb02,additional,chb02,chb02_29.edf,calibrated_threshold,1.0,1,1799,0,0,0,0,0.0,,,0,0,0.0,0.0,0.0,0.0,0.0,1.0,0.0,,,,,,,,0,0,0,0,,,,,,,,0,0,0,0
loso_chb02,additional,chb02,chb02_29.edf,complete_train_selected,1.0,1,1799,0,0,0,0,0.0,,,0,0,0.0,0.0,0.0,0.0,0.0,1.0,0.0,,,,,,,,0,0,0,0,,,,,,,,0,0,0,0
loso_chb02,additional,chb02,chb02_30.edf,raw_0.5,1.0,1,1799,0,47,0,47,0.02612562534741523,0.0,,34,34,34.0,34.0,47.0,164.0,0.04555555555555556,1.0,34.0,,,,,,,,0,0,0,0,,,,,,,,0,0,0,0
loso_chb02,additional,chb02,chb02_30.edf,calibrated_threshold,1.0,1,1799,0,0,0,0,0.0,,,0,0,0.0,0.0,0.0,0.0,0.0,1.0,0.0,,,,,,,,0,0,0,0,,,,,,,,0,0,0,0
loso_chb02,additional,chb02,chb02_30.edf,complete_train_selected,1.0,1,1799,0,0,0,0,0.0,,,0,0,0.0,0.0,0.0,0.0,0.0,1.0,0.0,,,,,,,,0,0,0,0,,,,,,,,0,0,0,0
loso_chb02,additional,chb02,chb02_31.edf,raw_0.5,1.0,1,1799,0,43,0,43,0.023902167871039465,0.0,,25,25,25.0,25.0,43.0,138.0,0.03833333333333333,1.0,25.0,,,,,,,,0,0,0,0,,,,,,,,0,0,0,0
loso_chb02,additional,chb02,chb02_31.edf,calibrated_threshold,1.0,1,1799,0,0,0,0,0.0,,,0,0,0.0,0.0,0.0,0.0,0.0,1.0,0.0,,,,,,,,0,0,0,0,,,,,,,,0,0,0,0
loso_chb02,additional,chb02,chb02_31.edf,complete_train_selected,1.0,1,1799,0,0,0,0,0.0,,,0,0,0.0,0.0,0.0,0.0,0.0,1.0,0.0,,,,,,,,0,0,0,0,,,,,,,,0,0,0,0
loso_chb02,additional,chb02,chb02_32.edf,raw_0.5,1.0,1,1799,0,124,0,124,0.0689271817676487,0.0,,37,37,37.0,37.0,124.0,358.0,0.09944444444444445,1.0,37.0,,,,,,,,0,0,0,0,,,,,,,,0,0,0,0
loso_chb02,additional,chb02,chb02_32.edf,calibrated_threshold,1.0,1,1799,0,0,0,0,0.0,,,0,0,0.0,0.0,0.0,0.0,0.0,1.0,0.0,,,,,,,,0,0,0,0,,,,,,,,0,0,0,0
loso_chb02,additional,chb02,chb02_32.edf,complete_train_selected,1.0,1,1799,0,0,0,0,0.0,,,0,0,0.0,0.0,0.0,0.0,0.0,1.0,0.0,,,,,,,,0,0,0,0,,,,,,,,0,0,0,0
loso_chb02,additional,chb02,chb02_33.edf,raw_0.5,1.0,1,1799,0,51,0,51,0.028349082823790995,0.0,,15,15,15.0,15.0,51.0,142.0,0.03944444444444444,1.0,15.0,,,,,,,,0,0,0,0,,,,,,,,0,0,0,0
loso_chb02,additional,chb02,chb02_33.edf,calibrated_threshold,1.0,1,1799,0,0,0,0,0.0,,,0,0,0.0,0.0,0.0,0.0,0.0,1.0,0.0,,,,,,,,0,0,0,0,,,,,,,,0,0,0,0
loso_chb02,additional,chb02,chb02_33.edf,complete_train_selected,1.0,1,1799,0,0,0,0,0.0,,,0,0,0.0,0.0,0.0,0.0,0.0,1.0,0.0,,,,,,,,0,0,0,0,,,,,,,,0,0,0,0
loso_chb02,additional,chb02,chb02_34.edf,raw_0.5,1.0,1,1799,0,78,0,78,0.0433574207893274,0.0,,33,33,33.0,33.0,78.0,230.0,0.06388888888888888,1.0,33.0,,,,,,,,0,0,0,0,,,,,,,,0,0,0,0
loso_chb02,additional,chb02,chb02_34.edf,calibrated_threshold,1.0,1,1799,0,0,0,0,0.0,,,0,0,0.0,0.0,0.0,0.0,0.0,1.0,0.0,,,,,,,,0,0,0,0,,,,,,,,0,0,0,0
loso_chb02,additional,chb02,chb02_34.edf,complete_train_selected,1.0,1,1799,0,0,0,0,0.0,,,0,0,0.0,0.0,0.0,0.0,0.0,1.0,0.0,,,,,,,,0,0,0,0,,,,,,,,0,0,0,0
loso_chb02,additional,chb02,chb02_35.edf,raw_0.5,1.0,1,1799,0,347,0,347,0.19288493607559756,0.0,,106,106,106.0,106.0,347.0,976.0,0.27111111111111114,1.0,106.0,,,,,,,,0,0,0,0,,,,,,,,0,0,0,0
loso_chb02,additional,chb02,chb02_35.edf,calibrated_threshold,1.0,1,1799,0,2,0,2,0.0011117287381878821,0.0,,2,2,2.0,2.0,2.0,8.0,0.0022222222222222222,1.0,2.0,,,,,,,,0,0,0,0,,,,,,,,0,0,0,0
loso_chb02,additional,chb02,chb02_35.edf,complete_train_selected,1.0,1,1799,0,0,0,0,0.0,,,0,0,0.0,0.0,0.0,0.0,0.0,1.0,0.0,,,,,,,,0,0,0,0,,,,,,,,0,0,0,0
loso_chb02,original,chb02,chb02_01.edf,raw_0.5,1.0,1,1799,0,138,0,138,0.07670928293496387,0.0,,60,60,60.0,60.0,138.0,414.0,0.115,1.0,60.0,,,,,,,,0,0,0,0,,,,,,,,0,0,0,0
loso_chb02,original,chb02,chb02_01.edf,calibrated_threshold,1.0,1,1799,0,0,0,0,0.0,,,0,0,0.0,0.0,0.0,0.0,0.0,1.0,0.0,,,,,,,,0,0,0,0,,,,,,,,0,0,0,0
loso_chb02,original,chb02,chb02_01.edf,complete_train_selected,1.0,1,1799,0,0,0,0,0.0,,,0,0,0.0,0.0,0.0,0.0,0.0,1.0,0.0,,,,,,,,0,0,0,0,,,,,,,,0,0,0,0
loso_chb02,original,chb02,chb02_15.edf,raw_0.5,1.0,1,1799,0,306,0,306,0.17009449694274598,0.0,,141,141,141.0,141.0,306.0,968.0,0.2688888888888889,1.0,141.0,,,,,,,,0,0,0,0,,,,,,,,0,0,0,0
loso_chb02,original,chb02,chb02_15.edf,calibrated_threshold,1.0,1,1799,0,0,0,0,0.0,,,0,0,0.0,0.0,0.0,0.0,0.0,1.0,0.0,,,,,,,,0,0,0,0,,,,,,,,0,0,0,0
loso_chb02,original,chb02,chb02_15.edf,complete_train_selected,1.0,1,1799,0,0,0,0,0.0,,,0,0,0.0,0.0,0.0,0.0,0.0,1.0,0.0,,,,,,,,0,0,0,0,,,,,,,,0,0,0,0
loso_chb02,original,chb02,chb02_16+.edf,raw_0.5,1.0,1,1799,191,1128,67,1061,0.6270150083379655,0.05939716312056738,0.3507853403141361,87,74,87.0,74.0,1061.0,2576.0,0.7155555555555555,0.8941666666666667,82.75862068965517,1.0,1.0,0.0,0.0,216.0,-216.0,1.0,1,1,0,0,1.0,1.0,0.0,0.0,214.0,-214.0,1.0,1,1,0,0
loso_chb02,original,chb02,chb02_16+.edf,calibrated_threshold,1.0,1,1799,191,37,28,9,0.02056698165647582,0.7567567567567568,0.14659685863874344,9,6,9.0,6.0,9.0,94.0,0.026111111111111113,0.8941666666666667,6.710158434296365,1.0,0.0,1.0,0.0,-10.0,10.0,0.0,1,0,1,0,1.0,0.0,1.0,0.0,-12.0,12.0,0.0,1,0,1,0
loso_chb02,original,chb02,chb02_16+.edf,complete_train_selected,1.0,1,1799,191,27,25,2,0.01500833796553641,0.9259259259259259,0.13089005235602094,5,2,5.0,2.0,2.0,64.0,0.017777777777777778,0.8941666666666667,2.2367194780987885,1.0,0.0,1.0,0.0,-12.0,12.0,0.0,1,0,1,0,1.0,0.0,1.0,0.0,-14.0,14.0,0.0,1,0,1,0
loso_chb02,original,chb02,chb02_16.edf,raw_0.5,0.2663888888888889,1,478,106,133,50,83,0.27824267782426776,0.37593984962406013,0.4716981132075472,35,31,131.38686131386862,116.37122002085505,311.57455683003127,354.0,0.3691345151199166,0.20750000000000002,149.39759036144576,1.0,1.0,0.0,0.0,128.0,-128.0,1.0,1,1,0,0,1.0,1.0,0.0,0.0,126.0,-126.0,1.0,1,1,0,0
loso_chb02,original,chb02,chb02_16.edf,calibrated_threshold,0.2663888888888889,1,478,106,34,32,2,0.07112970711297072,0.9411764705882353,0.3018867924528302,2,1,7.507820646506778,3.753910323253389,7.507820646506778,76.0,0.07924921793534932,0.20750000000000002,4.8192771084337345,1.0,0.0,1.0,0.0,-8.0,8.0,0.0,1,0,1,0,1.0,0.0,1.0,0.0,-10.0,10.0,0.0,1,0,1,0
loso_chb02,original,chb02,chb02_16.edf,complete_train_selected,0.2663888888888889,1,478,106,30,29,1,0.06276150627615062,0.9666666666666667,0.27358490566037735,4,1,15.015641293013555,3.753910323253389,3.753910323253389,68.0,0.07090719499478623,0.20750000000000002,4.8192771084337345,1.0,0.0,1.0,0.0,-10.0,10.0,0.0,1,0,1,0,1.0,0.0,1.0,0.0,-12.0,12.0,0.0,1,0,1,0
loso_chb02,original,chb02,chb02_17.edf,raw_0.5,1.0,1,1799,0,327,0,327,0.18176764869371873,0.0,,140,140,140.0,140.0,327.0,996.0,0.27666666666666667,1.0,140.0,,,,,,,,0,0,0,0,,,,,,,,0,0,0,0
loso_chb02,original,chb02,chb02_17.edf,calibrated_threshold,1.0,1,1799,0,11,0,11,0.006114508060033352,0.0,,7,7,7.0,7.0,11.0,36.0,0.01,1.0,7.0,,,,,,,,0,0,0,0,,,,,,,,0,0,0,0
loso_chb02,original,chb02,chb02_17.edf,complete_train_selected,1.0,1,1799,0,4,0,4,0.0022234574763757642,0.0,,3,3,3.0,3.0,4.0,14.0,0.0038888888888888888,1.0,3.0,,,,,,,,0,0,0,0,,,,,,,,0,0,0,0
loso_chb02,original,chb02,chb02_18.edf,raw_0.5,1.0,1,1799,0,56,0,56,0.0311284046692607,0.0,,40,40,40.0,40.0,56.0,196.0,0.05444444444444444,1.0,40.0,,,,,,,,0,0,0,0,,,,,,,,0,0,0,0
loso_chb02,original,chb02,chb02_18.edf,calibrated_threshold,1.0,1,1799,0,0,0,0,0.0,,,0,0,0.0,0.0,0.0,0.0,0.0,1.0,0.0,,,,,,,,0,0,0,0,,,,,,,,0,0,0,0
loso_chb02,original,chb02,chb02_18.edf,complete_train_selected,1.0,1,1799,0,0,0,0,0.0,,,0,0,0.0,0.0,0.0,0.0,0.0,1.0,0.0,,,,,,,,0,0,0,0,,,,,,,,0,0,0,0
loso_chb02,original,chb02,chb02_19.edf,raw_0.5,1.0,1,1799,155,115,27,88,0.06392440244580322,0.23478260869565218,0.17419354838709677,56,46,56.0,46.0,88.0,362.0,0.10055555555555555,0.9141666666666667,50.31905195989061,1.0,1.0,0.0,0.0,211.0,-211.0,1.0,1,1,0,0,1.0,1.0,0.0,0.0,209.0,-209.0,1.0,1,1,0,0
loso_chb02,original,chb02,chb02_19.edf,calibrated_threshold,1.0,1,1799,155,3,3,0,0.0016675931072818232,1.0,0.01935483870967742,1,0,1.0,0.0,0.0,8.0,0.0022222222222222222,0.9141666666666667,0.0,1.0,0.0,1.0,0.0,-1.0,1.0,0.0,1,0,1,0,1.0,0.0,1.0,0.0,-3.0,3.0,0.0,1,0,1,0
loso_chb02,original,chb02,chb02_19.edf,complete_train_selected,1.0,1,1799,155,2,2,0,0.0011117287381878821,1.0,0.012903225806451613,1,0,1.0,0.0,0.0,6.0,0.0016666666666666668,0.9141666666666667,0.0,1.0,0.0,1.0,0.0,-3.0,3.0,0.0,1,0,1,0,1.0,0.0,1.0,0.0,-5.0,5.0,0.0,1,0,1,0
loso_chb02,original,chb02,chb02_20.edf,raw_0.5,1.0,1,1799,0,317,0,317,0.17620900500277933,0.0,,118,118,118.0,118.0,317.0,910.0,0.25277777777777777,1.0,118.0,,,,,,,,0,0,0,0,,,,,,,,0,0,0,0
loso_chb02,original,chb02,chb02_20.edf,calibrated_threshold,1.0,1,1799,0,2,0,2,0.0011117287381878821,0.0,,2,2,2.0,2.0,2.0,8.0,0.0022222222222222222,1.0,2.0,,,,,,,,0,0,0,0,,,,,,,,0,0,0,0
loso_chb02,original,chb02,chb02_20.edf,complete_train_selected,1.0,1,1799,0,0,0,0,0.0,,,0,0,0.0,0.0,0.0,0.0,0.0,1.0,0.0,,,,,,,,0,0,0,0,,,,,,,,0,0,0,0
loso_chb02,original,chb02,chb02_21.edf,raw_0.5,1.0,1,1799,0,358,0,358,0.1989994441356309,0.0,,134,134,134.0,134.0,358.0,1048.0,0.2911111111111111,1.0,134.0,,,,,,,,0,0,0,0,,,,,,,,0,0,0,0
loso_chb02,original,chb02,chb02_21.edf,calibrated_threshold,1.0,1,1799,0,4,0,4,0.0022234574763757642,0.0,,2,2,2.0,2.0,4.0,12.0,0.0033333333333333335,1.0,2.0,,,,,,,,0,0,0,0,,,,,,,,0,0,0,0
loso_chb02,original,chb02,chb02_21.edf,complete_train_selected,1.0,1,1799,0,2,0,2,0.0011117287381878821,0.0,,1,1,1.0,1.0,2.0,6.0,0.0016666666666666668,1.0,1.0,,,,,,,,0,0,0,0,,,,,,,,0,0,0,0
loso_chb03,additional,chb03,chb03_06.edf,raw_0.5,1.0,1,1799,0,23,0,23,0.012784880489160644,0.0,,17,17,17.0,17.0,23.0,82.0,0.02277777777777778,1.0,17.0,,,,,,,,0,0,0,0,,,,,,,,0,0,0,0
loso_chb03,additional,chb03,chb03_06.edf,calibrated_threshold,1.0,1,1799,0,0,0,0,0.0,,,0,0,0.0,0.0,0.0,0.0,0.0,1.0,0.0,,,,,,,,0,0,0,0,,,,,,,,0,0,0,0
loso_chb03,additional,chb03,chb03_06.edf,complete_train_selected,1.0,1,1799,0,0,0,0,0.0,,,0,0,0.0,0.0,0.0,0.0,0.0,1.0,0.0,,,,,,,,0,0,0,0,,,,,,,,0,0,0,0
loso_chb03,additional,chb03,chb03_07.edf,raw_0.5,1.0,1,1799,0,8,0,8,0.0044469149527515284,0.0,,6,6,6.0,6.0,8.0,28.0,0.0077777777777777776,1.0,6.0,,,,,,,,0,0,0,0,,,,,,,,0,0,0,0
loso_chb03,additional,chb03,chb03_07.edf,calibrated_threshold,1.0,1,1799,0,0,0,0,0.0,,,0,0,0.0,0.0,0.0,0.0,0.0,1.0,0.0,,,,,,,,0,0,0,0,,,,,,,,0,0,0,0
loso_chb03,additional,chb03,chb03_07.edf,complete_train_selected,1.0,1,1799,0,0,0,0,0.0,,,0,0,0.0,0.0,0.0,0.0,0.0,1.0,0.0,,,,,,,,0,0,0,0,,,,,,,,0,0,0,0
loso_chb03,additional,chb03,chb03_08.edf,raw_0.5,1.0,1,1799,0,131,0,131,0.07281823235130629,0.0,,56,56,56.0,56.0,131.0,404.0,0.11222222222222222,1.0,56.0,,,,,,,,0,0,0,0,,,,,,,,0,0,0,0
loso_chb03,additional,chb03,chb03_08.edf,calibrated_threshold,1.0,1,1799,0,0,0,0,0.0,,,0,0,0.0,0.0,0.0,0.0,0.0,1.0,0.0,,,,,,,,0,0,0,0,,,,,,,,0,0,0,0
loso_chb03,additional,chb03,chb03_08.edf,complete_train_selected,1.0,1,1799,0,0,0,0,0.0,,,0,0,0.0,0.0,0.0,0.0,0.0,1.0,0.0,,,,,,,,0,0,0,0,,,,,,,,0,0,0,0
loso_chb03,additional,chb03,chb03_09.edf,raw_0.5,1.0,1,1799,0,1,0,1,0.0005558643690939411,0.0,,1,1,1.0,1.0,1.0,4.0,0.0011111111111111111,1.0,1.0,,,,,,,,0,0,0,0,,,,,,,,0,0,0,0
loso_chb03,additional,chb03,chb03_09.edf,calibrated_threshold,1.0,1,1799,0,0,0,0,0.0,,,0,0,0.0,0.0,0.0,0.0,0.0,1.0,0.0,,,,,,,,0,0,0,0,,,,,,,,0,0,0,0
loso_chb03,additional,chb03,chb03_09.edf,complete_train_selected,1.0,1,1799,0,0,0,0,0.0,,,0,0,0.0,0.0,0.0,0.0,0.0,1.0,0.0,,,,,,,,0,0,0,0,,,,,,,,0,0,0,0
loso_chb03,additional,chb03,chb03_10.edf,raw_0.5,1.0,1,1799,0,41,0,41,0.022790439132851583,0.0,,24,24,24.0,24.0,41.0,134.0,0.03722222222222222,1.0,24.0,,,,,,,,0,0,0,0,,,,,,,,0,0,0,0
loso_chb03,additional,chb03,chb03_10.edf,calibrated_threshold,1.0,1,1799,0,0,0,0,0.0,,,0,0,0.0,0.0,0.0,0.0,0.0,1.0,0.0,,,,,,,,0,0,0,0,,,,,,,,0,0,0,0
loso_chb03,additional,chb03,chb03_10.edf,complete_train_selected,1.0,1,1799,0,0,0,0,0.0,,,0,0,0.0,0.0,0.0,0.0,0.0,1.0,0.0,,,,,,,,0,0,0,0,,,,,,,,0,0,0,0
loso_chb03,additional,chb03,chb03_11.edf,raw_0.5,1.0,1,1799,0,56,0,56,0.0311284046692607,0.0,,33,33,33.0,33.0,56.0,184.0,0.051111111111111114,1.0,33.0,,,,,,,,0,0,0,0,,,,,,,,0,0,0,0
loso_chb03,additional,chb03,chb03_11.edf,calibrated_threshold,1.0,1,1799,0,0,0,0,0.0,,,0,0,0.0,0.0,0.0,0.0,0.0,1.0,0.0,,,,,,,,0,0,0,0,,,,,,,,0,0,0,0
loso_chb03,additional,chb03,chb03_11.edf,complete_train_selected,1.0,1,1799,0,0,0,0,0.0,,,0,0,0.0,0.0,0.0,0.0,0.0,1.0,0.0,,,,,,,,0,0,0,0,,,,,,,,0,0,0,0
loso_chb03,additional,chb03,chb03_12.edf,raw_0.5,1.0,1,1799,0,1,0,1,0.0005558643690939411,0.0,,1,1,1.0,1.0,1.0,4.0,0.0011111111111111111,1.0,1.0,,,,,,,,0,0,0,0,,,,,,,,0,0,0,0
loso_chb03,additional,chb03,chb03_12.edf,calibrated_threshold,1.0,1,1799,0,0,0,0,0.0,,,0,0,0.0,0.0,0.0,0.0,0.0,1.0,0.0,,,,,,,,0,0,0,0,,,,,,,,0,0,0,0
loso_chb03,additional,chb03,chb03_12.edf,complete_train_selected,1.0,1,1799,0,0,0,0,0.0,,,0,0,0.0,0.0,0.0,0.0,0.0,1.0,0.0,,,,,,,,0,0,0,0,,,,,,,,0,0,0,0
loso_chb03,additional,chb03,chb03_13.edf,raw_0.5,1.0,1,1799,0,65,0,65,0.03613118399110617,0.0,,39,39,39.0,39.0,65.0,208.0,0.057777777777777775,1.0,39.0,,,,,,,,0,0,0,0,,,,,,,,0,0,0,0
loso_chb03,additional,chb03,chb03_13.edf,calibrated_threshold,1.0,1,1799,0,0,0,0,0.0,,,0,0,0.0,0.0,0.0,0.0,0.0,1.0,0.0,,,,,,,,0,0,0,0,,,,,,,,0,0,0,0
loso_chb03,additional,chb03,chb03_13.edf,complete_train_selected,1.0,1,1799,0,0,0,0,0.0,,,0,0,0.0,0.0,0.0,0.0,0.0,1.0,0.0,,,,,,,,0,0,0,0,,,,,,,,0,0,0,0
loso_chb03,additional,chb03,chb03_14.edf,raw_0.5,1.0,1,1799,0,1,0,1,0.0005558643690939411,0.0,,1,1,1.0,1.0,1.0,4.0,0.0011111111111111111,1.0,1.0,,,,,,,,0,0,0,0,,,,,,,,0,0,0,0
loso_chb03,additional,chb03,chb03_14.edf,calibrated_threshold,1.0,1,1799,0,0,0,0,0.0,,,0,0,0.0,0.0,0.0,0.0,0.0,1.0,0.0,,,,,,,,0,0,0,0,,,,,,,,0,0,0,0
loso_chb03,additional,chb03,chb03_14.edf,complete_train_selected,1.0,1,1799,0,0,0,0,0.0,,,0,0,0.0,0.0,0.0,0.0,0.0,1.0,0.0,,,,,,,,0,0,0,0,,,,,,,,0,0,0,0
loso_chb03,additional,chb03,chb03_15.edf,raw_0.5,1.0,1,1799,0,102,0,102,0.05669816564758199,0.0,,51,51,51.0,51.0,102.0,322.0,0.08944444444444444,1.0,51.0,,,,,,,,0,0,0,0,,,,,,,,0,0,0,0
loso_chb03,additional,chb03,chb03_15.edf,calibrated_threshold,1.0,1,1799,0,0,0,0,0.0,,,0,0,0.0,0.0,0.0,0.0,0.0,1.0,0.0,,,,,,,,0,0,0,0,,,,,,,,0,0,0,0
loso_chb03,additional,chb03,chb03_15.edf,complete_train_selected,1.0,1,1799,0,0,0,0,0.0,,,0,0,0.0,0.0,0.0,0.0,0.0,1.0,0.0,,,,,,,,0,0,0,0,,,,,,,,0,0,0,0
loso_chb03,additional,chb03,chb03_16.edf,raw_0.5,1.0,1,1799,0,97,0,97,0.05391884380211229,0.0,,50,50,50.0,50.0,97.0,312.0,0.08666666666666667,1.0,50.0,,,,,,,,0,0,0,0,,,,,,,,0,0,0,0
loso_chb03,additional,chb03,chb03_16.edf,calibrated_threshold,1.0,1,1799,0,0,0,0,0.0,,,0,0,0.0,0.0,0.0,0.0,0.0,1.0,0.0,,,,,,,,0,0,0,0,,,,,,,,0,0,0,0
loso_chb03,additional,chb03,chb03_16.edf,complete_train_selected,1.0,1,1799,0,0,0,0,0.0,,,0,0,0.0,0.0,0.0,0.0,0.0,1.0,0.0,,,,,,,,0,0,0,0,,,,,,,,0,0,0,0
loso_chb03,additional,chb03,chb03_17.edf,raw_0.5,1.0,1,1799,0,194,0,194,0.10783768760422457,0.0,,89,89,89.0,89.0,194.0,592.0,0.16444444444444445,1.0,89.0,,,,,,,,0,0,0,0,,,,,,,,0,0,0,0
loso_chb03,additional,chb03,chb03_17.edf,calibrated_threshold,1.0,1,1799,0,0,0,0,0.0,,,0,0,0.0,0.0,0.0,0.0,0.0,1.0,0.0,,,,,,,,0,0,0,0,,,,,,,,0,0,0,0
loso_chb03,additional,chb03,chb03_17.edf,complete_train_selected,1.0,1,1799,0,0,0,0,0.0,,,0,0,0.0,0.0,0.0,0.0,0.0,1.0,0.0,,,,,,,,0,0,0,0,,,,,,,,0,0,0,0
loso_chb03,additional,chb03,chb03_18.edf,raw_0.5,1.0,1,1799,0,61,0,61,0.0339077265147304,0.0,,26,26,26.0,26.0,61.0,182.0,0.050555555555555555,1.0,26.0,,,,,,,,0,0,0,0,,,,,,,,0,0,0,0
loso_chb03,additional,chb03,chb03_18.edf,calibrated_threshold,1.0,1,1799,0,0,0,0,0.0,,,0,0,0.0,0.0,0.0,0.0,0.0,1.0,0.0,,,,,,,,0,0,0,0,,,,,,,,0,0,0,0
loso_chb03,additional,chb03,chb03_18.edf,complete_train_selected,1.0,1,1799,0,0,0,0,0.0,,,0,0,0.0,0.0,0.0,0.0,0.0,1.0,0.0,,,,,,,,0,0,0,0,,,,,,,,0,0,0,0
loso_chb03,additional,chb03,chb03_19.edf,raw_0.5,1.0,1,1799,0,143,0,143,0.07948860478043357,0.0,,74,74,74.0,74.0,143.0,456.0,0.12666666666666668,1.0,74.0,,,,,,,,0,0,0,0,,,,,,,,0,0,0,0
loso_chb03,additional,chb03,chb03_19.edf,calibrated_threshold,1.0,1,1799,0,1,0,1,0.0005558643690939411,0.0,,1,1,1.0,1.0,1.0,4.0,0.0011111111111111111,1.0,1.0,,,,,,,,0,0,0,0,,,,,,,,0,0,0,0
loso_chb03,additional,chb03,chb03_19.edf,complete_train_selected,1.0,1,1799,0,0,0,0,0.0,,,0,0,0.0,0.0,0.0,0.0,0.0,1.0,0.0,,,,,,,,0,0,0,0,,,,,,,,0,0,0,0
loso_chb03,additional,chb03,chb03_20.edf,raw_0.5,1.0016666666666667,1,1802,0,266,0,266,0.14761376248612654,0.0,,107,107,106.82196339434276,106.82196339434276,265.5574043261231,794.0,0.2201885745978924,1.0016666666666667,106.82196339434276,,,,,,,,0,0,0,0,,,,,,,,0,0,0,0
loso_chb03,additional,chb03,chb03_20.edf,calibrated_threshold,1.0016666666666667,1,1802,0,1,0,1,0.0005549389567147614,0.0,,1,1,0.9983361064891847,0.9983361064891847,0.9983361064891847,4.0,0.0011092623405435386,1.0016666666666667,0.9983361064891847,,,,,,,,0,0,0,0,,,,,,,,0,0,0,0
loso_chb03,additional,chb03,chb03_20.edf,complete_train_selected,1.0016666666666667,1,1802,0,0,0,0,0.0,,,0,0,0.0,0.0,0.0,0.0,0.0,1.0016666666666667,0.0,,,,,,,,0,0,0,0,,,,,,,,0,0,0,0
loso_chb03,additional,chb03,chb03_21.edf,raw_0.5,1.0,1,1799,0,285,0,285,0.1584213451917732,0.0,,115,115,115.0,115.0,285.0,856.0,0.23777777777777778,1.0,115.0,,,,,,,,0,0,0,0,,,,,,,,0,0,0,0
loso_chb03,additional,chb03,chb03_21.edf,calibrated_threshold,1.0,1,1799,0,0,0,0,0.0,,,0,0,0.0,0.0,0.0,0.0,0.0,1.0,0.0,,,,,,,,0,0,0,0,,,,,,,,0,0,0,0
loso_chb03,additional,chb03,chb03_21.edf,complete_train_selected,1.0,1,1799,0,0,0,0,0.0,,,0,0,0.0,0.0,0.0,0.0,0.0,1.0,0.0,,,,,,,,0,0,0,0,,,,,,,,0,0,0,0
loso_chb03,additional,chb03,chb03_22.edf,raw_0.5,1.0,1,1799,0,192,0,192,0.10672595886603668,0.0,,73,73,73.0,73.0,192.0,558.0,0.155,1.0,73.0,,,,,,,,0,0,0,0,,,,,,,,0,0,0,0
loso_chb03,additional,chb03,chb03_22.edf,calibrated_threshold,1.0,1,1799,0,0,0,0,0.0,,,0,0,0.0,0.0,0.0,0.0,0.0,1.0,0.0,,,,,,,,0,0,0,0,,,,,,,,0,0,0,0
loso_chb03,additional,chb03,chb03_22.edf,complete_train_selected,1.0,1,1799,0,0,0,0,0.0,,,0,0,0.0,0.0,0.0,0.0,0.0,1.0,0.0,,,,,,,,0,0,0,0,,,,,,,,0,0,0,0
loso_chb03,additional,chb03,chb03_23.edf,raw_0.5,1.0,1,1799,0,167,0,167,0.09282934963868816,0.0,,51,51,51.0,51.0,167.0,478.0,0.13277777777777777,1.0,51.0,,,,,,,,0,0,0,0,,,,,,,,0,0,0,0
loso_chb03,additional,chb03,chb03_23.edf,calibrated_threshold,1.0,1,1799,0,3,0,3,0.0016675931072818232,0.0,,2,2,2.0,2.0,3.0,10.0,0.002777777777777778,1.0,2.0,,,,,,,,0,0,0,0,,,,,,,,0,0,0,0
loso_chb03,additional,chb03,chb03_23.edf,complete_train_selected,1.0,1,1799,0,1,0,1,0.0005558643690939411,0.0,,1,1,1.0,1.0,1.0,4.0,0.0011111111111111111,1.0,1.0,,,,,,,,0,0,0,0,,,,,,,,0,0,0,0
loso_chb03,additional,chb03,chb03_24.edf,raw_0.5,1.0,1,1799,0,187,0,187,0.10394663702056699,0.0,,81,81,81.0,81.0,187.0,572.0,0.15888888888888889,1.0,81.0,,,,,,,,0,0,0,0,,,,,,,,0,0,0,0
loso_chb03,additional,chb03,chb03_24.edf,calibrated_threshold,1.0,1,1799,0,0,0,0,0.0,,,0,0,0.0,0.0,0.0,0.0,0.0,1.0,0.0,,,,,,,,0,0,0,0,,,,,,,,0,0,0,0
loso_chb03,additional,chb03,chb03_24.edf,complete_train_selected,1.0,1,1799,0,0,0,0,0.0,,,0,0,0.0,0.0,0.0,0.0,0.0,1.0,0.0,,,,,,,,0,0,0,0,,,,,,,,0,0,0,0
loso_chb03,additional,chb03,chb03_25.edf,raw_0.5,1.0,1,1799,0,255,0,255,0.14174541411895497,0.0,,56,56,56.0,56.0,255.0,670.0,0.18611111111111112,1.0,56.0,,,,,,,,0,0,0,0,,,,,,,,0,0,0,0
loso_chb03,additional,chb03,chb03_25.edf,calibrated_threshold,1.0,1,1799,0,0,0,0,0.0,,,0,0,0.0,0.0,0.0,0.0,0.0,1.0,0.0,,,,,,,,0,0,0,0,,,,,,,,0,0,0,0
loso_chb03,additional,chb03,chb03_25.edf,complete_train_selected,1.0,1,1799,0,0,0,0,0.0,,,0,0,0.0,0.0,0.0,0.0,0.0,1.0,0.0,,,,,,,,0,0,0,0,,,,,,,,0,0,0,0
loso_chb03,additional,chb03,chb03_26.edf,raw_0.5,1.0,1,1799,0,317,0,317,0.17620900500277933,0.0,,112,112,112.0,112.0,317.0,912.0,0.25333333333333335,1.0,112.0,,,,,,,,0,0,0,0,,,,,,,,0,0,0,0
loso_chb03,additional,chb03,chb03_26.edf,calibrated_threshold,1.0,1,1799,0,0,0,0,0.0,,,0,0,0.0,0.0,0.0,0.0,0.0,1.0,0.0,,,,,,,,0,0,0,0,,,,,,,,0,0,0,0
loso_chb03,additional,chb03,chb03_26.edf,complete_train_selected,1.0,1,1799,0,0,0,0,0.0,,,0,0,0.0,0.0,0.0,0.0,0.0,1.0,0.0,,,,,,,,0,0,0,0,,,,,,,,0,0,0,0
loso_chb03,additional,chb03,chb03_27.edf,raw_0.5,1.0,1,1799,0,321,0,321,0.1784324624791551,0.0,,138,138,138.0,138.0,321.0,996.0,0.27666666666666667,1.0,138.0,,,,,,,,0,0,0,0,,,,,,,,0,0,0,0
loso_chb03,additional,chb03,chb03_27.edf,calibrated_threshold,1.0,1,1799,0,0,0,0,0.0,,,0,0,0.0,0.0,0.0,0.0,0.0,1.0,0.0,,,,,,,,0,0,0,0,,,,,,,,0,0,0,0
loso_chb03,additional,chb03,chb03_27.edf,complete_train_selected,1.0,1,1799,0,0,0,0,0.0,,,0,0,0.0,0.0,0.0,0.0,0.0,1.0,0.0,,,,,,,,0,0,0,0,,,,,,,,0,0,0,0
loso_chb03,additional,chb03,chb03_28.edf,raw_0.5,1.0,1,1799,0,183,0,183,0.10172317954419122,0.0,,76,76,76.0,76.0,183.0,540.0,0.15,1.0,76.0,,,,,,,,0,0,0,0,,,,,,,,0,0,0,0
loso_chb03,additional,chb03,chb03_28.edf,calibrated_threshold,1.0,1,1799,0,0,0,0,0.0,,,0,0,0.0,0.0,0.0,0.0,0.0,1.0,0.0,,,,,,,,0,0,0,0,,,,,,,,0,0,0,0
loso_chb03,additional,chb03,chb03_28.edf,complete_train_selected,1.0,1,1799,0,0,0,0,0.0,,,0,0,0.0,0.0,0.0,0.0,0.0,1.0,0.0,,,,,,,,0,0,0,0,,,,,,,,0,0,0,0
loso_chb03,additional,chb03,chb03_29.edf,raw_0.5,1.0,1,1799,0,154,0,154,0.08560311284046693,0.0,,62,62,62.0,62.0,154.0,454.0,0.12611111111111112,1.0,62.0,,,,,,,,0,0,0,0,,,,,,,,0,0,0,0
loso_chb03,additional,chb03,chb03_29.edf,calibrated_threshold,1.0,1,1799,0,0,0,0,0.0,,,0,0,0.0,0.0,0.0,0.0,0.0,1.0,0.0,,,,,,,,0,0,0,0,,,,,,,,0,0,0,0
loso_chb03,additional,chb03,chb03_29.edf,complete_train_selected,1.0,1,1799,0,0,0,0,0.0,,,0,0,0.0,0.0,0.0,0.0,0.0,1.0,0.0,,,,,,,,0,0,0,0,,,,,,,,0,0,0,0
loso_chb03,additional,chb03,chb03_30.edf,raw_0.5,1.0,1,1799,0,87,0,87,0.048360200111172875,0.0,,53,53,53.0,53.0,87.0,286.0,0.07944444444444444,1.0,53.0,,,,,,,,0,0,0,0,,,,,,,,0,0,0,0
loso_chb03,additional,chb03,chb03_30.edf,calibrated_threshold,1.0,1,1799,0,0,0,0,0.0,,,0,0,0.0,0.0,0.0,0.0,0.0,1.0,0.0,,,,,,,,0,0,0,0,,,,,,,,0,0,0,0
loso_chb03,additional,chb03,chb03_30.edf,complete_train_selected,1.0,1,1799,0,0,0,0,0.0,,,0,0,0.0,0.0,0.0,0.0,0.0,1.0,0.0,,,,,,,,0,0,0,0,,,,,,,,0,0,0,0
loso_chb03,original,chb03,chb03_01.edf,raw_0.5,1.0,1,1799,177,72,9,63,0.040022234574763754,0.125,0.05084745762711865,42,38,42.0,38.0,63.0,240.0,0.06666666666666667,0.9022222222222223,42.11822660098522,1.0,0.0,1.0,0.0,-10.0,10.0,0.0,1,0,1,0,1.0,0.0,1.0,0.0,-12.0,12.0,0.0,1,0,1,0
loso_chb03,original,chb03,chb03_01.edf,calibrated_threshold,1.0,1,1799,177,2,0,2,0.0011117287381878821,0.0,0.0,1,1,1.0,1.0,2.0,8.0,0.0022222222222222222,0.9022222222222223,1.108374384236453,0.0,0.0,0.0,1.0,,,,1,0,0,1,0.0,0.0,0.0,1.0,,,,1,0,0,1
loso_chb03,original,chb03,chb03_01.edf,complete_train_selected,1.0,1,1799,177,0,0,0,0.0,,0.0,0,0,0.0,0.0,0.0,0.0,0.0,0.9022222222222223,0.0,0.0,0.0,0.0,1.0,,,,1,0,0,1,0.0,0.0,0.0,1.0,,,,1,0,0,1
loso_chb03,original,chb03,chb03_02.edf,raw_0.5,1.0,1,1799,183,91,22,69,0.05058365758754864,0.24175824175824176,0.12021857923497267,40,38,40.0,38.0,69.0,280.0,0.07777777777777778,0.8986111111111111,42.287480680061826,1.0,0.0,1.0,0.0,-9.0,9.0,0.0,1,0,1,0,1.0,0.0,1.0,0.0,-11.0,11.0,0.0,1,0,1,0
loso_chb03,original,chb03,chb03_02.edf,calibrated_threshold,1.0,1,1799,183,0,0,0,0.0,,0.0,0,0,0.0,0.0,0.0,0.0,0.0,0.8986111111111111,0.0,0.0,0.0,0.0,1.0,,,,1,0,0,1,0.0,0.0,0.0,1.0,,,,1,0,0,1
loso_chb03,original,chb03,chb03_02.edf,complete_train_selected,1.0,1,1799,183,0,0,0,0.0,,0.0,0,0,0.0,0.0,0.0,0.0,0.0,0.8986111111111111,0.0,0.0,0.0,0.0,1.0,,,,1,0,0,1,0.0,0.0,0.0,1.0,,,,1,0,0,1
loso_chb03,original,chb03,chb03_03.edf,raw_0.5,1.0,1,1799,185,46,26,20,0.02556976097832129,0.5652173913043478,0.14054054054054055,19,17,19.0,17.0,20.0,136.0,0.03777777777777778,0.8975,18.941504178272982,1.0,0.0,1.0,0.0,0.0,0.0,0.0,1,0,1,0,1.0,0.0,1.0,0.0,-2.0,2.0,0.0,1,0,1,0
loso_chb03,original,chb03,chb03_03.edf,calibrated_threshold,1.0,1,1799,185,0,0,0,0.0,,0.0,0,0,0.0,0.0,0.0,0.0,0.0,0.8975,0.0,0.0,0.0,0.0,1.0,,,,1,0,0,1,0.0,0.0,0.0,1.0,,,,1,0,0,1
loso_chb03,original,chb03,chb03_03.edf,complete_train_selected,1.0,1,1799,185,0,0,0,0.0,,0.0,0,0,0.0,0.0,0.0,0.0,0.0,0.8975,0.0,0.0,0.0,0.0,1.0,,,,1,0,0,1,0.0,0.0,0.0,1.0,,,,1,0,0,1
loso_chb03,original,chb03,chb03_04.edf,raw_0.5,1.0,1,1799,177,24,20,4,0.013340744858254585,0.8333333333333334,0.11299435028248588,8,4,8.0,4.0,4.0,66.0,0.018333333333333333,0.9022222222222223,4.433497536945812,1.0,1.0,0.0,0.0,190.0,-190.0,1.0,1,1,0,0,1.0,1.0,0.0,0.0,188.0,-188.0,1.0,1,1,0,0
loso_chb03,original,chb03,chb03_04.edf,calibrated_threshold,1.0,1,1799,177,0,0,0,0.0,,0.0,0,0,0.0,0.0,0.0,0.0,0.0,0.9022222222222223,0.0,0.0,0.0,0.0,1.0,,,,1,0,0,1,0.0,0.0,0.0,1.0,,,,1,0,0,1
loso_chb03,original,chb03,chb03_04.edf,complete_train_selected,1.0,1,1799,177,0,0,0,0.0,,0.0,0,0,0.0,0.0,0.0,0.0,0.0,0.9022222222222223,0.0,0.0,0.0,0.0,1.0,,,,1,0,0,1,0.0,0.0,0.0,1.0,,,,1,0,0,1
loso_chb03,original,chb03,chb03_05.edf,raw_0.5,1.0,1,1799,0,7,0,7,0.0038910505836575876,0.0,,5,5,5.0,5.0,7.0,24.0,0.006666666666666667,1.0,5.0,,,,,,,,0,0,0,0,,,,,,,,0,0,0,0
loso_chb03,original,chb03,chb03_05.edf,calibrated_threshold,1.0,1,1799,0,0,0,0,0.0,,,0,0,0.0,0.0,0.0,0.0,0.0,1.0,0.0,,,,,,,,0,0,0,0,,,,,,,,0,0,0,0
loso_chb03,original,chb03,chb03_05.edf,complete_train_selected,1.0,1,1799,0,0,0,0,0.0,,,0,0,0.0,0.0,0.0,0.0,0.0,1.0,0.0,,,,,,,,0,0,0,0,,,,,,,,0,0,0,0
loso_chb03,original,chb03,chb03_31.edf,raw_0.5,1.0,1,1799,0,38,0,38,0.021122846025569762,0.0,,19,19,19.0,19.0,38.0,122.0,0.03388888888888889,1.0,19.0,,,,,,,,0,0,0,0,,,,,,,,0,0,0,0
loso_chb03,original,chb03,chb03_31.edf,calibrated_threshold,1.0,1,1799,0,3,0,3,0.0016675931072818232,0.0,,2,2,2.0,2.0,3.0,10.0,0.002777777777777778,1.0,2.0,,,,,,,,0,0,0,0,,,,,,,,0,0,0,0
loso_chb03,original,chb03,chb03_31.edf,complete_train_selected,1.0,1,1799,0,1,0,1,0.0005558643690939411,0.0,,1,1,1.0,1.0,1.0,4.0,0.0011111111111111111,1.0,1.0,,,,,,,,0,0,0,0,,,,,,,,0,0,0,0
loso_chb03,original,chb03,chb03_32.edf,raw_0.5,1.0,1,1799,0,70,0,70,0.038910505836575876,0.0,,42,42,42.0,42.0,70.0,228.0,0.06333333333333334,1.0,42.0,,,,,,,,0,0,0,0,,,,,,,,0,0,0,0
loso_chb03,original,chb03,chb03_32.edf,calibrated_threshold,1.0,1,1799,0,0,0,0,0.0,,,0,0,0.0,0.0,0.0,0.0,0.0,1.0,0.0,,,,,,,,0,0,0,0,,,,,,,,0,0,0,0
loso_chb03,original,chb03,chb03_32.edf,complete_train_selected,1.0,1,1799,0,0,0,0,0.0,,,0,0,0.0,0.0,0.0,0.0,0.0,1.0,0.0,,,,,,,,0,0,0,0,,,,,,,,0,0,0,0
loso_chb03,original,chb03,chb03_33.edf,raw_0.5,1.0,1,1799,0,50,0,50,0.027793218454697052,0.0,,35,35,35.0,35.0,50.0,174.0,0.04833333333333333,1.0,35.0,,,,,,,,0,0,0,0,,,,,,,,0,0,0,0
loso_chb03,original,chb03,chb03_33.edf,calibrated_threshold,1.0,1,1799,0,0,0,0,0.0,,,0,0,0.0,0.0,0.0,0.0,0.0,1.0,0.0,,,,,,,,0,0,0,0,,,,,,,,0,0,0,0
loso_chb03,original,chb03,chb03_33.edf,complete_train_selected,1.0,1,1799,0,0,0,0,0.0,,,0,0,0.0,0.0,0.0,0.0,0.0,1.0,0.0,,,,,,,,0,0,0,0,,,,,,,,0,0,0,0
loso_chb03,original,chb03,chb03_34.edf,raw_0.5,1.0,1,1799,174,141,66,75,0.07837687604224569,0.46808510638297873,0.3793103448275862,57,41,57.0,41.0,75.0,432.0,0.12,0.9036111111111111,45.37350138333846,1.0,1.0,0.0,0.0,278.0,-278.0,1.0,1,1,0,0,1.0,1.0,0.0,0.0,276.0,-276.0,1.0,1,1,0,0
loso_chb03,original,chb03,chb03_34.edf,calibrated_threshold,1.0,1,1799,174,5,3,2,0.0027793218454697055,0.6,0.017241379310344827,2,1,2.0,1.0,2.0,16.0,0.0044444444444444444,0.9036111111111111,1.1066707654472794,1.0,0.0,1.0,0.0,-24.0,24.0,0.0,1,0,1,0,1.0,0.0,1.0,0.0,-26.0,26.0,0.0,1,0,1,0
loso_chb03,original,chb03,chb03_34.edf,complete_train_selected,1.0,1,1799,174,2,1,1,0.0011117287381878821,0.5,0.005747126436781609,2,1,2.0,1.0,1.0,8.0,0.0022222222222222222,0.9036111111111111,1.1066707654472794,1.0,0.0,1.0,0.0,-26.0,26.0,0.0,1,0,1,0,1.0,0.0,1.0,0.0,-28.0,28.0,0.0,1,0,1,0
loso_chb03,original,chb03,chb03_35.edf,raw_0.5,1.0,1,1799,183,247,31,216,0.13729849916620346,0.12550607287449392,0.16939890710382513,112,108,112.0,108.0,216.0,774.0,0.215,0.8988888888888888,120.14833127317677,1.0,1.0,0.0,0.0,280.0,-280.0,1.0,1,1,0,0,1.0,1.0,0.0,0.0,278.0,-278.0,1.0,1,1,0,0
loso_chb03,original,chb03,chb03_35.edf,calibrated_threshold,1.0,1,1799,183,2,2,0,0.0011117287381878821,1.0,0.01092896174863388,1,0,1.0,0.0,0.0,6.0,0.0016666666666666668,0.8988888888888888,0.0,1.0,0.0,1.0,0.0,-24.0,24.0,0.0,1,0,1,0,1.0,0.0,1.0,0.0,-26.0,26.0,0.0,1,0,1,0
loso_chb03,original,chb03,chb03_35.edf,complete_train_selected,1.0,1,1799,183,1,1,0,0.0005558643690939411,1.0,0.00546448087431694,1,0,1.0,0.0,0.0,4.0,0.0011111111111111111,0.8988888888888888,0.0,1.0,0.0,1.0,0.0,-26.0,26.0,0.0,1,0,1,0,1.0,0.0,1.0,0.0,-28.0,28.0,0.0,1,0,1,0
loso_chb03,original,chb03,chb03_36.edf,raw_0.5,1.0,1,1799,177,84,29,55,0.04669260700389105,0.34523809523809523,0.1638418079096045,42,37,42.0,37.0,55.0,254.0,0.07055555555555555,0.9019444444444444,41.02248229134586,1.0,1.0,0.0,0.0,145.0,-145.0,1.0,1,1,0,0,1.0,1.0,0.0,0.0,143.0,-143.0,1.0,1,1,0,0
loso_chb03,original,chb03,chb03_36.edf,calibrated_threshold,1.0,1,1799,177,2,0,2,0.0011117287381878821,0.0,0.0,1,1,1.0,1.0,2.0,6.0,0.0016666666666666668,0.9019444444444444,1.108715737603942,0.0,0.0,0.0,1.0,,,,1,0,0,1,0.0,0.0,0.0,1.0,,,,1,0,0,1
loso_chb03,original,chb03,chb03_36.edf,complete_train_selected,1.0,1,1799,177,1,0,1,0.0005558643690939411,0.0,0.0,1,1,1.0,1.0,1.0,4.0,0.0011111111111111111,0.9019444444444444,1.108715737603942,0.0,0.0,0.0,1.0,,,,1,0,0,1,0.0,0.0,0.0,1.0,,,,1,0,0,1
loso_chb03,original,chb03,chb03_37.edf,raw_0.5,1.0,1,1799,0,115,0,115,0.06392440244580322,0.0,,52,52,52.0,52.0,115.0,358.0,0.09944444444444445,1.0,52.0,,,,,,,,0,0,0,0,,,,,,,,0,0,0,0
loso_chb03,original,chb03,chb03_37.edf,calibrated_threshold,1.0,1,1799,0,0,0,0,0.0,,,0,0,0.0,0.0,0.0,0.0,0.0,1.0,0.0,,,,,,,,0,0,0,0,,,,,,,,0,0,0,0
loso_chb03,original,chb03,chb03_37.edf,complete_train_selected,1.0,1,1799,0,0,0,0,0.0,,,0,0,0.0,0.0,0.0,0.0,0.0,1.0,0.0,,,,,,,,0,0,0,0,,,,,,,,0,0,0,0
loso_chb03,original,chb03,chb03_38.edf,raw_0.5,1.0,1,1799,0,301,0,301,0.16731517509727625,0.0,,131,131,131.0,131.0,301.0,928.0,0.2577777777777778,1.0,131.0,,,,,,,,0,0,0,0,,,,,,,,0,0,0,0
loso_chb03,original,chb03,chb03_38.edf,calibrated_threshold,1.0,1,1799,0,0,0,0,0.0,,,0,0,0.0,0.0,0.0,0.0,0.0,1.0,0.0,,,,,,,,0,0,0,0,,,,,,,,0,0,0,0
loso_chb03,original,chb03,chb03_38.edf,complete_train_selected,1.0,1,1799,0,0,0,0,0.0,,,0,0,0.0,0.0,0.0,0.0,0.0,1.0,0.0,,,,,,,,0,0,0,0,,,,,,,,0,0,0,0
loso_chb05,additional,chb05,chb05_02.edf,raw_0.5,1.0,1,1799,0,305,0,305,0.16953863257365204,0.0,,104,104,104.0,104.0,305.0,886.0,0.2461111111111111,1.0,104.0,,,,,,,,0,0,0,0,,,,,,,,0,0,0,0
loso_chb05,additional,chb05,chb05_02.edf,calibrated_threshold,1.0,1,1799,0,0,0,0,0.0,,,0,0,0.0,0.0,0.0,0.0,0.0,1.0,0.0,,,,,,,,0,0,0,0,,,,,,,,0,0,0,0
loso_chb05,additional,chb05,chb05_02.edf,complete_train_selected,1.0,1,1799,0,0,0,0,0.0,,,0,0,0.0,0.0,0.0,0.0,0.0,1.0,0.0,,,,,,,,0,0,0,0,,,,,,,,0,0,0,0
loso_chb05,additional,chb05,chb05_03.edf,raw_0.5,1.0,1,1799,0,405,0,405,0.22512506948304614,0.0,,117,117,117.0,117.0,405.0,1130.0,0.3138888888888889,1.0,117.0,,,,,,,,0,0,0,0,,,,,,,,0,0,0,0
loso_chb05,additional,chb05,chb05_03.edf,calibrated_threshold,1.0,1,1799,0,0,0,0,0.0,,,0,0,0.0,0.0,0.0,0.0,0.0,1.0,0.0,,,,,,,,0,0,0,0,,,,,,,,0,0,0,0
loso_chb05,additional,chb05,chb05_03.edf,complete_train_selected,1.0,1,1799,0,0,0,0,0.0,,,0,0,0.0,0.0,0.0,0.0,0.0,1.0,0.0,,,,,,,,0,0,0,0,,,,,,,,0,0,0,0
loso_chb05,additional,chb05,chb05_04.edf,raw_0.5,1.0,1,1799,0,517,0,517,0.2873818788215675,0.0,,132,132,132.0,132.0,517.0,1394.0,0.38722222222222225,1.0,132.0,,,,,,,,0,0,0,0,,,,,,,,0,0,0,0
loso_chb05,additional,chb05,chb05_04.edf,calibrated_threshold,1.0,1,1799,0,7,0,7,0.0038910505836575876,0.0,,5,5,5.0,5.0,7.0,24.0,0.006666666666666667,1.0,5.0,,,,,,,,0,0,0,0,,,,,,,,0,0,0,0
loso_chb05,additional,chb05,chb05_04.edf,complete_train_selected,1.0,1,1799,0,2,0,2,0.0011117287381878821,0.0,,2,2,2.0,2.0,2.0,8.0,0.0022222222222222222,1.0,2.0,,,,,,,,0,0,0,0,,,,,,,,0,0,0,0
loso_chb05,additional,chb05,chb05_08.edf,raw_0.5,1.0,1,1799,0,256,0,256,0.1423012784880489,0.0,,74,74,74.0,74.0,256.0,682.0,0.18944444444444444,1.0,74.0,,,,,,,,0,0,0,0,,,,,,,,0,0,0,0
loso_chb05,additional,chb05,chb05_08.edf,calibrated_threshold,1.0,1,1799,0,6,0,6,0.0033351862145636463,0.0,,5,5,5.0,5.0,6.0,22.0,0.006111111111111111,1.0,5.0,,,,,,,,0,0,0,0,,,,,,,,0,0,0,0
loso_chb05,additional,chb05,chb05_08.edf,complete_train_selected,1.0,1,1799,0,1,0,1,0.0005558643690939411,0.0,,1,1,1.0,1.0,1.0,4.0,0.0011111111111111111,1.0,1.0,,,,,,,,0,0,0,0,,,,,,,,0,0,0,0
loso_chb05,additional,chb05,chb05_09.edf,raw_0.5,1.0,1,1799,0,269,0,269,0.14952751528627015,0.0,,99,99,99.0,99.0,269.0,788.0,0.21888888888888888,1.0,99.0,,,,,,,,0,0,0,0,,,,,,,,0,0,0,0
loso_chb05,additional,chb05,chb05_09.edf,calibrated_threshold,1.0,1,1799,0,17,0,17,0.009449694274596998,0.0,,6,6,6.0,6.0,17.0,48.0,0.013333333333333334,1.0,6.0,,,,,,,,0,0,0,0,,,,,,,,0,0,0,0
loso_chb05,additional,chb05,chb05_09.edf,complete_train_selected,1.0,1,1799,0,10,0,10,0.005558643690939411,0.0,,4,4,4.0,4.0,10.0,28.0,0.0077777777777777776,1.0,4.0,,,,,,,,0,0,0,0,,,,,,,,0,0,0,0
loso_chb05,additional,chb05,chb05_10.edf,raw_0.5,1.0,1,1799,0,146,0,146,0.0811561978877154,0.0,,64,64,64.0,64.0,146.0,444.0,0.12333333333333334,1.0,64.0,,,,,,,,0,0,0,0,,,,,,,,0,0,0,0
loso_chb05,additional,chb05,chb05_10.edf,calibrated_threshold,1.0,1,1799,0,0,0,0,0.0,,,0,0,0.0,0.0,0.0,0.0,0.0,1.0,0.0,,,,,,,,0,0,0,0,,,,,,,,0,0,0,0
loso_chb05,additional,chb05,chb05_10.edf,complete_train_selected,1.0,1,1799,0,0,0,0,0.0,,,0,0,0.0,0.0,0.0,0.0,0.0,1.0,0.0,,,,,,,,0,0,0,0,,,,,,,,0,0,0,0
loso_chb05,additional,chb05,chb05_11.edf,raw_0.5,1.0,1,1799,0,432,0,432,0.24013340744858255,0.0,,120,120,120.0,120.0,432.0,1204.0,0.33444444444444443,1.0,120.0,,,,,,,,0,0,0,0,,,,,,,,0,0,0,0
loso_chb05,additional,chb05,chb05_11.edf,calibrated_threshold,1.0,1,1799,0,14,0,14,0.007782101167315175,0.0,,5,5,5.0,5.0,14.0,38.0,0.010555555555555556,1.0,5.0,,,,,,,,0,0,0,0,,,,,,,,0,0,0,0
loso_chb05,additional,chb05,chb05_11.edf,complete_train_selected,1.0,1,1799,0,9,0,9,0.005002779321845469,0.0,,4,4,4.0,4.0,9.0,26.0,0.007222222222222222,1.0,4.0,,,,,,,,0,0,0,0,,,,,,,,0,0,0,0
loso_chb05,additional,chb05,chb05_19.edf,raw_0.5,1.0,1,1799,0,1096,0,1096,0.6092273485269594,0.0,,147,147,147.0,147.0,1096.0,2646.0,0.735,1.0,147.0,,,,,,,,0,0,0,0,,,,,,,,0,0,0,0
loso_chb05,additional,chb05,chb05_19.edf,calibrated_threshold,1.0,1,1799,0,52,0,52,0.028904947192884937,0.0,,39,39,39.0,39.0,52.0,184.0,0.051111111111111114,1.0,39.0,,,,,,,,0,0,0,0,,,,,,,,0,0,0,0
loso_chb05,additional,chb05,chb05_19.edf,complete_train_selected,1.0,1,1799,0,12,0,12,0.006670372429127293,0.0,,11,11,11.0,11.0,12.0,46.0,0.012777777777777779,1.0,11.0,,,,,,,,0,0,0,0,,,,,,,,0,0,0,0
loso_chb05,additional,chb05,chb05_20.edf,raw_0.5,1.0,1,1799,0,927,0,927,0.5152862701500833,0.0,,110,110,110.0,110.0,927.0,2216.0,0.6155555555555555,1.0,110.0,,,,,,,,0,0,0,0,,,,,,,,0,0,0,0
loso_chb05,additional,chb05,chb05_20.edf,calibrated_threshold,1.0,1,1799,0,35,0,35,0.019455252918287938,0.0,,26,26,26.0,26.0,35.0,124.0,0.034444444444444444,1.0,26.0,,,,,,,,0,0,0,0,,,,,,,,0,0,0,0
loso_chb05,additional,chb05,chb05_20.edf,complete_train_selected,1.0,1,1799,0,8,0,8,0.0044469149527515284,0.0,,5,5,5.0,5.0,8.0,26.0,0.007222222222222222,1.0,5.0,,,,,,,,0,0,0,0,,,,,,,,0,0,0,0
loso_chb05,additional,chb05,chb05_24.edf,raw_0.5,1.0,1,1799,0,281,0,281,0.15619788771539744,0.0,,74,74,74.0,74.0,281.0,742.0,0.2061111111111111,1.0,74.0,,,,,,,,0,0,0,0,,,,,,,,0,0,0,0
loso_chb05,additional,chb05,chb05_24.edf,calibrated_threshold,1.0,1,1799,0,22,0,22,0.012229016120066704,0.0,,9,9,9.0,9.0,22.0,64.0,0.017777777777777778,1.0,9.0,,,,,,,,0,0,0,0,,,,,,,,0,0,0,0
loso_chb05,additional,chb05,chb05_24.edf,complete_train_selected,1.0,1,1799,0,11,0,11,0.006114508060033352,0.0,,4,4,4.0,4.0,11.0,30.0,0.008333333333333333,1.0,4.0,,,,,,,,0,0,0,0,,,,,,,,0,0,0,0
loso_chb05,additional,chb05,chb05_25.edf,raw_0.5,1.0,1,1799,0,185,0,185,0.1028349082823791,0.0,,62,62,62.0,62.0,185.0,512.0,0.14222222222222222,1.0,62.0,,,,,,,,0,0,0,0,,,,,,,,0,0,0,0
loso_chb05,additional,chb05,chb05_25.edf,calibrated_threshold,1.0,1,1799,0,19,0,19,0.010561423012784881,0.0,,9,9,9.0,9.0,19.0,58.0,0.01611111111111111,1.0,9.0,,,,,,,,0,0,0,0,,,,,,,,0,0,0,0
loso_chb05,additional,chb05,chb05_25.edf,complete_train_selected,1.0,1,1799,0,9,0,9,0.005002779321845469,0.0,,3,3,3.0,3.0,9.0,24.0,0.006666666666666667,1.0,3.0,,,,,,,,0,0,0,0,,,,,,,,0,0,0,0
loso_chb05,additional,chb05,chb05_26.edf,raw_0.5,1.0,1,1799,0,640,0,640,0.3557531962201223,0.0,,87,87,87.0,87.0,640.0,1526.0,0.42388888888888887,1.0,87.0,,,,,,,,0,0,0,0,,,,,,,,0,0,0,0
loso_chb05,additional,chb05,chb05_26.edf,calibrated_threshold,1.0,1,1799,0,210,0,210,0.11673151750972763,0.0,,32,32,32.0,32.0,210.0,498.0,0.13833333333333334,1.0,32.0,,,,,,,,0,0,0,0,,,,,,,,0,0,0,0
loso_chb05,additional,chb05,chb05_26.edf,complete_train_selected,1.0,1,1799,0,165,0,165,0.09171762090050027,0.0,,25,25,25.0,25.0,165.0,390.0,0.10833333333333334,1.0,25.0,,,,,,,,0,0,0,0,,,,,,,,0,0,0,0
loso_chb05,additional,chb05,chb05_27.edf,raw_0.5,1.0,1,1799,0,1538,0,1538,0.8549193996664813,0.0,,57,57,57.0,57.0,1538.0,3354.0,0.9316666666666666,1.0,57.0,,,,,,,,0,0,0,0,,,,,,,,0,0,0,0
loso_chb05,additional,chb05,chb05_27.edf,calibrated_threshold,1.0,1,1799,0,369,0,369,0.20511395219566425,0.0,,137,137,137.0,137.0,369.0,1070.0,0.2972222222222222,1.0,137.0,,,,,,,,0,0,0,0,,,,,,,,0,0,0,0
loso_chb05,additional,chb05,chb05_27.edf,complete_train_selected,1.0,1,1799,0,199,0,199,0.11061700944969427,0.0,,86,86,86.0,86.0,199.0,570.0,0.15833333333333333,1.0,86.0,,,,,,,,0,0,0,0,,,,,,,,0,0,0,0
loso_chb05,additional,chb05,chb05_28.edf,raw_0.5,1.0,1,1799,0,1443,0,1443,0.802112284602557,0.0,,91,91,91.0,91.0,1443.0,3274.0,0.9094444444444445,1.0,91.0,,,,,,,,0,0,0,0,,,,,,,,0,0,0,0
loso_chb05,additional,chb05,chb05_28.edf,calibrated_threshold,1.0,1,1799,0,162,0,162,0.09005002779321845,0.0,,94,94,94.0,94.0,162.0,526.0,0.1461111111111111,1.0,94.0,,,,,,,,0,0,0,0,,,,,,,,0,0,0,0
loso_chb05,additional,chb05,chb05_28.edf,complete_train_selected,1.0,1,1799,0,61,0,61,0.0339077265147304,0.0,,39,39,39.0,39.0,61.0,200.0,0.05555555555555555,1.0,39.0,,,,,,,,0,0,0,0,,,,,,,,0,0,0,0
loso_chb05,additional,chb05,chb05_29.edf,raw_0.5,1.0,1,1799,0,1619,0,1619,0.8999444135630906,0.0,,46,46,46.0,46.0,1619.0,3472.0,0.9644444444444444,1.0,46.0,,,,,,,,0,0,0,0,,,,,,,,0,0,0,0
loso_chb05,additional,chb05,chb05_29.edf,calibrated_threshold,1.0,1,1799,0,293,0,293,0.16286826014452474,0.0,,141,141,141.0,141.0,293.0,906.0,0.25166666666666665,1.0,141.0,,,,,,,,0,0,0,0,,,,,,,,0,0,0,0
loso_chb05,additional,chb05,chb05_29.edf,complete_train_selected,1.0,1,1799,0,131,0,131,0.07281823235130629,0.0,,80,80,80.0,80.0,131.0,424.0,0.11777777777777777,1.0,80.0,,,,,,,,0,0,0,0,,,,,,,,0,0,0,0
loso_chb05,additional,chb05,chb05_30.edf,raw_0.5,1.0,1,1799,0,829,0,829,0.4608115619788771,0.0,,56,56,56.0,56.0,829.0,1836.0,0.51,1.0,56.0,,,,,,,,0,0,0,0,,,,,,,,0,0,0,0
loso_chb05,additional,chb05,chb05_30.edf,calibrated_threshold,1.0,1,1799,0,241,0,241,0.1339633129516398,0.0,,70,70,70.0,70.0,241.0,658.0,0.1827777777777778,1.0,70.0,,,,,,,,0,0,0,0,,,,,,,,0,0,0,0
loso_chb05,additional,chb05,chb05_30.edf,complete_train_selected,1.0,1,1799,0,152,0,152,0.08449138410227905,0.0,,51,51,51.0,51.0,152.0,406.0,0.11277777777777778,1.0,51.0,,,,,,,,0,0,0,0,,,,,,,,0,0,0,0
loso_chb05,additional,chb05,chb05_31.edf,raw_0.5,1.0,1,1799,0,229,0,229,0.1272929405225125,0.0,,33,33,33.0,33.0,229.0,534.0,0.14833333333333334,1.0,33.0,,,,,,,,0,0,0,0,,,,,,,,0,0,0,0
loso_chb05,additional,chb05,chb05_31.edf,calibrated_threshold,1.0,1,1799,0,106,0,106,0.05892162312395775,0.0,,21,21,21.0,21.0,106.0,270.0,0.075,1.0,21.0,,,,,,,,0,0,0,0,,,,,,,,0,0,0,0
loso_chb05,additional,chb05,chb05_31.edf,complete_train_selected,1.0,1,1799,0,75,0,75,0.04168982768204558,0.0,,22,22,22.0,22.0,75.0,194.0,0.05388888888888889,1.0,22.0,,,,,,,,0,0,0,0,,,,,,,,0,0,0,0
loso_chb05,additional,chb05,chb05_32.edf,raw_0.5,1.0,1,1799,0,417,0,417,0.23179544191217344,0.0,,115,115,115.0,115.0,417.0,1108.0,0.30777777777777776,1.0,115.0,,,,,,,,0,0,0,0,,,,,,,,0,0,0,0
loso_chb05,additional,chb05,chb05_32.edf,calibrated_threshold,1.0,1,1799,0,113,0,113,0.06281267370761534,0.0,,26,26,26.0,26.0,113.0,282.0,0.07833333333333334,1.0,26.0,,,,,,,,0,0,0,0,,,,,,,,0,0,0,0
loso_chb05,additional,chb05,chb05_32.edf,complete_train_selected,1.0,1,1799,0,84,0,84,0.04669260700389105,0.0,,22,22,22.0,22.0,84.0,212.0,0.058888888888888886,1.0,22.0,,,,,,,,0,0,0,0,,,,,,,,0,0,0,0
loso_chb05,additional,chb05,chb05_33.edf,raw_0.5,1.0,1,1799,0,316,0,316,0.17565314063368537,0.0,,57,57,57.0,57.0,316.0,784.0,0.21777777777777776,1.0,57.0,,,,,,,,0,0,0,0,,,,,,,,0,0,0,0
loso_chb05,additional,chb05,chb05_33.edf,calibrated_threshold,1.0,1,1799,0,75,0,75,0.04168982768204558,0.0,,22,22,22.0,22.0,75.0,200.0,0.05555555555555555,1.0,22.0,,,,,,,,0,0,0,0,,,,,,,,0,0,0,0
loso_chb05,additional,chb05,chb05_33.edf,complete_train_selected,1.0,1,1799,0,48,0,48,0.02668148971650917,0.0,,11,11,11.0,11.0,48.0,118.0,0.03277777777777778,1.0,11.0,,,,,,,,0,0,0,0,,,,,,,,0,0,0,0
loso_chb05,additional,chb05,chb05_34.edf,raw_0.5,1.0,1,1799,0,495,0,495,0.27515286270150086,0.0,,85,85,85.0,85.0,495.0,1230.0,0.3416666666666667,1.0,85.0,,,,,,,,0,0,0,0,,,,,,,,0,0,0,0
loso_chb05,additional,chb05,chb05_34.edf,calibrated_threshold,1.0,1,1799,0,134,0,134,0.0744858254585881,0.0,,38,38,38.0,38.0,134.0,366.0,0.10166666666666667,1.0,38.0,,,,,,,,0,0,0,0,,,,,,,,0,0,0,0
loso_chb05,additional,chb05,chb05_34.edf,complete_train_selected,1.0,1,1799,0,78,0,78,0.0433574207893274,0.0,,27,27,27.0,27.0,78.0,220.0,0.06111111111111111,1.0,27.0,,,,,,,,0,0,0,0,,,,,,,,0,0,0,0
loso_chb05,additional,chb05,chb05_35.edf,raw_0.5,1.0,1,1799,0,561,0,561,0.31183991106170095,0.0,,86,86,86.0,86.0,561.0,1346.0,0.3738888888888889,1.0,86.0,,,,,,,,0,0,0,0,,,,,,,,0,0,0,0
loso_chb05,additional,chb05,chb05_35.edf,calibrated_threshold,1.0,1,1799,0,206,0,206,0.11450806003335186,0.0,,49,49,49.0,49.0,206.0,544.0,0.1511111111111111,1.0,49.0,,,,,,,,0,0,0,0,,,,,,,,0,0,0,0
loso_chb05,additional,chb05,chb05_35.edf,complete_train_selected,1.0,1,1799,0,133,0,133,0.07392996108949416,0.0,,50,50,50.0,50.0,133.0,366.0,0.10166666666666667,1.0,50.0,,,,,,,,0,0,0,0,,,,,,,,0,0,0,0
loso_chb05,additional,chb05,chb05_36.edf,raw_0.5,1.0,1,1799,0,811,0,811,0.4508060033351862,0.0,,108,108,108.0,108.0,811.0,1892.0,0.5255555555555556,1.0,108.0,,,,,,,,0,0,0,0,,,,,,,,0,0,0,0
loso_chb05,additional,chb05,chb05_36.edf,calibrated_threshold,1.0,1,1799,0,250,0,250,0.13896609227348528,0.0,,88,88,88.0,88.0,250.0,724.0,0.2011111111111111,1.0,88.0,,,,,,,,0,0,0,0,,,,,,,,0,0,0,0
loso_chb05,additional,chb05,chb05_36.edf,complete_train_selected,1.0,1,1799,0,131,0,131,0.07281823235130629,0.0,,49,49,49.0,49.0,131.0,360.0,0.1,1.0,49.0,,,,,,,,0,0,0,0,,,,,,,,0,0,0,0
loso_chb05,additional,chb05,chb05_37.edf,raw_0.5,1.0,1,1799,0,270,0,270,0.15008337965536409,0.0,,79,79,79.0,79.0,270.0,744.0,0.20666666666666667,1.0,79.0,,,,,,,,0,0,0,0,,,,,,,,0,0,0,0
loso_chb05,additional,chb05,chb05_37.edf,calibrated_threshold,1.0,1,1799,0,69,0,69,0.03835464146748194,0.0,,16,16,16.0,16.0,69.0,178.0,0.049444444444444444,1.0,16.0,,,,,,,,0,0,0,0,,,,,,,,0,0,0,0
loso_chb05,additional,chb05,chb05_37.edf,complete_train_selected,1.0,1,1799,0,48,0,48,0.02668148971650917,0.0,,15,15,15.0,15.0,48.0,126.0,0.035,1.0,15.0,,,,,,,,0,0,0,0,,,,,,,,0,0,0,0
loso_chb05,additional,chb05,chb05_38.edf,raw_0.5,1.0,1,1799,0,502,0,502,0.27904391328515843,0.0,,95,95,95.0,95.0,502.0,1238.0,0.3438888888888889,1.0,95.0,,,,,,,,0,0,0,0,,,,,,,,0,0,0,0
loso_chb05,additional,chb05,chb05_38.edf,calibrated_threshold,1.0,1,1799,0,187,0,187,0.10394663702056699,0.0,,42,42,42.0,42.0,187.0,480.0,0.13333333333333333,1.0,42.0,,,,,,,,0,0,0,0,,,,,,,,0,0,0,0
loso_chb05,additional,chb05,chb05_38.edf,complete_train_selected,1.0,1,1799,0,130,0,130,0.07226236798221233,0.0,,42,42,42.0,42.0,130.0,344.0,0.09555555555555556,1.0,42.0,,,,,,,,0,0,0,0,,,,,,,,0,0,0,0
loso_chb05,additional,chb05,chb05_39.edf,raw_0.5,1.0,1,1799,0,1294,0,1294,0.7192884936075598,0.0,,95,95,95.0,95.0,1294.0,2862.0,0.795,1.0,95.0,,,,,,,,0,0,0,0,,,,,,,,0,0,0,0
loso_chb05,additional,chb05,chb05_39.edf,calibrated_threshold,1.0,1,1799,0,589,0,589,0.3274041133963313,0.0,,84,84,84.0,84.0,589.0,1400.0,0.3888888888888889,1.0,84.0,,,,,,,,0,0,0,0,,,,,,,,0,0,0,0
loso_chb05,additional,chb05,chb05_39.edf,complete_train_selected,1.0,1,1799,0,466,0,466,0.25903279599777657,0.0,,62,62,62.0,62.0,466.0,1070.0,0.2972222222222222,1.0,62.0,,,,,,,,0,0,0,0,,,,,,,,0,0,0,0
loso_chb05,original,chb05,chb05_01.edf,raw_0.5,1.0027777777777778,1,1804,0,229,0,229,0.12694013303769403,0.0,,106,106,105.70637119113573,105.70637119113573,228.3656509695291,692.0,0.19168975069252078,1.0027777777777778,105.70637119113573,,,,,,,,0,0,0,0,,,,,,,,0,0,0,0
loso_chb05,original,chb05,chb05_01.edf,calibrated_threshold,1.0027777777777778,1,1804,0,1,0,1,0.0005543237250554324,0.0,,1,1,0.997229916897507,0.997229916897507,0.997229916897507,4.0,0.00110803324099723,1.0027777777777778,0.997229916897507,,,,,,,,0,0,0,0,,,,,,,,0,0,0,0
loso_chb05,original,chb05,chb05_01.edf,complete_train_selected,1.0027777777777778,1,1804,0,0,0,0,0.0,,,0,0,0.0,0.0,0.0,0.0,0.0,1.0027777777777778,0.0,,,,,,,,0,0,0,0,,,,,,,,0,0,0,0
loso_chb05,original,chb05,chb05_05.edf,raw_0.5,1.0,1,1799,0,465,0,465,0.2584769316286826,0.0,,146,146,146.0,146.0,465.0,1316.0,0.3655555555555556,1.0,146.0,,,,,,,,0,0,0,0,,,,,,,,0,0,0,0
loso_chb05,original,chb05,chb05_05.edf,calibrated_threshold,1.0,1,1799,0,2,0,2,0.0011117287381878821,0.0,,2,2,2.0,2.0,2.0,8.0,0.0022222222222222222,1.0,2.0,,,,,,,,0,0,0,0,,,,,,,,0,0,0,0
loso_chb05,original,chb05,chb05_05.edf,complete_train_selected,1.0,1,1799,0,0,0,0,0.0,,,0,0,0.0,0.0,0.0,0.0,0.0,1.0,0.0,,,,,,,,0,0,0,0,,,,,,,,0,0,0,0
loso_chb05,original,chb05,chb05_06.edf,raw_0.5,1.0,1,1799,208,261,76,185,0.14508060033351863,0.29118773946360155,0.36538461538461536,43,34,43.0,34.0,185.0,626.0,0.1738888888888889,0.8847222222222222,38.430141287284144,1.0,1.0,0.0,0.0,243.0,-243.0,1.0,1,1,0,0,1.0,1.0,0.0,0.0,241.0,-241.0,1.0,1,1,0,0
loso_chb05,original,chb05,chb05_06.edf,calibrated_threshold,1.0,1,1799,208,68,18,50,0.03779877709838799,0.2647058823529412,0.08653846153846154,16,15,16.0,15.0,50.0,180.0,0.05,0.8847222222222222,16.95447409733124,1.0,0.0,1.0,0.0,-3.0,3.0,0.0,1,0,1,0,1.0,0.0,1.0,0.0,-5.0,5.0,0.0,1,0,1,0
loso_chb05,original,chb05,chb05_06.edf,complete_train_selected,1.0,1,1799,208,46,17,29,0.02556976097832129,0.3695652173913043,0.08173076923076923,11,10,11.0,10.0,29.0,114.0,0.03166666666666667,0.8847222222222222,11.302982731554161,1.0,0.0,1.0,0.0,-5.0,5.0,0.0,1,0,1,0,1.0,0.0,1.0,0.0,-7.0,7.0,0.0,1,0,1,0
loso_chb05,original,chb05,chb05_07.edf,raw_0.5,1.0,1,1799,0,115,0,115,0.06392440244580322,0.0,,40,40,40.0,40.0,115.0,318.0,0.08833333333333333,1.0,40.0,,,,,,,,0,0,0,0,,,,,,,,0,0,0,0
loso_chb05,original,chb05,chb05_07.edf,calibrated_threshold,1.0,1,1799,0,12,0,12,0.006670372429127293,0.0,,6,6,6.0,6.0,12.0,36.0,0.01,1.0,6.0,,,,,,,,0,0,0,0,,,,,,,,0,0,0,0
loso_chb05,original,chb05,chb05_07.edf,complete_train_selected,1.0,1,1799,0,6,0,6,0.0033351862145636463,0.0,,2,2,2.0,2.0,6.0,16.0,0.0044444444444444444,1.0,2.0,,,,,,,,0,0,0,0,,,,,,,,0,0,0,0
loso_chb05,original,chb05,chb05_12.edf,raw_0.5,1.0,1,1799,0,91,0,91,0.05058365758754864,0.0,,34,34,34.0,34.0,91.0,270.0,0.075,1.0,34.0,,,,,,,,0,0,0,0,,,,,,,,0,0,0,0
loso_chb05,original,chb05,chb05_12.edf,calibrated_threshold,1.0,1,1799,0,0,0,0,0.0,,,0,0,0.0,0.0,0.0,0.0,0.0,1.0,0.0,,,,,,,,0,0,0,0,,,,,,,,0,0,0,0
loso_chb05,original,chb05,chb05_12.edf,complete_train_selected,1.0,1,1799,0,0,0,0,0.0,,,0,0,0.0,0.0,0.0,0.0,0.0,1.0,0.0,,,,,,,,0,0,0,0,,,,,,,,0,0,0,0
loso_chb05,original,chb05,chb05_13.edf,raw_0.5,1.0,1,1799,206,301,34,267,0.16731517509727625,0.11295681063122924,0.1650485436893204,76,69,76.0,69.0,267.0,790.0,0.21944444444444444,0.8861111111111111,77.86833855799374,1.0,1.0,0.0,0.0,300.0,-300.0,1.0,1,1,0,0,1.0,1.0,0.0,0.0,300.0,-300.0,1.0,1,1,0,0
loso_chb05,original,chb05,chb05_13.edf,calibrated_threshold,1.0,1,1799,206,56,0,56,0.0311284046692607,0.0,0.0,11,11,11.0,11.0,56.0,144.0,0.04,0.8861111111111111,12.413793103448276,0.0,0.0,0.0,1.0,,,,1,0,0,1,0.0,0.0,0.0,1.0,,,,1,0,0,1
loso_chb05,original,chb05,chb05_13.edf,complete_train_selected,1.0,1,1799,206,36,0,36,0.020011117287381877,0.0,0.0,11,11,11.0,11.0,36.0,96.0,0.02666666666666667,0.8861111111111111,12.413793103448276,0.0,0.0,0.0,1.0,,,,1,0,0,1,0.0,0.0,0.0,1.0,,,,1,0,0,1
loso_chb05,original,chb05,chb05_14.edf,raw_0.5,1.0,1,1799,0,186,0,186,0.10339077265147303,0.0,,95,95,95.0,95.0,186.0,594.0,0.165,1.0,95.0,,,,,,,,0,0,0,0,,,,,,,,0,0,0,0
loso_chb05,original,chb05,chb05_14.edf,calibrated_threshold,1.0,1,1799,0,0,0,0,0.0,,,0,0,0.0,0.0,0.0,0.0,0.0,1.0,0.0,,,,,,,,0,0,0,0,,,,,,,,0,0,0,0
loso_chb05,original,chb05,chb05_14.edf,complete_train_selected,1.0,1,1799,0,0,0,0,0.0,,,0,0,0.0,0.0,0.0,0.0,0.0,1.0,0.0,,,,,,,,0,0,0,0,,,,,,,,0,0,0,0
loso_chb05,original,chb05,chb05_15.edf,raw_0.5,1.0,1,1799,0,76,0,76,0.042245692051139525,0.0,,35,35,35.0,35.0,76.0,230.0,0.06388888888888888,1.0,35.0,,,,,,,,0,0,0,0,,,,,,,,0,0,0,0
loso_chb05,original,chb05,chb05_15.edf,calibrated_threshold,1.0,1,1799,0,8,0,8,0.0044469149527515284,0.0,,1,1,1.0,1.0,8.0,18.0,0.005,1.0,1.0,,,,,,,,0,0,0,0,,,,,,,,0,0,0,0
loso_chb05,original,chb05,chb05_15.edf,complete_train_selected,1.0,1,1799,0,7,0,7,0.0038910505836575876,0.0,,1,1,1.0,1.0,7.0,16.0,0.0044444444444444444,1.0,1.0,,,,,,,,0,0,0,0,,,,,,,,0,0,0,0
loso_chb05,original,chb05,chb05_16.edf,raw_0.5,1.0,1,1799,198,292,59,233,0.1623123957754308,0.20205479452054795,0.29797979797979796,49,36,49.0,36.0,233.0,692.0,0.1922222222222222,0.89,40.449438202247194,1.0,1.0,0.0,0.0,295.0,-295.0,1.0,1,1,0,0,1.0,1.0,0.0,0.0,299.0,-299.0,1.0,1,1,0,0
loso_chb05,original,chb05,chb05_16.edf,calibrated_threshold,1.0,1,1799,198,98,14,84,0.054474708171206226,0.14285714285714285,0.0707070707070707,14,12,14.0,12.0,84.0,234.0,0.065,0.89,13.48314606741573,1.0,1.0,0.0,0.0,205.0,-205.0,1.0,1,1,0,0,1.0,1.0,0.0,0.0,203.0,-203.0,1.0,1,1,0,0
loso_chb05,original,chb05,chb05_16.edf,complete_train_selected,1.0,1,1799,198,70,12,58,0.038910505836575876,0.17142857142857143,0.06060606060606061,13,11,13.0,11.0,58.0,178.0,0.049444444444444444,0.89,12.359550561797752,1.0,1.0,0.0,0.0,203.0,-203.0,1.0,1,1,0,0,1.0,1.0,0.0,0.0,201.0,-201.0,1.0,1,1,0,0
loso_chb05,original,chb05,chb05_17.edf,raw_0.5,1.0,1,1799,210,467,107,360,0.2595886603668705,0.2291220556745182,0.5095238095238095,99,80,99.0,80.0,360.0,1182.0,0.3283333333333333,0.8833333333333333,90.56603773584906,1.0,1.0,0.0,0.0,299.0,-299.0,1.0,1,1,0,0,1.0,1.0,0.0,0.0,299.0,-299.0,1.0,1,1,0,0
loso_chb05,original,chb05,chb05_17.edf,calibrated_threshold,1.0,1,1799,210,91,29,62,0.05058365758754864,0.31868131868131866,0.1380952380952381,22,19,22.0,19.0,62.0,242.0,0.06722222222222222,0.8833333333333333,21.50943396226415,1.0,1.0,0.0,0.0,37.0,-37.0,1.0,1,1,0,0,1.0,1.0,0.0,0.0,35.0,-35.0,1.0,1,1,0,0
loso_chb05,original,chb05,chb05_17.edf,complete_train_selected,1.0,1,1799,210,61,26,35,0.0339077265147304,0.4262295081967213,0.12380952380952381,13,12,13.0,12.0,35.0,148.0,0.04111111111111111,0.8833333333333333,13.584905660377359,1.0,0.0,1.0,0.0,-3.0,3.0,0.0,1,0,1,0,1.0,0.0,1.0,0.0,-5.0,5.0,0.0,1,0,1,0
loso_chb05,original,chb05,chb05_18.edf,raw_0.5,1.0,1,1799,0,511,0,511,0.2840466926070039,0.0,,151,151,151.0,151.0,511.0,1410.0,0.39166666666666666,1.0,151.0,,,,,,,,0,0,0,0,,,,,,,,0,0,0,0
loso_chb05,original,chb05,chb05_18.edf,calibrated_threshold,1.0,1,1799,0,13,0,13,0.007226236798221234,0.0,,12,12,12.0,12.0,13.0,50.0,0.013888888888888888,1.0,12.0,,,,,,,,0,0,0,0,,,,,,,,0,0,0,0
loso_chb05,original,chb05,chb05_18.edf,complete_train_selected,1.0,1,1799,0,1,0,1,0.0005558643690939411,0.0,,1,1,1.0,1.0,1.0,4.0,0.0011111111111111111,1.0,1.0,,,,,,,,0,0,0,0,,,,,,,,0,0,0,0
loso_chb05,original,chb05,chb05_21.edf,raw_0.5,1.0,1,1799,0,1416,0,1416,0.7871039466370205,0.0,,79,79,79.0,79.0,1416.0,3128.0,0.8688888888888889,1.0,79.0,,,,,,,,0,0,0,0,,,,,,,,0,0,0,0
loso_chb05,original,chb05,chb05_21.edf,calibrated_threshold,1.0,1,1799,0,54,0,54,0.03001667593107282,0.0,,42,42,42.0,42.0,54.0,200.0,0.05555555555555555,1.0,42.0,,,,,,,,0,0,0,0,,,,,,,,0,0,0,0
loso_chb05,original,chb05,chb05_21.edf,complete_train_selected,1.0,1,1799,0,8,0,8,0.0044469149527515284,0.0,,6,6,6.0,6.0,8.0,28.0,0.0077777777777777776,1.0,6.0,,,,,,,,0,0,0,0,,,,,,,,0,0,0,0
loso_chb05,original,chb05,chb05_22.edf,raw_0.5,1.0,1,1799,209,1086,134,952,0.60366870483602,0.12338858195211787,0.6411483253588517,65,55,65.0,55.0,952.0,2416.0,0.6711111111111111,0.8841666666666667,62.205466540999055,1.0,1.0,0.0,0.0,300.0,-300.0,1.0,1,1,0,0,1.0,1.0,0.0,0.0,300.0,-300.0,1.0,1,1,0,0
loso_chb05,original,chb05,chb05_22.edf,calibrated_threshold,1.0,1,1799,209,64,18,46,0.03557531962201223,0.28125,0.0861244019138756,33,29,33.0,29.0,46.0,200.0,0.05555555555555555,0.8841666666666667,32.79924599434496,1.0,1.0,0.0,0.0,182.0,-182.0,1.0,1,1,0,0,1.0,1.0,0.0,0.0,180.0,-180.0,1.0,1,1,0,0
loso_chb05,original,chb05,chb05_22.edf,complete_train_selected,1.0,1,1799,209,27,12,15,0.01500833796553641,0.4444444444444444,0.05741626794258373,16,11,16.0,11.0,15.0,86.0,0.02388888888888889,0.8841666666666667,12.441093308199811,1.0,1.0,0.0,0.0,180.0,-180.0,1.0,1,1,0,0,1.0,1.0,0.0,0.0,178.0,-178.0,1.0,1,1,0,0
loso_chb05,original,chb05,chb05_23.edf,raw_0.5,1.0,1,1799,0,119,0,119,0.06614785992217899,0.0,,43,43,43.0,43.0,119.0,336.0,0.09333333333333334,1.0,43.0,,,,,,,,0,0,0,0,,,,,,,,0,0,0,0
loso_chb05,original,chb05,chb05_23.edf,calibrated_threshold,1.0,1,1799,0,6,0,6,0.0033351862145636463,0.0,,2,2,2.0,2.0,6.0,22.0,0.006111111111111111,1.0,2.0,,,,,,,,0,0,0,0,,,,,,,,0,0,0,0
loso_chb05,original,chb05,chb05_23.edf,complete_train_selected,1.0,1,1799,0,1,0,1,0.0005558643690939411,0.0,,1,1,1.0,1.0,1.0,4.0,0.0011111111111111111,1.0,1.0,,,,,,,,0,0,0,0,,,,,,,,0,0,0,0
loso_chb08,additional,chb08,chb08_15.edf,raw_0.5,1.0,1,1799,0,343,0,343,0.19066147859922178,0.0,,137,137,137.0,137.0,343.0,1010.0,0.28055555555555556,1.0,137.0,,,,,,,,0,0,0,0,,,,,,,,0,0,0,0
loso_chb08,additional,chb08,chb08_15.edf,calibrated_threshold,1.0,1,1799,0,1,0,1,0.0005558643690939411,0.0,,1,1,1.0,1.0,1.0,4.0,0.0011111111111111111,1.0,1.0,,,,,,,,0,0,0,0,,,,,,,,0,0,0,0
loso_chb08,additional,chb08,chb08_15.edf,complete_train_selected,1.0,1,1799,0,0,0,0,0.0,,,0,0,0.0,0.0,0.0,0.0,0.0,1.0,0.0,,,,,,,,0,0,0,0,,,,,,,,0,0,0,0
loso_chb08,additional,chb08,chb08_16.edf,raw_0.5,1.0,1,1799,0,277,0,277,0.1539744302390217,0.0,,104,104,104.0,104.0,277.0,804.0,0.22333333333333333,1.0,104.0,,,,,,,,0,0,0,0,,,,,,,,0,0,0,0
loso_chb08,additional,chb08,chb08_16.edf,calibrated_threshold,1.0,1,1799,0,1,0,1,0.0005558643690939411,0.0,,1,1,1.0,1.0,1.0,4.0,0.0011111111111111111,1.0,1.0,,,,,,,,0,0,0,0,,,,,,,,0,0,0,0
loso_chb08,additional,chb08,chb08_16.edf,complete_train_selected,1.0,1,1799,0,0,0,0,0.0,,,0,0,0.0,0.0,0.0,0.0,0.0,1.0,0.0,,,,,,,,0,0,0,0,,,,,,,,0,0,0,0
loso_chb08,additional,chb08,chb08_17.edf,raw_0.5,1.0,1,1799,0,460,0,460,0.2556976097832129,0.0,,139,139,139.0,139.0,460.0,1298.0,0.3605555555555556,1.0,139.0,,,,,,,,0,0,0,0,,,,,,,,0,0,0,0
loso_chb08,additional,chb08,chb08_17.edf,calibrated_threshold,1.0,1,1799,0,0,0,0,0.0,,,0,0,0.0,0.0,0.0,0.0,0.0,1.0,0.0,,,,,,,,0,0,0,0,,,,,,,,0,0,0,0
loso_chb08,additional,chb08,chb08_17.edf,complete_train_selected,1.0,1,1799,0,0,0,0,0.0,,,0,0,0.0,0.0,0.0,0.0,0.0,1.0,0.0,,,,,,,,0,0,0,0,,,,,,,,0,0,0,0
loso_chb08,additional,chb08,chb08_18.edf,raw_0.5,1.0,1,1799,0,258,0,258,0.1434130072262368,0.0,,81,81,81.0,81.0,258.0,730.0,0.20277777777777778,1.0,81.0,,,,,,,,0,0,0,0,,,,,,,,0,0,0,0
loso_chb08,additional,chb08,chb08_18.edf,calibrated_threshold,1.0,1,1799,0,5,0,5,0.0027793218454697055,0.0,,4,4,4.0,4.0,5.0,18.0,0.005,1.0,4.0,,,,,,,,0,0,0,0,,,,,,,,0,0,0,0
loso_chb08,additional,chb08,chb08_18.edf,complete_train_selected,1.0,1,1799,0,1,0,1,0.0005558643690939411,0.0,,1,1,1.0,1.0,1.0,4.0,0.0011111111111111111,1.0,1.0,,,,,,,,0,0,0,0,,,,,,,,0,0,0,0
loso_chb08,additional,chb08,chb08_19.edf,raw_0.5,1.0,1,1799,0,472,0,472,0.2623679822123402,0.0,,73,73,73.0,73.0,472.0,1172.0,0.32555555555555554,1.0,73.0,,,,,,,,0,0,0,0,,,,,,,,0,0,0,0
loso_chb08,additional,chb08,chb08_19.edf,calibrated_threshold,1.0,1,1799,0,0,0,0,0.0,,,0,0,0.0,0.0,0.0,0.0,0.0,1.0,0.0,,,,,,,,0,0,0,0,,,,,,,,0,0,0,0
loso_chb08,additional,chb08,chb08_19.edf,complete_train_selected,1.0,1,1799,0,0,0,0,0.0,,,0,0,0.0,0.0,0.0,0.0,0.0,1.0,0.0,,,,,,,,0,0,0,0,,,,,,,,0,0,0,0
loso_chb08,additional,chb08,chb08_29.edf,raw_0.5,1.006388888888889,1,1810,0,412,0,412,0.2276243093922652,0.0,,162,162,160.9715705216671,160.9715705216671,409.3844879933756,1218.0,0.3361854816450455,1.006388888888889,160.9715705216671,,,,,,,,0,0,0,0,,,,,,,,0,0,0,0
loso_chb08,additional,chb08,chb08_29.edf,calibrated_threshold,1.006388888888889,1,1810,0,0,0,0,0.0,,,0,0,0.0,0.0,0.0,0.0,0.0,1.006388888888889,0.0,,,,,,,,0,0,0,0,,,,,,,,0,0,0,0
loso_chb08,additional,chb08,chb08_29.edf,complete_train_selected,1.006388888888889,1,1810,0,0,0,0,0.0,,,0,0,0.0,0.0,0.0,0.0,0.0,1.006388888888889,0.0,,,,,,,,0,0,0,0,,,,,,,,0,0,0,0
loso_chb08,original,chb08,chb08_02.edf,raw_0.5,1.0,1,1799,236,209,58,151,0.11617565314063369,0.27751196172248804,0.2457627118644068,100,87,100.0,87.0,151.0,648.0,0.18,0.8691666666666666,100.09587727708534,1.0,1.0,0.0,0.0,286.0,-286.0,1.0,1,1,0,0,1.0,1.0,0.0,0.0,284.0,-284.0,1.0,1,1,0,0
loso_chb08,original,chb08,chb08_02.edf,calibrated_threshold,1.0,1,1799,236,8,8,0,0.0044469149527515284,1.0,0.03389830508474576,5,0,5.0,0.0,0.0,28.0,0.0077777777777777776,0.8691666666666666,0.0,1.0,0.0,1.0,0.0,-10.0,10.0,0.0,1,0,1,0,1.0,0.0,1.0,0.0,-12.0,12.0,0.0,1,0,1,0
loso_chb08,original,chb08,chb08_02.edf,complete_train_selected,1.0,1,1799,236,2,2,0,0.0011117287381878821,1.0,0.00847457627118644,1,0,1.0,0.0,0.0,6.0,0.0016666666666666668,0.8691666666666666,0.0,1.0,0.0,1.0,0.0,-16.0,16.0,0.0,1,0,1,0,1.0,0.0,1.0,0.0,-18.0,18.0,0.0,1,0,1,0
loso_chb08,original,chb08,chb08_03.edf,raw_0.5,1.0,1,1799,0,115,0,115,0.06392440244580322,0.0,,67,67,67.0,67.0,115.0,378.0,0.105,1.0,67.0,,,,,,,,0,0,0,0,,,,,,,,0,0,0,0
loso_chb08,original,chb08,chb08_03.edf,calibrated_threshold,1.0,1,1799,0,0,0,0,0.0,,,0,0,0.0,0.0,0.0,0.0,0.0,1.0,0.0,,,,,,,,0,0,0,0,,,,,,,,0,0,0,0
loso_chb08,original,chb08,chb08_03.edf,complete_train_selected,1.0,1,1799,0,0,0,0,0.0,,,0,0,0.0,0.0,0.0,0.0,0.0,1.0,0.0,,,,,,,,0,0,0,0,,,,,,,,0,0,0,0
loso_chb08,original,chb08,chb08_04.edf,raw_0.5,1.0,1,1799,0,98,0,98,0.054474708171206226,0.0,,66,66,66.0,66.0,98.0,332.0,0.09222222222222222,1.0,66.0,,,,,,,,0,0,0,0,,,,,,,,0,0,0,0
loso_chb08,original,chb08,chb08_04.edf,calibrated_threshold,1.0,1,1799,0,0,0,0,0.0,,,0,0,0.0,0.0,0.0,0.0,0.0,1.0,0.0,,,,,,,,0,0,0,0,,,,,,,,0,0,0,0
loso_chb08,original,chb08,chb08_04.edf,complete_train_selected,1.0,1,1799,0,0,0,0,0.0,,,0,0,0.0,0.0,0.0,0.0,0.0,1.0,0.0,,,,,,,,0,0,0,0,,,,,,,,0,0,0,0
loso_chb08,original,chb08,chb08_05.edf,raw_0.5,1.0,1,1799,246,183,72,111,0.10172317954419122,0.39344262295081966,0.2926829268292683,69,58,69.0,58.0,111.0,530.0,0.14722222222222223,0.8638888888888889,67.13826366559485,1.0,1.0,0.0,0.0,278.0,-278.0,1.0,1,1,0,0,1.0,1.0,0.0,0.0,276.0,-276.0,1.0,1,1,0,0
loso_chb08,original,chb08,chb08_05.edf,calibrated_threshold,1.0,1,1799,246,13,13,0,0.007226236798221234,1.0,0.052845528455284556,3,0,3.0,0.0,0.0,40.0,0.011111111111111112,0.8638888888888889,0.0,1.0,0.0,1.0,0.0,-10.0,10.0,0.0,1,0,1,0,1.0,0.0,1.0,0.0,-12.0,12.0,0.0,1,0,1,0
loso_chb08,original,chb08,chb08_05.edf,complete_train_selected,1.0,1,1799,246,6,6,0,0.0033351862145636463,1.0,0.024390243902439025,4,0,4.0,0.0,0.0,20.0,0.005555555555555556,0.8638888888888889,0.0,1.0,0.0,1.0,0.0,-12.0,12.0,0.0,1,0,1,0,1.0,0.0,1.0,0.0,-14.0,14.0,0.0,1,0,1,0
loso_chb08,original,chb08,chb08_10.edf,raw_0.5,1.0,1,1799,0,82,0,82,0.045580878265703166,0.0,,58,58,58.0,58.0,82.0,288.0,0.08,1.0,58.0,,,,,,,,0,0,0,0,,,,,,,,0,0,0,0
loso_chb08,original,chb08,chb08_10.edf,calibrated_threshold,1.0,1,1799,0,0,0,0,0.0,,,0,0,0.0,0.0,0.0,0.0,0.0,1.0,0.0,,,,,,,,0,0,0,0,,,,,,,,0,0,0,0
loso_chb08,original,chb08,chb08_10.edf,complete_train_selected,1.0,1,1799,0,0,0,0,0.0,,,0,0,0.0,0.0,0.0,0.0,0.0,1.0,0.0,,,,,,,,0,0,0,0,,,,,,,,0,0,0,0
loso_chb08,original,chb08,chb08_11.edf,raw_0.5,1.0,1,1799,218,253,66,187,0.1406336853807671,0.2608695652173913,0.30275229357798167,119,107,119.0,107.0,187.0,768.0,0.21333333333333335,0.8794444444444445,121.66771951989892,1.0,1.0,0.0,0.0,176.0,-176.0,1.0,1,1,0,0,1.0,1.0,0.0,0.0,174.0,-174.0,1.0,1,1,0,0
loso_chb08,original,chb08,chb08_11.edf,calibrated_threshold,1.0,1,1799,218,10,10,0,0.005558643690939411,1.0,0.045871559633027525,5,0,5.0,0.0,0.0,34.0,0.009444444444444445,0.8794444444444445,0.0,1.0,0.0,1.0,0.0,-10.0,10.0,0.0,1,0,1,0,1.0,0.0,1.0,0.0,-12.0,12.0,0.0,1,0,1,0
loso_chb08,original,chb08,chb08_11.edf,complete_train_selected,1.0,1,1799,218,3,3,0,0.0016675931072818232,1.0,0.013761467889908258,2,0,2.0,0.0,0.0,10.0,0.002777777777777778,0.8794444444444445,0.0,1.0,0.0,1.0,0.0,-16.0,16.0,0.0,1,0,1,0,1.0,0.0,1.0,0.0,-18.0,18.0,0.0,1,0,1,0
loso_chb08,original,chb08,chb08_12.edf,raw_0.5,1.0,1,1799,0,192,0,192,0.10672595886603668,0.0,,106,106,106.0,106.0,192.0,626.0,0.1738888888888889,1.0,106.0,,,,,,,,0,0,0,0,,,,,,,,0,0,0,0
loso_chb08,original,chb08,chb08_12.edf,calibrated_threshold,1.0,1,1799,0,0,0,0,0.0,,,0,0,0.0,0.0,0.0,0.0,0.0,1.0,0.0,,,,,,,,0,0,0,0,,,,,,,,0,0,0,0
loso_chb08,original,chb08,chb08_12.edf,complete_train_selected,1.0,1,1799,0,0,0,0,0.0,,,0,0,0.0,0.0,0.0,0.0,0.0,1.0,0.0,,,,,,,,0,0,0,0,,,,,,,,0,0,0,0
loso_chb08,original,chb08,chb08_13.edf,raw_0.5,1.0,1,1799,230,275,101,174,0.1528627015008338,0.36727272727272725,0.4391304347826087,116,97,116.0,97.0,174.0,808.0,0.22444444444444445,0.8722222222222222,111.21019108280255,1.0,1.0,0.0,0.0,293.0,-293.0,1.0,1,1,0,0,1.0,1.0,0.0,0.0,291.0,-291.0,1.0,1,1,0,0
loso_chb08,original,chb08,chb08_13.edf,calibrated_threshold,1.0,1,1799,230,10,10,0,0.005558643690939411,1.0,0.043478260869565216,2,0,2.0,0.0,0.0,30.0,0.008333333333333333,0.8722222222222222,0.0,1.0,0.0,1.0,0.0,-11.0,11.0,0.0,1,0,1,0,1.0,0.0,1.0,0.0,-13.0,13.0,0.0,1,0,1,0
loso_chb08,original,chb08,chb08_13.edf,complete_train_selected,1.0,1,1799,230,5,5,0,0.0027793218454697055,1.0,0.021739130434782608,3,0,3.0,0.0,0.0,16.0,0.0044444444444444444,0.8722222222222222,0.0,1.0,0.0,1.0,0.0,-17.0,17.0,0.0,1,0,1,0,1.0,0.0,1.0,0.0,-19.0,19.0,0.0,1,0,1,0
loso_chb08,original,chb08,chb08_14.edf,raw_0.5,1.0,1,1799,0,280,0,280,0.1556420233463035,0.0,,94,94,94.0,94.0,280.0,788.0,0.21888888888888888,1.0,94.0,,,,,,,,0,0,0,0,,,,,,,,0,0,0,0
loso_chb08,original,chb08,chb08_14.edf,calibrated_threshold,1.0,1,1799,0,0,0,0,0.0,,,0,0,0.0,0.0,0.0,0.0,0.0,1.0,0.0,,,,,,,,0,0,0,0,,,,,,,,0,0,0,0
loso_chb08,original,chb08,chb08_14.edf,complete_train_selected,1.0,1,1799,0,0,0,0,0.0,,,0,0,0.0,0.0,0.0,0.0,0.0,1.0,0.0,,,,,,,,0,0,0,0,,,,,,,,0,0,0,0
loso_chb08,original,chb08,chb08_20.edf,raw_0.5,1.0,1,1799,0,307,0,307,0.17065036131183992,0.0,,121,121,121.0,121.0,307.0,904.0,0.2511111111111111,1.0,121.0,,,,,,,,0,0,0,0,,,,,,,,0,0,0,0
loso_chb08,original,chb08,chb08_20.edf,calibrated_threshold,1.0,1,1799,0,2,0,2,0.0011117287381878821,0.0,,2,2,2.0,2.0,2.0,8.0,0.0022222222222222222,1.0,2.0,,,,,,,,0,0,0,0,,,,,,,,0,0,0,0
loso_chb08,original,chb08,chb08_20.edf,complete_train_selected,1.0,1,1799,0,0,0,0,0.0,,,0,0,0.0,0.0,0.0,0.0,0.0,1.0,0.0,,,,,,,,0,0,0,0,,,,,,,,0,0,0,0
loso_chb08,original,chb08,chb08_21.edf,raw_0.5,1.0,1,1799,282,238,89,149,0.13229571984435798,0.3739495798319328,0.31560283687943264,95,79,95.0,79.0,149.0,706.0,0.19611111111111112,0.8433333333333333,93.67588932806325,1.0,1.0,0.0,0.0,119.0,-119.0,1.0,1,1,0,0,1.0,1.0,0.0,0.0,117.0,-117.0,1.0,1,1,0,0
loso_chb08,original,chb08,chb08_21.edf,calibrated_threshold,1.0,1,1799,282,7,7,0,0.0038910505836575876,1.0,0.024822695035460994,4,0,4.0,0.0,0.0,24.0,0.006666666666666667,0.8433333333333333,0.0,1.0,0.0,1.0,0.0,-9.0,9.0,0.0,1,0,1,0,1.0,0.0,1.0,0.0,-11.0,11.0,0.0,1,0,1,0
loso_chb08,original,chb08,chb08_21.edf,complete_train_selected,1.0,1,1799,282,2,2,0,0.0011117287381878821,1.0,0.0070921985815602835,2,0,2.0,0.0,0.0,8.0,0.0022222222222222222,0.8433333333333333,0.0,1.0,0.0,1.0,0.0,-23.0,23.0,0.0,1,0,1,0,1.0,0.0,1.0,0.0,-25.0,25.0,0.0,1,0,1,0
loso_chb08,original,chb08,chb08_22.edf,raw_0.5,1.0,1,1799,0,245,0,245,0.13618677042801555,0.0,,62,62,62.0,62.0,245.0,640.0,0.17777777777777778,1.0,62.0,,,,,,,,0,0,0,0,,,,,,,,0,0,0,0
loso_chb08,original,chb08,chb08_22.edf,calibrated_threshold,1.0,1,1799,0,0,0,0,0.0,,,0,0,0.0,0.0,0.0,0.0,0.0,1.0,0.0,,,,,,,,0,0,0,0,,,,,,,,0,0,0,0
loso_chb08,original,chb08,chb08_22.edf,complete_train_selected,1.0,1,1799,0,0,0,0,0.0,,,0,0,0.0,0.0,0.0,0.0,0.0,1.0,0.0,,,,,,,,0,0,0,0,,,,,,,,0,0,0,0
loso_chb08,original,chb08,chb08_23.edf,raw_0.5,1.0,1,1799,0,202,0,202,0.1122846025569761,0.0,,80,80,80.0,80.0,202.0,610.0,0.16944444444444445,1.0,80.0,,,,,,,,0,0,0,0,,,,,,,,0,0,0,0
loso_chb08,original,chb08,chb08_23.edf,calibrated_threshold,1.0,1,1799,0,1,0,1,0.0005558643690939411,0.0,,1,1,1.0,1.0,1.0,4.0,0.0011111111111111111,1.0,1.0,,,,,,,,0,0,0,0,,,,,,,,0,0,0,0
loso_chb08,original,chb08,chb08_23.edf,complete_train_selected,1.0,1,1799,0,0,0,0,0.0,,,0,0,0.0,0.0,0.0,0.0,0.0,1.0,0.0,,,,,,,,0,0,0,0,,,,,,,,0,0,0,0
loso_chb08,original,chb08,chb08_24.edf,raw_0.5,1.0,1,1799,0,346,0,346,0.19232907170650362,0.0,,156,156,156.0,156.0,346.0,1060.0,0.29444444444444445,1.0,156.0,,,,,,,,0,0,0,0,,,,,,,,0,0,0,0
loso_chb08,original,chb08,chb08_24.edf,calibrated_threshold,1.0,1,1799,0,1,0,1,0.0005558643690939411,0.0,,1,1,1.0,1.0,1.0,4.0,0.0011111111111111111,1.0,1.0,,,,,,,,0,0,0,0,,,,,,,,0,0,0,0
loso_chb08,original,chb08,chb08_24.edf,complete_train_selected,1.0,1,1799,0,0,0,0,0.0,,,0,0,0.0,0.0,0.0,0.0,0.0,1.0,0.0,,,,,,,,0,0,0,0,,,,,,,,0,0,0,0
