exposure,policy,cooldown_s,n_subjects,false_clusters_per_hour_mean,false_clusters_per_hour_sd,false_clusters_per_hour_ci_low,false_clusters_per_hour_ci_high,false_clusters_per_hour_n,clusters_per_hour_mean,clusters_per_hour_sd,clusters_per_hour_ci_low,clusters_per_hour_ci_high,clusters_per_hour_n,authorization_fraction_mean,authorization_fraction_sd,authorization_fraction_ci_low,authorization_fraction_ci_high,authorization_fraction_n,positive_authorization_rate_mean,positive_authorization_rate_sd,positive_authorization_rate_ci_low,positive_authorization_rate_ci_high,positive_authorization_rate_n,authorized_support_fraction_mean,authorized_support_fraction_sd,authorized_support_fraction_ci_low,authorized_support_fraction_ci_high,authorized_support_fraction_n,center_coverage_mean,center_coverage_sd,center_coverage_ci_low,center_coverage_ci_high,center_coverage_n,end_coverage_mean,end_coverage_sd,end_coverage_ci_low,end_coverage_ci_high,end_coverage_n,center_pre_fraction_mean,center_pre_fraction_sd,center_pre_fraction_ci_low,center_pre_fraction_ci_high,center_pre_fraction_n,end_pre_fraction_mean,end_pre_fraction_sd,end_pre_fraction_ci_low,end_pre_fraction_ci_high,end_pre_fraction_n,center_median_lead_mean,center_median_lead_sd,center_median_lead_ci_low,center_median_lead_ci_high,center_median_lead_n,end_median_lead_mean,end_median_lead_sd,end_median_lead_ci_low,end_median_lead_ci_high,end_median_lead_n,pooled_hours,pooled_edfs,pooled_windows,pooled_positive_windows,pooled_authorized_windows,pooled_true_authorized_windows,pooled_false_authorized_windows,pooled_false_clusters,pooled_clusters,pooled_center_events,pooled_center_pre,pooled_center_post,pooled_center_missed,pooled_end_events,pooled_end_pre,pooled_end_post,pooled_end_missed,pooled_false_clusters_per_hour
original,Raw threshold 0.5,0,5,84.44387097662545,29.56610019330604,60.42334091221217,107.51702263182176,5,88.38225303563718,30.051504793877623,64.04702363694626,111.61830972016364,5,0.15011721330574873,0.06559888683737235,0.09572277959395058,0.1983865918592454,5,0.09296812602685012,0.04741663657821408,0.05714966565170584,0.13149896088008722,5,0.21071304554294504,0.079130941653646,0.142491452991453,0.26562204368293263,5,1.0,0.0,1.0,1.0,5,1.0,0.0,1.0,1.0,5,0.9142857142857143,0.191662969499982,0.7428571428571429,1.0,5,0.9142857142857143,0.191662969499982,0.7428571428571429,1.0,5,235.8,60.70172979413354,184.8,280.0,5,234.2,61.22662819394843,182.8,278.8,5,67.82138888888889,70,122007,5227,18112,1442,16670,5887,6161,27,24,3,0,27,24,3,0,86.80152524809856
original,Raw threshold 0.5,30,5,19.489491472188426,4.099913401324816,16.711565165641737,22.941433501730508,5,20.420285186458734,4.099213850039431,17.683151574055167,23.942445663167412,5,0.15011721330574873,0.06559888683737235,0.09572277959395058,0.1983865918592454,5,0.09296812602685012,0.04741663657821408,0.05714966565170584,0.13149896088008722,5,0.21071304554294504,0.079130941653646,0.142491452991453,0.26562204368293263,5,1.0,0.0,1.0,1.0,5,1.0,0.0,1.0,1.0,5,0.9142857142857143,0.191662969499982,0.7428571428571429,1.0,5,0.9142857142857143,0.191662969499982,0.7428571428571429,1.0,5,235.8,60.70172979413354,184.8,280.0,5,234.2,61.22662819394843,182.8,278.8,5,67.82138888888889,70,122007,5227,18112,1442,16670,1327,1391,27,24,3,0,27,24,3,0,19.566098862617086
original,Raw threshold 0.5,60,5,9.794714279851878,1.3861408990291555,8.681720411707833,10.936263736263736,5,10.419507541026187,1.3587764135201148,9.370871585143611,11.514427007377645,5,0.15011721330574873,0.06559888683737235,0.09572277959395058,0.1983865918592454,5,0.09296812602685012,0.04741663657821408,0.05714966565170584,0.13149896088008722,5,0.21071304554294504,0.079130941653646,0.142491452991453,0.26562204368293263,5,1.0,0.0,1.0,1.0,5,1.0,0.0,1.0,1.0,5,0.9142857142857143,0.191662969499982,0.7428571428571429,1.0,5,0.9142857142857143,0.191662969499982,0.7428571428571429,1.0,5,235.8,60.70172979413354,184.8,280.0,5,234.2,61.22662819394843,182.8,278.8,5,67.82138888888889,70,122007,5227,18112,1442,16670,653,697,27,24,3,0,27,24,3,0,9.628231015289343
original,Raw threshold 0.5,120,5,4.6672361019125495,0.8248650042008276,3.946908649338856,5.261795477479121,5,5.110869236159438,0.9221501033973111,4.350903202325614,5.780617532597857,5,0.15011721330574873,0.06559888683737235,0.09572277959395058,0.1983865918592454,5,0.09296812602685012,0.04741663657821408,0.05714966565170584,0.13149896088008722,5,0.21071304554294504,0.079130941653646,0.142491452991453,0.26562204368293263,5,1.0,0.0,1.0,1.0,5,1.0,0.0,1.0,1.0,5,0.9142857142857143,0.191662969499982,0.7428571428571429,1.0,5,0.9142857142857143,0.191662969499982,0.7428571428571429,1.0,5,235.8,60.70172979413354,184.8,280.0,5,234.2,61.22662819394843,182.8,278.8,5,67.82138888888889,70,122007,5227,18112,1442,16670,308,338,27,24,3,0,27,24,3,0,4.541340203229889
original,Raw persistence 0.5,0,5,46.01417943703767,16.68740584252482,31.3086470096951,57.17994618777334,5,49.13525242190837,16.77141909138897,34.07351086955806,59.94755392050875,5,0.08939627170377605,0.056642416619392434,0.04780139321140142,0.13751884771537204,5,0.13482830530399892,0.08676968848077567,0.07191501485085253,0.20891422377212096,5,0.11664087464081825,0.063810240604157,0.06934332737860309,0.1674822388041987,5,1.0,0.0,1.0,1.0,5,1.0,0.0,1.0,1.0,5,0.8571428571428571,0.2474358296526968,0.6285714285714284,1.0,5,0.8571428571428571,0.2474358296526968,0.6285714285714284,1.0,5,184.0,113.47466677633383,84.8,256.6,5,182.0,113.47466677633383,82.8,254.6,5,67.82138888888889,70,122007,5227,10518,1077,9441,3142,3355,27,22,5,0,27,22,5,0,46.32756791736465
original,Raw overlap 0.5,0,5,75.22900173454697,26.258581181938048,52.931868131868136,94.66340935897084,5,79.1809264567975,26.548851514111934,56.83516483516483,98.21864882683568,5,0.12747943481264007,0.05825337464560194,0.08161520144144428,0.1706871325780946,5,0.10098835942914372,0.05207767077693162,0.062301205823978044,0.1443146652544725,5,0.18145620487745934,0.07120041856561721,0.12178754578754578,0.23226652329026237,5,1.0,0.0,1.0,1.0,5,1.0,0.0,1.0,1.0,5,0.8857142857142858,0.18626292586293283,0.7142857142857142,1.0,5,0.8857142857142858,0.18626292586293283,0.7142857142857142,1.0,5,234.6,61.31313073070075,182.8,279.2,5,233.0,61.84254199173899,180.8,278.0,5,67.82138888888889,70,122007,5227,15248,1313,13935,5227,5500,27,23,4,0,27,23,4,0,77.07008195546308
original,Nominal raw-plus-isotonic,0,5,2.697707947660958,4.604539961660347,0.13406593406593403,6.905643317191249,5,3.3073566313087484,4.666429468463995,0.6883994426846436,7.562793843158209,5,0.00556222860105632,0.0076536183881237355,0.0009277196457980402,0.012529587911244838,5,0.6374649936352064,0.3587924285547108,0.35869067103109653,0.9162393162393162,5,0.00778263325389746,0.010784821050517512,0.0013982870955081,0.017606117891288943,5,0.76,0.29318796645406403,0.5142857142857142,0.96,5,0.76,0.29318796645406403,0.5142857142857142,0.96,5,0.12,0.2683281572999748,0.0,0.36,5,0.12,0.2683281572999748,0.0,0.36,5,7.7,57.52999217799356,-23.2,59.3,5,5.7,57.52999217799356,-25.2,57.3,5,67.82138888888889,70,122007,5227,645,215,430,176,218,27,3,16,8,27,3,16,8,2.5950515447027938
original,Nominal full 0.5,0,5,1.1724673612602803,2.048835401432555,0.04615384615384614,3.040219486143927,5,1.7232353903249389,2.0952283950182222,0.4980251765961774,3.6292922217957346,5,0.0032261955606284003,0.004312432090968448,0.00044959542021623996,0.00710969010551034,5,0.703076923076923,0.35181692388086466,0.4323076923076923,0.9723076923076924,5,0.004237219281191,0.0055785470355956485,0.00073274055139058,0.00928857554046086,5,0.76,0.29318796645406403,0.5142857142857142,0.96,5,0.76,0.29318796645406403,0.5142857142857142,0.96,5,0.04,0.08944271909999159,0.0,0.12000000000000002,5,0.04,0.08944271909999159,0.0,0.12000000000000002,5,-17.4,10.807404868885039,-25.8,-9.0,5,-19.4,10.807404868885039,-27.8,-11.0,5,67.82138888888889,70,122007,5227,366,160,206,77,113,27,1,18,8,27,1,18,8,1.1353350508074722
original,Nominal full 0.5,30,5,0.7582638302148527,1.1467272168700373,0.04615384615384614,1.7976088930076444,5,1.1012153259230022,1.1983570752587018,0.3616499509354513,2.1811857225170845,5,0.0032261955606284003,0.004312432090968448,0.00044959542021623996,0.00710969010551034,5,0.703076923076923,0.35181692388086466,0.4323076923076923,0.9723076923076924,5,0.004237219281191,0.0055785470355956485,0.00073274055139058,0.00928857554046086,5,0.76,0.29318796645406403,0.5142857142857142,0.96,5,0.76,0.29318796645406403,0.5142857142857142,0.96,5,0.04,0.08944271909999159,0.0,0.12000000000000002,5,0.04,0.08944271909999159,0.0,0.12000000000000002,5,-17.4,10.807404868885039,-25.8,-9.0,5,-19.4,10.807404868885039,-27.8,-11.0,5,67.82138888888889,70,122007,5227,366,160,206,48,71,27,1,18,8,27,1,18,8,0.7077413303734892
original,Nominal full 0.5,60,5,0.6428990521640996,0.945418366574705,0.03076923076923076,1.4976684050092306,5,0.971564833586535,1.009533687711687,0.31659500588050626,1.8812452345186716,5,0.0032261955606284003,0.004312432090968448,0.00044959542021623996,0.00710969010551034,5,0.703076923076923,0.35181692388086466,0.4323076923076923,0.9723076923076924,5,0.004237219281191,0.0055785470355956485,0.00073274055139058,0.00928857554046086,5,0.76,0.29318796645406403,0.5142857142857142,0.96,5,0.76,0.29318796645406403,0.5142857142857142,0.96,5,0.04,0.08944271909999159,0.0,0.12000000000000002,5,0.04,0.08944271909999159,0.0,0.12000000000000002,5,-17.4,10.807404868885039,-25.8,-9.0,5,-19.4,10.807404868885039,-27.8,-11.0,5,67.82138888888889,70,122007,5227,366,160,206,40,62,27,1,18,8,27,1,18,8,0.5897844419779077
original,Nominal full 0.5,120,5,0.5572017698788387,0.7706952707505106,0.03076923076923076,1.2405765581534485,5,0.8572989566346829,0.8175399627380238,0.30230929159479203,1.582803663942699,5,0.0032261955606284003,0.004312432090968448,0.00044959542021623996,0.00710969010551034,5,0.703076923076923,0.35181692388086466,0.4323076923076923,0.9723076923076924,5,0.004237219281191,0.0055785470355956485,0.00073274055139058,0.00928857554046086,5,0.76,0.29318796645406403,0.5142857142857142,0.96,5,0.76,0.29318796645406403,0.5142857142857142,0.96,5,0.04,0.08944271909999159,0.0,0.12000000000000002,5,0.04,0.08944271909999159,0.0,0.12000000000000002,5,-17.4,10.807404868885039,-25.8,-9.0,5,-19.4,10.807404868885039,-27.8,-11.0,5,67.82138888888889,70,122007,5227,366,160,206,34,54,27,1,18,8,27,1,18,8,0.5013167756812215
original,Calibrated threshold only,0,5,2.7405622566132637,4.61650344028384,0.1912087912087912,6.94849195833388,5,3.4467056056842686,4.627833156825512,0.8242459163882174,7.60564248430084,5,0.0057456245777115205,0.007598276538411175,0.0011198208256748801,0.01260959376151606,5,0.6279093000023233,0.3589766279120539,0.34812629231233877,0.9076923076923077,5,0.00808363630097646,0.010663342559094523,0.0017225248582377999,0.0176946263102873,5,0.7885714285714286,0.29457683242930294,0.5314285714285714,0.9714285714285715,5,0.7885714285714286,0.29457683242930294,0.5314285714285714,0.9714285714285715,5,0.12,0.2683281572999748,0.0,0.36,5,0.12,0.2683281572999748,0.0,0.36,5,8.1,57.29572409874929,-22.6,59.3,5,6.1,57.29572409874929,-24.6,57.3,5,67.82138888888889,70,122007,5227,669,234,435,179,228,27,3,17,7,27,3,17,7,2.6392853778511367
original,+ persistence,0,5,1.1724673612602803,2.048835401432555,0.04615384615384614,3.040219486143927,5,1.7911557932718885,2.0927839472088468,0.5624430788711797,3.6721408629383654,5,0.0034029657628404397,0.004560485657435059,0.00051521954302666,0.0075145966197415785,5,0.7006831435712302,0.3556574157140289,0.42512635379061364,0.9723076923076924,5,0.00439607899715748,0.0057097309275520106,0.00082827239771598,0.00955042834744364,5,0.7885714285714286,0.29457683242930294,0.5314285714285714,0.9714285714285715,5,0.7885714285714286,0.29457683242930294,0.5314285714285714,0.9714285714285715,5,0.08,0.17888543819998318,0.0,0.24000000000000005,5,0.08,0.17888543819998318,0.0,0.24000000000000005,5,0.7,49.87684833667821,-27.0,45.9,5,-1.3,49.87684833667821,-29.0,43.9,5,67.82138888888889,70,122007,5227,389,167,222,77,118,27,2,18,7,27,2,18,7,1.1353350508074722
original,+ attribution overlap,0,5,2.7064564142548013,4.656653113380624,0.1912087912087912,6.942951876737172,5,3.412599763325806,4.669228218851514,0.8242459163882174,7.632555031227909,5,0.00541515034098624,0.00710305080236881,0.00107767286801832,0.011810699839371299,5,0.649373133683102,0.3471726415341419,0.37329039968131716,0.9151390788873689,5,0.007728283492317881,0.01025047967576955,0.00165536979108274,0.016942529973165303,5,0.7885714285714286,0.29457683242930294,0.5314285714285714,0.9714285714285715,5,0.7885714285714286,0.29457683242930294,0.5314285714285714,0.9714285714285715,5,0.12,0.2683281572999748,0.0,0.36,5,0.12,0.2683281572999748,0.0,0.36,5,8.1,57.29572409874929,-22.6,59.3,5,6.1,57.29572409874929,-24.6,57.3,5,67.82138888888889,70,122007,5227,631,232,399,178,227,27,3,17,7,27,3,17,7,2.624540766801689
original,+ persistence + overlap,0,5,1.1581844808794035,2.0173649819561628,0.04615384615384614,2.9973708450012966,5,1.7768729128910117,2.0617762183433586,0.5624430788711797,3.6292922217957346,5,0.00329181495501226,0.004330112564590785,0.00051521954302666,0.0071811441962570405,5,0.7032582626498975,0.3515276007080374,0.43285171102661585,0.9723076923076924,5,0.00433259952879802,0.005576399148176043,0.00082827239771598,0.00935998994236526,5,0.7885714285714286,0.29457683242930294,0.5314285714285714,0.9714285714285715,5,0.7885714285714286,0.29457683242930294,0.5314285714285714,0.9714285714285715,5,0.08,0.17888543819998318,0.0,0.24000000000000005,5,0.08,0.17888543819998318,0.0,0.24000000000000005,5,0.7,49.87684833667821,-27.0,45.9,5,-1.3,49.87684833667821,-29.0,43.9,5,67.82138888888889,70,122007,5227,375,167,208,76,117,27,2,18,7,27,2,18,7,1.1205904397580246
original,+ persistence + overlap,30,5,0.7582638302148527,1.1467272168700373,0.04615384615384614,1.7976088930076444,5,1.1262785860128086,1.2197293223755459,0.3832107103533108,2.234814743368645,5,0.00329181495501226,0.004330112564590785,0.00051521954302666,0.0071811441962570405,5,0.7032582626498975,0.3515276007080374,0.43285171102661585,0.9723076923076924,5,0.00433259952879802,0.005576399148176043,0.00082827239771598,0.00935998994236526,5,0.7885714285714286,0.29457683242930294,0.5314285714285714,0.9714285714285715,5,0.7885714285714286,0.29457683242930294,0.5314285714285714,0.9714285714285715,5,0.08,0.17888543819998318,0.0,0.24000000000000005,5,0.08,0.17888543819998318,0.0,0.24000000000000005,5,0.7,49.87684833667821,-27.0,45.9,5,-1.3,49.87684833667821,-29.0,43.9,5,67.82138888888889,70,122007,5227,375,167,208,48,73,27,2,18,7,27,2,18,7,0.7077413303734892
original,+ persistence + overlap,60,5,0.6428990521640996,0.945418366574705,0.03076923076923076,1.4976684050092306,5,0.9966280936763414,1.0301028142339064,0.3381557652983658,1.9317304386551146,5,0.00329181495501226,0.004330112564590785,0.00051521954302666,0.0071811441962570405,5,0.7032582626498975,0.3515276007080374,0.43285171102661585,0.9723076923076924,5,0.00433259952879802,0.005576399148176043,0.00082827239771598,0.00935998994236526,5,0.7885714285714286,0.29457683242930294,0.5314285714285714,0.9714285714285715,5,0.7885714285714286,0.29457683242930294,0.5314285714285714,0.9714285714285715,5,0.08,0.17888543819998318,0.0,0.24000000000000005,5,0.08,0.17888543819998318,0.0,0.24000000000000005,5,0.7,49.87684833667821,-27.0,45.9,5,-1.3,49.87684833667821,-29.0,43.9,5,67.82138888888889,70,122007,5227,375,167,208,40,64,27,2,18,7,27,2,18,7,0.5897844419779077
original,+ persistence + overlap,120,5,0.5572017698788387,0.7706952707505106,0.03076923076923076,1.2405765581534485,5,0.8823622167244892,0.8364417263786923,0.3238700510126515,1.6317899506567013,5,0.00329181495501226,0.004330112564590785,0.00051521954302666,0.0071811441962570405,5,0.7032582626498975,0.3515276007080374,0.43285171102661585,0.9723076923076924,5,0.00433259952879802,0.005576399148176043,0.00082827239771598,0.00935998994236526,5,0.7885714285714286,0.29457683242930294,0.5314285714285714,0.9714285714285715,5,0.7885714285714286,0.29457683242930294,0.5314285714285714,0.9714285714285715,5,0.08,0.17888543819998318,0.0,0.24000000000000005,5,0.08,0.17888543819998318,0.0,0.24000000000000005,5,0.7,49.87684833667821,-27.0,45.9,5,-1.3,49.87684833667821,-29.0,43.9,5,67.82138888888889,70,122007,5227,375,167,208,34,56,27,2,18,7,27,2,18,7,0.5013167756812215
original,Full overlap lag 4s,0,5,1.0087138604701877,1.848111556869131,0.03076923076923076,2.691890275406174,5,1.6274022924817964,1.892566651523087,0.531673848101949,3.308427036815998,5,0.00304200112499614,0.003889264432274562,0.0004981160239776201,0.006502605821760721,5,0.7337099811676083,0.32660452341719687,0.46779661016949153,0.9777777777777779,5,0.0040236922578679194,0.005081256985877384,0.00079408436352794,0.008574986658739282,5,0.7885714285714286,0.29457683242930294,0.5314285714285714,0.9714285714285715,5,0.7885714285714286,0.29457683242930294,0.5314285714285714,0.9714285714285715,5,0.08,0.17888543819998318,0.0,0.24000000000000005,5,0.08,0.17888543819998318,0.0,0.24000000000000005,5,0.7,49.87684833667821,-27.0,45.9,5,-1.3,49.87684833667821,-29.0,43.9,5,67.82138888888889,70,122007,5227,345,166,179,67,108,27,2,18,7,27,2,18,7,0.9878889403129953
original,Full overlap lag 6s,0,5,0.9746080181117251,1.8962617703725793,0.03076923076923076,2.686350193809465,5,1.5563510753208587,1.9599517645369993,0.45778309849699916,3.338371911061194,5,0.0028113059513764594,0.0035898458035263387,0.00045793332260588,0.00599808002212728,5,0.7099757460719183,0.3596734971594331,0.4371928714541812,0.9827586206896551,5,0.0037536587880526,0.0048105307381136045,0.00071198353063354,0.00805912184774946,5,0.7314285714285715,0.35202040757169006,0.42857142857142855,0.96,5,0.7314285714285715,0.35202040757169006,0.42857142857142855,0.96,5,0.08,0.17888543819998318,0.0,0.24000000000000005,5,0.08,0.17888543819998318,0.0,0.24000000000000005,5,-0.7,50.86698339787804,-29.2,45.5,5,-2.7,50.86698339787804,-31.2,43.5,5,67.82138888888889,70,122007,5227,319,160,159,66,104,27,2,16,9,27,2,16,9,0.9731443292635477
original,Full overlap lag 10s,0,5,0.7976733719444946,1.6315126570939285,0.02419436136966968,2.2588985701860134,5,1.3904239773364846,1.6834751241654204,0.4599809006948014,2.8994813954147416,5,0.0026056504879377,0.0033349264237712674,0.00043518352859194003,0.005582111832289499,5,0.7555070173807975,0.32457425679424246,0.48916256157635474,0.9924528301886791,5,0.0034301916630720005,0.00433791491795504,0.00070244733339896,0.00732903357583702,5,0.76,0.29318796645406403,0.5142857142857142,0.96,5,0.76,0.29318796645406403,0.5142857142857142,0.96,5,0.04,0.08944271909999159,0.0,0.12000000000000002,5,0.04,0.08944271909999159,0.0,0.12000000000000002,5,-19.5,14.186260959111108,-30.0,-8.3,5,-21.5,14.186260959111108,-32.0,-10.3,5,67.82138888888889,70,122007,5227,296,153,143,55,93,27,1,18,8,27,1,18,8,0.810953607719623
original,Full overlap lag 20s,0,5,0.6911183398787959,1.41402333187348,0.0,1.9765775741577083,5,1.1697305828739413,1.611044410911217,0.25872911301431395,2.6280953325587326,5,0.00225401845789574,0.002998188307358736,0.00026669002392667996,0.0049090225725891,5,0.8181738826815642,0.32333073088812786,0.5013966480446926,1.0,4,0.0030087872338671997,0.004031480141192399,0.00044143088150991994,0.00659833093223086,5,0.5961904761904762,0.3381690060369089,0.29333333333333333,0.7828571428571429,5,0.5961904761904762,0.3381690060369089,0.29333333333333333,0.7828571428571429,5,0.08,0.17888543819998318,0.0,0.24000000000000005,5,0.08,0.17888543819998318,0.0,0.24000000000000005,5,0.0,59.4740839918251,-35.75,60.0,4,-2.0,59.4740839918251,-37.75,58.0,4,67.82138888888889,70,122007,5227,255,133,122,47,79,27,2,13,12,27,2,13,12,0.6929967193240415
additional,Raw threshold 0.5,0,5,102.29296406105985,44.819596354851285,71.63673752120229,138.6698181818182,5,102.29296406105985,44.819596354851285,71.63673752120229,138.6698181818182,5,0.206000662926232,0.11993314068709134,0.11158635307242029,0.3004149727800437,5,0.0,0.0,0.0,0.0,5,0.28115465885687874,0.1466135325544651,0.1646128509978541,0.3976964667159034,5,,,,,0,,,,,0,,,,,0,,,,,0,,,,,0,,,,,0,105.00805555555556,105,188909,0,38060,0,38060,10227,10227,0,0,0,0,0,0,0,0,97.39252808646955
additional,Raw threshold 0.5,30,5,15.352837082953595,3.4454673796735644,12.809238580131424,18.169470318140405,5,15.352837082953595,3.4454673796735644,12.809238580131424,18.169470318140405,5,0.206000662926232,0.11993314068709134,0.11158635307242029,0.3004149727800437,5,0.0,0.0,0.0,0.0,5,0.28115465885687874,0.1466135325544651,0.1646128509978541,0.3976964667159034,5,,,,,0,,,,,0,,,,,0,,,,,0,,,,,0,,,,,0,105.00805555555556,105,188909,0,38060,0,38060,1705,1705,0,0,0,0,0,0,0,0,16.236849553870204
additional,Raw threshold 0.5,60,5,7.446737912486159,3.2979467404509286,4.865005999503895,10.028469825468425,5,7.446737912486159,3.2979467404509286,4.865005999503895,10.028469825468425,5,0.206000662926232,0.11993314068709134,0.11158635307242029,0.3004149727800437,5,0.0,0.0,0.0,0.0,5,0.28115465885687874,0.1466135325544651,0.1646128509978541,0.3976964667159034,5,,,,,0,,,,,0,,,,,0,,,,,0,,,,,0,,,,,0,105.00805555555556,105,188909,0,38060,0,38060,875,875,0,0,0,0,0,0,0,0,8.332694052572686
additional,Raw threshold 0.5,120,5,3.6715793103451744,1.7155292895662444,2.345957545206493,4.997201075483856,5,3.6715793103451744,1.7155292895662444,2.345957545206493,4.997201075483856,5,0.206000662926232,0.11993314068709134,0.11158635307242029,0.3004149727800437,5,0.0,0.0,0.0,0.0,5,0.28115465885687874,0.1466135325544651,0.1646128509978541,0.3976964667159034,5,,,,,0,,,,,0,,,,,0,,,,,0,,,,,0,,,,,0,105.00805555555556,105,188909,0,38060,0,38060,432,432,0,0,0,0,0,0,0,0,4.1139700922416
additional,Raw persistence 0.5,0,5,75.01102766454261,38.55970417579496,45.59416372213876,103.55545963574453,5,75.01102766454261,38.55970417579496,45.59416372213876,103.55545963574453,5,0.13068774919331164,0.0993920264388249,0.058465719609698444,0.21117873566122589,5,0.0,0.0,0.0,0.0,5,0.17228681602582446,0.11391107654861606,0.0849813779002754,0.2595922541513736,5,,,,,0,,,,,0,,,,,0,,,,,0,,,,,0,,,,,0,105.00805555555556,105,188909,0,24472,0,24472,7416,7416,0,0,0,0,0,0,0,0,70.62315325014747
additional,Raw overlap 0.5,0,5,98.86121856202476,43.50309033283083,67.5420145323645,135.85388038456992,5,98.86121856202476,43.50309033283083,67.5420145323645,135.85388038456992,5,0.17998825822205985,0.10513971355081753,0.09725302946865257,0.26272348697546716,5,0.0,0.0,0.0,0.0,5,0.25251101633353307,0.13394314875174276,0.14610321554519307,0.3589188171218731,5,,,,,0,,,,,0,,,,,0,,,,,0,,,,,0,,,,,0,105.00805555555556,105,188909,0,33174,0,33174,9880,9880,0,0,0,0,0,0,0,0,94.08801970219216
additional,Nominal raw-plus-isotonic,0,5,7.89594042267633,17.097318977768946,0.18513694268386263,23.19407194088295,5,7.89594042267633,17.097318977768946,0.18513694268386263,23.19407194088295,5,0.01427891846313932,0.031419541469633515,0.00016063578011602002,0.042394596324557374,5,0.0,0.0,0.0,0.0,5,0.019527740221149642,0.042811782491250984,0.00026339786143214,0.0578396932285821,5,,,,,0,,,,,0,,,,,0,,,,,0,,,,,0,,,,,0,105.00805555555556,105,188909,0,3202,0,3202,981,981,0,0,0,0,0,0,0,0,9.342140417798634
additional,Nominal full 0.5,0,5,5.0245161991814005,10.965544461389955,0.08072673942949256,14.839218855218855,5,5.0245161991814005,10.965544461389955,0.08072673942949256,14.839218855218855,5,0.008765763551496494,0.01943678514420092,5.243737336358187e-05,0.026156925939027065,5,0.0,0.0,0.0,0.0,5,0.011632290726363159,0.025696806892779322,0.00010066017180811952,0.034626404788627,5,,,,,0,,,,,0,,,,,0,,,,,0,,,,,0,,,,,0,105.00805555555556,105,188909,0,1968,0,1968,625,625,0,0,0,0,0,0,0,0,5.951924323266204
additional,Nominal full 0.5,30,5,1.9617013843665851,4.158382108378584,0.07458479199029826,5.684444444444444,5,1.9617013843665851,4.158382108378584,0.07458479199029826,5.684444444444444,5,0.008765763551496494,0.01943678514420092,5.243737336358187e-05,0.026156925939027065,5,0.0,0.0,0.0,0.0,5,0.011632290726363159,0.025696806892779322,0.00010066017180811952,0.034626404788627,5,,,,,0,,,,,0,,,,,0,,,,,0,,,,,0,,,,,0,105.00805555555556,105,188909,0,1968,0,1968,242,242,0,0,0,0,0,0,0,0,2.3045850979686744
additional,Nominal full 0.5,60,5,1.3297013843665848,2.7453141799404897,0.07458479199029826,3.788444444444444,5,1.3297013843665848,2.7453141799404897,0.07458479199029826,3.788444444444444,5,0.008765763551496494,0.01943678514420092,5.243737336358187e-05,0.026156925939027065,5,0.0,0.0,0.0,0.0,5,0.011632290726363159,0.025696806892779322,0.00010066017180811952,0.034626404788627,5,,,,,0,,,,,0,,,,,0,,,,,0,,,,,0,,,,,0,105.00805555555556,105,188909,0,1968,0,1968,163,163,0,0,0,0,0,0,0,0,1.552261863507826
additional,Nominal full 0.5,120,5,0.9057013843665848,1.7974185416899713,0.07458479199029826,2.5164444444444443,5,0.9057013843665848,1.7974185416899713,0.07458479199029826,2.5164444444444443,5,0.008765763551496494,0.01943678514420092,5.243737336358187e-05,0.026156925939027065,5,0.0,0.0,0.0,0.0,5,0.011632290726363159,0.025696806892779322,0.00010066017180811952,0.034626404788627,5,,,,,0,,,,,0,,,,,0,,,,,0,,,,,0,,,,,0,105.00805555555556,105,188909,0,1968,0,1968,110,110,0,0,0,0,0,0,0,0,1.047538680894852
additional,Calibrated threshold only,0,5,8.045131931717629,17.061888088755776,0.19261526223728737,23.363059990834678,5,8.045131931717629,17.061888088755776,0.19261526223728737,23.363059990834678,5,0.014379639749246382,0.031438369078345706,0.00017922118203564,0.0425220084052337,5,0.0,0.0,0.0,0.0,5,0.01970684189786218,0.04280016751754778,0.00029847577439214,0.05804048200261338,5,,,,,0,,,,,0,,,,,0,,,,,0,,,,,0,,,,,0,105.00805555555556,105,188909,0,3212,0,3212,987,987,0,0,0,0,0,0,0,0,9.39927889130199
additional,+ persistence,0,5,5.0965161991814,11.126539103372046,0.08072673942949256,15.055218855218854,5,5.0965161991814,11.126539103372046,0.08072673942949256,15.055218855218854,5,0.009041472278567093,0.02005328783615314,5.243737336358187e-05,0.026984052120238862,5,0.0,0.0,0.0,0.0,5,0.0118678462819187,0.026223523596619773,0.00010066017180811952,0.035333071455293616,5,,,,,0,,,,,0,,,,,0,,,,,0,,,,,0,,,,,0,105.00805555555556,105,188909,0,2030,0,2030,634,634,0,0,0,0,0,0,0,0,6.037632033521238
additional,+ attribution overlap,0,5,7.661132998313188,16.24848953039286,0.16061739542840797,22.247786196966388,5,7.661132998313188,16.24848953039286,0.16061739542840797,22.247786196966388,5,0.01333389303927516,0.029176503670102133,0.0001614347086486838,0.03945655466653988,5,0.0,0.0,0.0,0.0,5,0.018497233151157078,0.04019678044971759,0.00026292258904894,0.05449514403292179,5,,,,,0,,,,,0,,,,,0,,,,,0,,,,,0,,,,,0,105.00805555555556,105,188909,0,2980,0,2980,939,939,0,0,0,0,0,0,0,0,8.942171103275145
additional,+ persistence + overlap,0,5,5.0165161991814005,10.94765617192573,0.08072673942949256,14.815218855218854,5,5.0165161991814005,10.94765617192573,0.08072673942949256,14.815218855218854,5,0.008787998126260254,0.0194865031014378,5.243737336358187e-05,0.026223629663318343,5,0.0,0.0,0.0,0.0,5,0.01165006850414092,0.02573655909465663,0.00010066017180811952,0.03467973812196028,5,,,,,0,,,,,0,,,,,0,,,,,0,,,,,0,,,,,0,105.00805555555556,105,188909,0,1973,0,1973,624,624,0,0,0,0,0,0,0,0,5.942401244348979
additional,+ persistence + overlap,30,5,1.9617013843665851,4.158382108378584,0.07458479199029826,5.684444444444444,5,1.9617013843665851,4.158382108378584,0.07458479199029826,5.684444444444444,5,0.008787998126260254,0.0194865031014378,5.243737336358187e-05,0.026223629663318343,5,0.0,0.0,0.0,0.0,5,0.01165006850414092,0.02573655909465663,0.00010066017180811952,0.03467973812196028,5,,,,,0,,,,,0,,,,,0,,,,,0,,,,,0,,,,,0,105.00805555555556,105,188909,0,1973,0,1973,242,242,0,0,0,0,0,0,0,0,2.3045850979686744
additional,+ persistence + overlap,60,5,1.3297013843665848,2.7453141799404897,0.07458479199029826,3.788444444444444,5,1.3297013843665848,2.7453141799404897,0.07458479199029826,3.788444444444444,5,0.008787998126260254,0.0194865031014378,5.243737336358187e-05,0.026223629663318343,5,0.0,0.0,0.0,0.0,5,0.01165006850414092,0.02573655909465663,0.00010066017180811952,0.03467973812196028,5,,,,,0,,,,,0,,,,,0,,,,,0,,,,,0,,,,,0,105.00805555555556,105,188909,0,1973,0,1973,163,163,0,0,0,0,0,0,0,0,1.552261863507826
additional,+ persistence + overlap,120,5,0.9057013843665848,1.7974185416899713,0.07458479199029826,2.5164444444444443,5,0.9057013843665848,1.7974185416899713,0.07458479199029826,2.5164444444444443,5,0.008787998126260254,0.0194865031014378,5.243737336358187e-05,0.026223629663318343,5,0.0,0.0,0.0,0.0,5,0.01165006850414092,0.02573655909465663,0.00010066017180811952,0.03467973812196028,5,,,,,0,,,,,0,,,,,0,,,,,0,,,,,0,,,,,0,105.00805555555556,105,188909,0,1973,0,1973,110,110,0,0,0,0,0,0,0,0,1.047538680894852
additional,Full overlap lag 4s,0,5,4.559218321921075,10.018260817971424,0.034180751586257864,13.525037037037038,5,4.559218321921075,10.018260817971424,0.034180751586257864,13.525037037037038,5,0.007884552101565055,0.017518096561404885,2.4053174032420265e-05,0.023558108117533488,5,0.0,0.0,0.0,0.0,4,0.010586404196073899,0.023461601105612077,4.302911792411967e-05,0.031583373893043575,5,,,,,0,,,,,0,,,,,0,,,,,0,,,,,0,,,,,0,105.00805555555556,105,188909,0,1773,0,1773,570,570,0,0,0,0,0,0,0,0,5.4281549828187785
additional,Full overlap lag 6s,0,5,4.271218321921075,9.37428968022029,0.034180751586257864,12.661037037037037,5,4.271218321921075,9.37428968022029,0.034180751586257864,12.661037037037037,5,0.007164151879219313,0.015907237562580865,2.4053174032420265e-05,0.021396907450496265,5,0.0,0.0,0.0,0.0,4,0.00975973752940724,0.02161312955554606,4.302911792411967e-05,0.0291033738930436,5,,,,,0,,,,,0,,,,,0,,,,,0,,,,,0,,,,,0,105.00805555555556,105,188909,0,1611,0,1611,534,534,0,0,0,0,0,0,0,0,5.085324141798645
additional,Full overlap lag 10s,0,5,4.047810914513668,8.895357583102236,0.034180751586257864,12.012363636363638,5,4.047810914513668,8.895357583102236,0.034180751586257864,12.012363636363638,5,0.006426293398170174,0.01426883449978286,2.0916673727308515e-05,0.019191567035039128,5,0.0,0.0,0.0,0.0,4,0.0089870626322879,0.01990834334929234,4.1810107035379835e-05,0.02680181010703538,5,,,,,0,,,,,0,,,,,0,,,,,0,,,,,0,,,,,0,105.00805555555556,105,188909,0,1445,0,1445,506,506,0,0,0,0,0,0,0,0,4.818677932116319
additional,Full overlap lag 20s,0,5,3.7851087917739923,8.214844612213076,0.08072673942949256,11.139479695442143,5,3.7851087917739923,8.214844612213076,0.08072673942949256,11.139479695442143,5,0.005710455982570245,0.012630548409861992,4.4873117917215755e-05,0.017011384778548296,5,0.0,0.0,0.0,0.0,5,0.008085676435304421,0.017803467280925543,8.969637714387982e-05,0.024017199661602363,5,,,,,0,,,,,0,,,,,0,,,,,0,,,,,0,,,,,0,105.00805555555556,105,188909,0,1281,0,1281,470,470,0,0,0,0,0,0,0,0,4.475847091096186
combined,Raw threshold 0.5,0,5,92.71034566874837,36.15336800899835,66.89177648814393,123.40588374669628,5,94.46486713891153,36.62081042620421,68.33885495786699,124.91057901156141,5,0.17516710662485427,0.09410011125654126,0.1055729124066465,0.2544674345397478,5,0.03450661213487452,0.024483891166344494,0.01819419793194546,0.05642218641899692,5,0.24233002768861445,0.11290655115805993,0.15602456277654153,0.3286354926006874,5,1.0,0.0,1.0,1.0,5,1.0,0.0,1.0,1.0,5,0.9142857142857143,0.191662969499982,0.7428571428571429,1.0,5,0.9142857142857143,0.191662969499982,0.7428571428571429,1.0,5,235.8,60.70172979413354,184.8,280.0,5,234.2,61.22662819394843,182.8,278.8,5,172.82944444444445,175,310916,5227,56172,1442,54730,16114,16388,27,24,3,0,27,24,3,0,93.23642769204064
combined,Raw threshold 0.5,30,5,17.985808612951274,2.636439244771728,16.061046180222423,20.181291724306515,5,18.383901796576275,2.7102199447765773,16.446113372498637,20.714094928916158,5,0.17516710662485427,0.09410011125654126,0.1055729124066465,0.2544674345397478,5,0.03450661213487452,0.024483891166344494,0.01819419793194546,0.05642218641899692,5,0.24233002768861445,0.11290655115805993,0.15602456277654153,0.3286354926006874,5,1.0,0.0,1.0,1.0,5,1.0,0.0,1.0,1.0,5,0.9142857142857143,0.191662969499982,0.7428571428571429,1.0,5,0.9142857142857143,0.191662969499982,0.7428571428571429,1.0,5,235.8,60.70172979413354,184.8,280.0,5,234.2,61.22662819394843,182.8,278.8,5,172.82944444444445,175,310916,5227,56172,1442,54730,3032,3096,27,24,3,0,27,24,3,0,17.543306985370933
combined,Raw threshold 0.5,60,5,8.938684366308717,1.7320245603511915,7.44127152970586,10.143798441984359,5,9.208698767655399,1.6827629432780375,7.779637546721693,10.376913583808639,5,0.17516710662485427,0.09410011125654126,0.1055729124066465,0.2544674345397478,5,0.03450661213487452,0.024483891166344494,0.01819419793194546,0.05642218641899692,5,0.24233002768861445,0.11290655115805993,0.15602456277654153,0.3286354926006874,5,1.0,0.0,1.0,1.0,5,1.0,0.0,1.0,1.0,5,0.9142857142857143,0.191662969499982,0.7428571428571429,1.0,5,0.9142857142857143,0.191662969499982,0.7428571428571429,1.0,5,235.8,60.70172979413354,184.8,280.0,5,234.2,61.22662819394843,182.8,278.8,5,172.82944444444445,175,310916,5227,56172,1442,54730,1528,1572,27,24,3,0,27,24,3,0,8.841086106084033
combined,Raw threshold 0.5,120,5,4.23186272858308,1.138887402756118,3.324051845119906,5.100863879228987,5,4.411516896431186,1.1178537955496808,3.517914420541139,5.260390338816291,5,0.17516710662485427,0.09410011125654126,0.1055729124066465,0.2544674345397478,5,0.03450661213487452,0.024483891166344494,0.01819419793194546,0.05642218641899692,5,0.24233002768861445,0.11290655115805993,0.15602456277654153,0.3286354926006874,5,1.0,0.0,1.0,1.0,5,1.0,0.0,1.0,1.0,5,0.9142857142857143,0.191662969499982,0.7428571428571429,1.0,5,0.9142857142857143,0.191662969499982,0.7428571428571429,1.0,5,235.8,60.70172979413354,184.8,280.0,5,234.2,61.22662819394843,182.8,278.8,5,172.82944444444445,175,310916,5227,56172,1442,54730,740,770,27,24,3,0,27,24,3,0,4.281677826244885
combined,Raw persistence 0.5,0,5,59.785679876095195,26.260465161416146,40.45597578135264,81.94704964548325,5,61.137782405653276,26.389463267815664,41.43898309646604,83.01465933871448,5,0.10786587493300966,0.08075797037077755,0.05503254201064907,0.17579998425767254,5,0.047546801438079676,0.036628408131613964,0.022015030931955983,0.07990487831039747,5,0.14177009762186565,0.09067552374261177,0.07826823501242319,0.21834251746473027,5,1.0,0.0,1.0,1.0,5,1.0,0.0,1.0,1.0,5,0.8571428571428571,0.2474358296526968,0.6285714285714284,1.0,5,0.8571428571428571,0.2474358296526968,0.6285714285714284,1.0,5,184.0,113.47466677633383,84.8,256.6,5,182.0,113.47466677633383,82.8,254.6,5,172.82944444444445,175,310916,5227,34990,1077,33913,10558,10771,27,22,5,0,27,22,5,0,61.089127688504725
combined,Raw overlap 0.5,0,5,86.67538085663969,33.658142924088295,61.68195593380766,116.07222428090954,5,88.43142020888348,34.02037111315018,63.340947648855305,118.03999916409312,5,0.15111729829816492,0.08168513582374266,0.09127476532783949,0.22069665169567063,5,0.03680064659536074,0.026603800680891194,0.019276307816106657,0.0608039367964449,5,0.21390301754529834,0.10192821248825448,0.1366099306664316,0.2933372985538609,5,1.0,0.0,1.0,1.0,5,1.0,0.0,1.0,1.0,5,0.8857142857142858,0.18626292586293283,0.7142857142857142,1.0,5,0.8857142857142858,0.18626292586293283,0.7142857142857142,1.0,5,234.6,61.31313073070075,182.8,279.2,5,233.0,61.84254199173899,180.8,278.0,5,172.82944444444445,175,310916,5227,48422,1313,47109,15107,15380,27,23,4,0,27,23,4,0,87.40987421767767
combined,Nominal raw-plus-isotonic,0,5,5.968226533226703,12.619043609079025,0.1569322694586153,17.295444575051143,5,6.247527829224195,12.606414739703197,0.43368747356664483,17.536818329384484,5,0.01110079460709928,0.022801281569207944,0.00054684632813334,0.0315596281658372,5,0.5205282817925467,0.3693552496146252,0.23527886995776903,0.8057776936273244,5,0.01527561985428402,0.031211156531464272,0.00083759969341984,0.04328029098575512,5,0.76,0.29318796645406403,0.5142857142857142,0.96,5,0.76,0.29318796645406403,0.5142857142857142,0.96,5,0.12,0.2683281572999748,0.0,0.36,5,0.12,0.2683281572999748,0.0,0.36,5,7.7,57.52999217799356,-23.2,59.3,5,5.7,57.52999217799356,-25.2,57.3,5,172.82944444444445,175,310916,5227,3847,215,3632,1157,1199,27,3,16,8,27,3,16,8,6.694461141845043
combined,Nominal full 0.5,0,5,3.6112804552913196,7.771426140744118,0.0607729702576146,10.584861240364646,5,3.8418172651138915,7.757831308108164,0.26830934856182065,10.796946375236008,5,0.006715082400563536,0.013922184757505769,0.0002556119797269523,0.019204674352170797,5,0.5951179741508866,0.39550625685415125,0.2595205891193267,0.885,5,0.00891690725994192,0.01838319403923333,0.00041184716654405997,0.02539062876416326,5,0.76,0.29318796645406403,0.5142857142857142,0.96,5,0.76,0.29318796645406403,0.5142857142857142,0.96,5,0.04,0.08944271909999159,0.0,0.12000000000000002,5,0.04,0.08944271909999159,0.0,0.12000000000000002,5,-17.4,10.807404868885039,-25.8,-9.0,5,-19.4,10.807404868885039,-27.8,-11.0,5,172.82944444444445,175,310916,5227,2334,160,2174,702,738,27,1,18,8,27,1,18,8,4.061807883816093
combined,Nominal full 0.5,30,5,1.4975238529930066,3.0771962256205,0.0607729702576146,4.266275922162908,5,1.6504673201163247,3.078169883141619,0.20592648399560645,4.406499832249116,5,0.006715082400563536,0.013922184757505769,0.0002556119797269523,0.019204674352170797,5,0.5951179741508866,0.39550625685415125,0.2595205891193267,0.885,5,0.00891690725994192,0.01838319403923333,0.00041184716654405997,0.02539062876416326,5,0.76,0.29318796645406403,0.5142857142857142,0.96,5,0.76,0.29318796645406403,0.5142857142857142,0.96,5,0.04,0.08944271909999159,0.0,0.12000000000000002,5,0.04,0.08944271909999159,0.0,0.12000000000000002,5,-17.4,10.807404868885039,-25.8,-9.0,5,-19.4,10.807404868885039,-27.8,-11.0,5,172.82944444444445,175,310916,5227,2334,160,2174,290,313,27,1,18,8,27,1,18,8,1.677954823798671
combined,Nominal full 0.5,60,5,1.0512666947482887,2.0948317060081867,0.05551004319301216,2.943293228622562,5,1.1942133552959295,2.1012499965992757,0.18719187970567536,3.077267274356253,5,0.006715082400563536,0.013922184757505769,0.0002556119797269523,0.019204674352170797,5,0.5951179741508866,0.39550625685415125,0.2595205891193267,0.885,5,0.00891690725994192,0.01838319403923333,0.00041184716654405997,0.02539062876416326,5,0.76,0.29318796645406403,0.5142857142857142,0.96,5,0.76,0.29318796645406403,0.5142857142857142,0.96,5,0.04,0.08944271909999159,0.0,0.12000000000000002,5,0.04,0.08944271909999159,0.0,0.12000000000000002,5,-17.4,10.807404868885039,-25.8,-9.0,5,-19.4,10.807404868885039,-27.8,-11.0,5,172.82944444444445,175,310916,5227,2334,160,2174,203,225,27,1,18,8,27,1,18,8,1.1745683766590698
combined,Nominal full 0.5,120,5,0.74872414079914,1.4194148548063716,0.05551004319301216,2.035665566775115,5,0.8765461548736602,1.4194594027076965,0.18165688106756434,2.1542560928164765,5,0.006715082400563536,0.013922184757505769,0.0002556119797269523,0.019204674352170797,5,0.5951179741508866,0.39550625685415125,0.2595205891193267,0.885,5,0.00891690725994192,0.01838319403923333,0.00041184716654405997,0.02539062876416326,5,0.76,0.29318796645406403,0.5142857142857142,0.96,5,0.76,0.29318796645406403,0.5142857142857142,0.96,5,0.04,0.08944271909999159,0.0,0.12000000000000002,5,0.04,0.08944271909999159,0.0,0.12000000000000002,5,-17.4,10.807404868885039,-25.8,-9.0,5,-19.4,10.807404868885039,-27.8,-11.0,5,172.82944444444445,175,310916,5227,2334,160,2174,144,164,27,1,18,8,27,1,18,8,0.8331913607827884
combined,Calibrated threshold only,0,5,6.043590892373096,12.619829844462908,0.2242922261913916,17.367944108153385,5,6.387804940036614,12.576344518179726,0.46075261792295896,17.690661159649174,5,0.011251478691911659,0.022790696844188798,0.0006337380034349002,0.03167013283370372,5,0.5086030603746045,0.3617278313078956,0.22833330358982903,0.7876867257554554,5,0.015529145219541522,0.031154866025929297,0.00099865241805008,0.04346298683426998,5,0.7885714285714286,0.29457683242930294,0.5314285714285714,0.9714285714285715,5,0.7885714285714286,0.29457683242930294,0.5314285714285714,0.9714285714285715,5,0.12,0.2683281572999748,0.0,0.36,5,0.12,0.2683281572999748,0.0,0.36,5,8.1,57.29572409874929,-22.6,59.3,5,6.1,57.29572409874929,-24.6,57.3,5,172.82944444444445,175,310916,5227,3881,234,3647,1166,1215,27,3,17,7,27,3,17,7,6.746535601893967
combined,+ persistence,0,5,3.6574310143683086,7.8746097897644445,0.0607729702576146,10.723312917595612,5,3.928017996027318,7.853743079598518,0.2888060314021617,10.977920648562371,5,0.006965158220457757,0.014411471736358752,0.00028873221164301235,0.01988021521241648,5,0.5997518247803517,0.40033768144351106,0.2619455328205872,0.8945029239766082,5,0.009143512949796519,0.018766040392069777,0.00046708946496059993,0.02597754869913742,5,0.7885714285714286,0.29457683242930294,0.5314285714285714,0.9714285714285715,5,0.7885714285714286,0.29457683242930294,0.5314285714285714,0.9714285714285715,5,0.08,0.17888543819998318,0.0,0.24000000000000005,5,0.08,0.17888543819998318,0.0,0.24000000000000005,5,0.7,49.87684833667821,-27.0,45.9,5,-1.3,49.87684833667821,-29.0,43.9,5,172.82944444444445,175,310916,5227,2419,167,2252,711,752,27,2,18,7,27,2,18,7,4.113882343865018
combined,+ attribution overlap,0,5,5.790969998512347,12.115948033180802,0.20324051793298192,16.660039256443024,5,6.135184046175865,12.073301494755304,0.4283586653179491,16.981194362152905,5,0.01047465143332916,0.0211617275623792,0.00058287014047772,0.02943962276988866,5,0.530667896767105,0.3541071219232856,0.24538425710293432,0.7976450742240215,5,0.0146406599657503,0.029342723863593233,0.0009250685724798601,0.0409678695395463,5,0.7885714285714286,0.29457683242930294,0.5314285714285714,0.9714285714285715,5,0.7885714285714286,0.29457683242930294,0.5314285714285714,0.9714285714285715,5,0.12,0.2683281572999748,0.0,0.36,5,0.12,0.2683281572999748,0.0,0.36,5,8.1,57.29572409874929,-22.6,59.3,5,6.1,57.29572409874929,-24.6,57.3,5,172.82944444444445,175,310916,5227,3611,232,3379,1117,1166,27,3,17,7,27,3,17,7,6.463019097183158
combined,+ persistence + overlap,0,5,3.601024775496433,7.748496484866788,0.0607729702576146,10.554094200979986,5,3.871611757155443,7.727652686090789,0.2888060314021617,10.808701931946747,5,0.006762781000721696,0.013959097091431028,0.00028873221164301235,0.0192730835532083,5,0.5999378950520956,0.4000062634503968,0.2625037436358191,0.8945029239766082,5,0.008981131353044158,0.01840305125995082,0.00046708946496059993,0.025490403908880337,5,0.7885714285714286,0.29457683242930294,0.5314285714285714,0.9714285714285715,5,0.7885714285714286,0.29457683242930294,0.5314285714285714,0.9714285714285715,5,0.08,0.17888543819998318,0.0,0.24000000000000005,5,0.08,0.17888543819998318,0.0,0.24000000000000005,5,0.7,49.87684833667821,-27.0,45.9,5,-1.3,49.87684833667821,-29.0,43.9,5,172.82944444444445,175,310916,5227,2348,167,2181,700,741,27,2,18,7,27,2,18,7,4.050235781582999
combined,+ persistence + overlap,30,5,1.4975238529930066,3.0771962256205,0.0607729702576146,4.266275922162908,5,1.6605270722257301,3.0866879836130714,0.21416243746396244,4.426815264153408,5,0.006762781000721696,0.013959097091431028,0.00028873221164301235,0.0192730835532083,5,0.5999378950520956,0.4000062634503968,0.2625037436358191,0.8945029239766082,5,0.008981131353044158,0.01840305125995082,0.00046708946496059993,0.025490403908880337,5,0.7885714285714286,0.29457683242930294,0.5314285714285714,0.9714285714285715,5,0.7885714285714286,0.29457683242930294,0.5314285714285714,0.9714285714285715,5,0.08,0.17888543819998318,0.0,0.24000000000000005,5,0.08,0.17888543819998318,0.0,0.24000000000000005,5,0.7,49.87684833667821,-27.0,45.9,5,-1.3,49.87684833667821,-29.0,43.9,5,172.82944444444445,175,310916,5227,2348,167,2181,290,315,27,2,18,7,27,2,18,7,1.677954823798671
combined,+ persistence + overlap,60,5,1.0512666947482887,2.0948317060081867,0.05551004319301216,2.943293228622562,5,1.2042731074053354,2.109732704327119,0.192123791917638,3.097582706260545,5,0.006762781000721696,0.013959097091431028,0.00028873221164301235,0.0192730835532083,5,0.5999378950520956,0.4000062634503968,0.2625037436358191,0.8945029239766082,5,0.008981131353044158,0.01840305125995082,0.00046708946496059993,0.025490403908880337,5,0.7885714285714286,0.29457683242930294,0.5314285714285714,0.9714285714285715,5,0.7885714285714286,0.29457683242930294,0.5314285714285714,0.9714285714285715,5,0.08,0.17888543819998318,0.0,0.24000000000000005,5,0.08,0.17888543819998318,0.0,0.24000000000000005,5,0.7,49.87684833667821,-27.0,45.9,5,-1.3,49.87684833667821,-29.0,43.9,5,172.82944444444445,175,310916,5227,2348,167,2181,203,227,27,2,18,7,27,2,18,7,1.1745683766590698
combined,+ persistence + overlap,120,5,0.74872414079914,1.4194148548063716,0.05551004319301216,2.035665566775115,5,0.8866059069830661,1.4278843118921571,0.1915207054914896,2.174571524720769,5,0.006762781000721696,0.013959097091431028,0.00028873221164301235,0.0192730835532083,5,0.5999378950520956,0.4000062634503968,0.2625037436358191,0.8945029239766082,5,0.008981131353044158,0.01840305125995082,0.00046708946496059993,0.025490403908880337,5,0.7885714285714286,0.29457683242930294,0.5314285714285714,0.9714285714285715,5,0.7885714285714286,0.29457683242930294,0.5314285714285714,0.9714285714285715,5,0.08,0.17888543819998318,0.0,0.24000000000000005,5,0.08,0.17888543819998318,0.0,0.24000000000000005,5,0.7,49.87684833667821,-27.0,45.9,5,-1.3,49.87684833667821,-29.0,43.9,5,172.82944444444445,175,310916,5227,2348,167,2181,144,166,27,2,18,7,27,2,18,7,0.8331913607827884
combined,Full overlap lag 4s,0,5,3.2718802435604046,7.086755978119109,0.03551643004165776,9.625260470362015,5,3.542467225219414,7.065857456936603,0.27176205986123786,9.89107746352362,5,0.006103807067175503,0.01252724538862419,0.0002773243197292069,0.017331293278246843,5,0.6290836601307189,0.40332427760250694,0.2775777777777778,0.9202614379084967,5,0.00820803681459614,0.016757068625665617,0.00044428650862182,0.02323757842776884,5,0.7885714285714286,0.29457683242930294,0.5314285714285714,0.9714285714285715,5,0.7885714285714286,0.29457683242930294,0.5314285714285714,0.9714285714285715,5,0.08,0.17888543819998318,0.0,0.24000000000000005,5,0.08,0.17888543819998318,0.0,0.24000000000000005,5,0.7,49.87684833667821,-27.0,45.9,5,-1.3,49.87684833667821,-29.0,43.9,5,172.82944444444445,175,310916,5227,2118,166,1952,637,678,27,2,18,7,27,2,18,7,3.685714561240529
combined,Full overlap lag 6s,0,5,3.081063602803292,6.691490538739156,0.03551643004165776,9.07549503678388,5,3.336523832973774,6.679655839346652,0.23567231777949785,9.338711401827446,5,0.005566567273094571,0.011393297521649514,0.00026050710757994153,0.015773398601116432,5,0.6015067155067155,0.42921392113944934,0.2477582417582417,0.9202539682539683,5,0.00759086856050106,0.015485486367566494,0.00041067150531397993,0.0215026592624672,5,0.7314285714285715,0.35202040757169006,0.42857142857142855,0.96,5,0.7314285714285715,0.35202040757169006,0.42857142857142855,0.96,5,0.08,0.17888543819998318,0.0,0.24000000000000005,5,0.08,0.17888543819998318,0.0,0.24000000000000005,5,-0.7,50.86698339787804,-29.2,45.5,5,-2.7,50.86698339787804,-31.2,43.5,5,172.82944444444445,175,310916,5227,1930,160,1770,600,638,27,2,16,9,27,2,16,9,3.471630669928285
combined,Full overlap lag 10s,0,5,2.879447999975437,6.287893344820355,0.03551643004165776,8.507896912861225,5,3.125848666232467,6.28038100085093,0.23316300605739748,8.76222020421038,5,0.005020912100507203,0.010263596306554592,0.00024427790009124686,0.014218202435063124,5,0.640665289948094,0.40803202025999646,0.28236200256739413,0.931807780320366,5,0.00697679620424522,0.014235059761609329,0.00039467187060942,0.019748949045205362,5,0.76,0.29318796645406403,0.5142857142857142,0.96,5,0.76,0.29318796645406403,0.5142857142857142,0.96,5,0.04,0.08944271909999159,0.0,0.12000000000000002,5,0.04,0.08944271909999159,0.0,0.12000000000000002,5,-19.5,14.186260959111108,-30.0,-8.3,5,-21.5,14.186260959111108,-32.0,-10.3,5,172.82944444444445,175,310916,5227,1741,153,1588,561,599,27,1,18,8,27,1,18,8,3.2459746763829465
combined,Full overlap lag 20s,0,5,2.6589651191077084,5.780571331580392,0.04025030955273252,7.838734144115511,5,2.8631567191472027,5.825817289741359,0.1584832204880836,8.093427888439336,5,0.004421566528515072,0.009101126311984788,0.00017663999010342538,0.012583122136212033,5,0.5431595677050222,0.4774758546845573,0.18826446280991735,0.8967132867132868,5,0.006221161868802827,0.012786928947192511,0.00028716809582759426,0.01767389970820224,5,0.5961904761904762,0.3381690060369089,0.29333333333333333,0.7828571428571429,5,0.5961904761904762,0.3381690060369089,0.29333333333333333,0.7828571428571429,5,0.08,0.17888543819998318,0.0,0.24000000000000005,5,0.08,0.17888543819998318,0.0,0.24000000000000005,5,0.0,59.4740839918251,-35.75,60.0,4,-2.0,59.4740839918251,-37.75,58.0,4,172.82944444444445,175,310916,5227,1536,133,1403,517,549,27,2,13,12,27,2,13,12,2.991388427254872
