fold,subject,collection,method,auroc,auprc,brier,ece,maximum,prevalence,auroc_reference,auprc_reference,brier_reference
loso_chb01,chb01,original,raw,0.5341929215740335,0.1045709333624254,0.1405719949737912,0.2660873083138889,0.9899586587553608,0.0382345009438767,0.5341929215740335,0.1045709333624254,0.1405719949737912
loso_chb01,chb01,original,sigmoid,0.5341929215740335,0.1045709333624254,0.0365348352330016,0.004043404927708,0.1774552928555855,0.0382345009438767,0.5341929215740335,0.1045709333624254,0.0365348352330016
loso_chb01,chb01,original,isotonic,0.5489668464801495,0.0916528563957184,0.0356740029216496,0.0044270246055084,1.0,0.0382345009438767,0.5489668464801495,0.0916528563957184,0.0356740029216496
loso_chb02,chb02,original,raw,0.6517180773295916,0.1733354645238034,0.1422279664322878,0.2764612939209758,0.9896962527809748,0.0303967720242098,0.6517180773295916,0.1733354645238034,0.1422279664322878
loso_chb02,chb02,original,sigmoid,0.6517180773295916,0.1733354645238034,0.0282481513556017,0.0057909957513618,0.293410189654023,0.0303967720242098,0.6517180773295916,0.1733354645238034,0.0282481513556017
loso_chb02,chb02,original,isotonic,0.5779360883703629,0.156050675830232,0.0268896467285694,0.0025230084005826,1.0,0.0303967720242098,0.5779360883703629,0.156050675830232,0.0268896467285694
loso_chb03,chb03,original,raw,0.5892118535921167,0.1072538994735806,0.0719019693159967,0.0748902948537767,0.982722788126658,0.0537050498139992,0.5892118535921167,0.1072538994735806,0.0719019693159967
loso_chb03,chb03,original,sigmoid,0.5892118535921167,0.1072538994735806,0.0521642201547941,0.0461838559321533,0.4060210409640955,0.0537050498139992,0.5892118535921167,0.1072538994735806,0.0521642201547941
loso_chb03,chb03,original,isotonic,0.5906789068968882,0.1006804318089997,0.0524444478460246,0.0459009680174598,1.0,0.0537050498139992,0.5906789068968882,0.1006804318089997,0.0524444478460246
loso_chb05,chb05,original,raw,0.6679261599039061,0.0759033292349021,0.1702533655725775,0.2352936343429086,0.9963431158918712,0.0409273153110237,0.6679261599039061,0.0759033292349021,0.1702533655725775
loso_chb05,chb05,original,sigmoid,0.6679261599039061,0.0759033292349021,0.0401092453108517,0.0207446586180498,0.5416816747433328,0.0409273153110237,0.6679261599039061,0.0759033292349021,0.0401092453108517
loso_chb05,chb05,original,isotonic,0.6538744692672838,0.0716706206436212,0.0472962259095352,0.0296308216155699,1.0,0.0409273153110237,0.6538744692672838,0.0716706206436212,0.0472962259095352
loso_chb08,chb08,original,raw,0.6185410810831646,0.203118925382985,0.1110861465903037,0.2015223145436019,0.9902498494457272,0.0481219725244183,0.6185410810831646,0.203118925382985,0.1110861465903037
loso_chb08,chb08,original,sigmoid,0.6185410810831646,0.203118925382985,0.045425754756294,0.0220588881317117,0.1572299067729549,0.0481219725244183,0.6185410810831646,0.203118925382985,0.045425754756294
loso_chb08,chb08,original,isotonic,0.6301018037692648,0.1815966716671091,0.0443991857519161,0.0227477547474822,1.0,0.0481219725244183,0.6301018037692648,0.1815966716671091,0.0443991857519161
